condition,p_semantic,p_social,rep,period,repertoire_size,max_level,mean_score
random,0.0,0.0,0,0,0,0,0.0
random,0.0,0.0,0,1,4,1,27.3
random,0.0,0.0,0,2,5,2,37.8
random,0.0,0.0,0,3,7,3,46.8
random,0.0,0.0,0,4,8,3,53.1
random,0.0,0.0,0,5,8,3,56.7
random,0.0,0.0,0,6,8,3,60.3
random,0.0,0.0,0,7,8,3,63.9
random,0.0,0.0,0,8,8,3,69.6
random,0.0,0.0,0,9,8,3,73.2
random,0.0,0.0,0,10,9,4,74.7
random,0.0,0.0,0,11,10,4,76.5
random,0.0,0.0,0,12,10,4,77.7
random,0.0,0.0,0,13,10,4,80.1
random,0.0,0.0,0,14,10,4,82.8
random,0.0,0.0,0,15,10,4,85.2
random,0.0,0.0,0,16,10,4,89.1
random,0.0,0.0,0,17,10,4,91.2
random,0.0,0.0,0,18,10,4,92.1
random,0.0,0.0,0,19,10,4,93.6
random,0.0,0.0,0,20,10,4,91.2
random,0.0,0.0,0,21,11,5,93.4
random,0.0,0.0,0,22,11,5,95.0
random,0.0,0.0,0,23,12,5,104.4
random,0.0,0.0,0,24,13,6,108.5
random,0.0,0.0,0,25,14,6,117.3
random,0.0,0.0,0,26,14,6,114.9
random,0.0,0.0,0,27,14,6,116.1
random,0.0,0.0,0,28,14,6,123.7
random,0.0,0.0,0,29,14,6,132.3
random,0.0,0.0,0,30,14,6,108.9
random,0.0,0.0,0,31,14,6,99.8
random,0.0,0.0,0,32,14,6,94.1
random,0.0,0.0,0,33,14,6,94.4
random,0.0,0.0,0,34,14,6,91.7
random,0.0,0.0,0,35,14,6,90.0
random,0.0,0.0,0,36,13,6,81.3
random,0.0,0.0,0,37,13,6,87.3
random,0.0,0.0,0,38,11,5,65.2
random,0.0,0.0,0,39,11,5,57.1
random,0.0,0.0,0,40,9,4,59.1
random,0.0,0.0,0,41,9,4,61.5
random,0.0,0.0,0,42,9,4,66.9
random,0.0,0.0,0,43,9,4,70.8
random,0.0,0.0,0,44,9,4,70.2
random,0.0,0.0,0,45,9,4,73.2
random,0.0,0.0,0,46,9,4,78.6
random,0.0,0.0,0,47,9,4,79.5
random,0.0,0.0,0,48,9,4,84.3
random,0.0,0.0,0,49,10,4,84.0
random,0.0,0.0,0,50,10,4,87.3
random,0.0,0.0,0,51,10,4,88.5
random,0.0,0.0,0,52,10,4,90.9
random,0.0,0.0,0,53,10,4,92.4
random,0.0,0.0,0,54,10,4,87.6
random,0.0,0.0,0,55,9,4,81.6
random,0.0,0.0,0,56,9,4,84.6
random,0.0,0.0,0,57,9,4,83.7
random,0.0,0.0,0,58,9,4,86.4
random,0.0,0.0,0,59,9,4,88.2
random,0.0,0.0,0,60,9,4,88.2
random,0.0,0.0,0,61,9,4,85.8
random,0.0,0.0,0,62,9,4,88.2
random,0.0,0.0,0,63,9,4,87.0
random,0.0,0.0,0,64,9,4,81.3
random,0.0,0.0,0,65,9,4,83.4
random,0.0,0.0,0,66,10,4,83.1
random,0.0,0.0,0,67,10,4,84.9
random,0.0,0.0,0,68,10,4,85.5
random,0.0,0.0,0,69,10,4,87.3
random,0.0,0.0,0,70,10,4,81.6
random,0.0,0.0,0,71,10,4,69.3
random,0.0,0.0,0,72,10,4,73.8
random,0.0,0.0,0,73,11,5,79.6
random,0.0,0.0,0,74,12,5,80.6
random,0.0,0.0,0,75,12,5,76.4
random,0.0,0.0,0,76,12,5,75.8
random,0.0,0.0,0,77,11,5,87.1
random,0.0,0.0,0,78,11,5,88.9
random,0.0,0.0,0,79,11,5,91.6
random,0.0,0.0,0,80,11,5,89.2
random,0.0,0.0,0,81,11,5,91.0
random,0.0,0.0,0,82,11,5,94.3
random,0.0,0.0,0,83,11,5,97.3
random,0.0,0.0,0,84,11,5,98.2
random,0.0,0.0,0,85,12,5,100.0
random,0.0,0.0,0,86,12,5,102.4
random,0.0,0.0,0,87,13,6,119.7
random,0.0,0.0,0,88,14,6,120.5
random,0.0,0.0,0,89,12,5,96.7
random,0.0,0.0,0,90,12,5,84.2
random,0.0,0.0,0,91,14,6,98.3
random,0.0,0.0,0,92,14,6,97.7
random,0.0,0.0,0,93,14,6,100.4
random,0.0,0.0,0,94,14,6,102.8
random,0.0,0.0,0,95,14,6,104.6
random,0.0,0.0,0,96,14,6,106.7
random,0.0,0.0,0,97,14,6,103.1
random,0.0,0.0,0,98,14,6,103.4
random,0.0,0.0,0,99,14,6,103.4
random,0.0,0.0,0,100,14,6,101.6
random,0.0,0.0,0,101,15,7,102.9
random,0.0,0.0,0,102,15,7,107.8
random,0.0,0.0,0,103,15,7,104.0
random,0.0,0.0,0,104,15,7,98.8
random,0.0,0.0,0,105,15,7,102.4
random,0.0,0.0,0,106,15,7,109.4
random,0.0,0.0,0,107,17,7,122.6
random,0.0,0.0,0,108,17,7,122.3
random,0.0,0.0,0,109,17,7,120.8
random,0.0,0.0,0,110,17,7,122.6
random,0.0,0.0,0,111,14,6,97.8
random,0.0,0.0,0,112,14,6,90.9
random,0.0,0.0,0,113,14,6,94.2
random,0.0,0.0,0,114,14,6,89.1
random,0.0,0.0,0,115,14,6,94.9
random,0.0,0.0,0,116,14,6,99.4
random,0.0,0.0,0,117,14,6,104.2
random,0.0,0.0,0,118,14,6,103.0
random,0.0,0.0,0,119,14,6,104.5
random,0.0,0.0,0,120,14,6,100.3
random,0.0,0.0,0,121,14,6,102.4
random,0.0,0.0,0,122,14,6,103.9
random,0.0,0.0,0,123,14,6,105.1
random,0.0,0.0,0,124,14,6,98.1
random,0.0,0.0,0,125,14,6,100.8
random,0.0,0.0,0,126,12,5,90.8
random,0.0,0.0,0,127,12,5,96.3
random,0.0,0.0,0,128,12,5,101.5
random,0.0,0.0,0,129,13,6,104.5
random,0.0,0.0,0,130,13,6,105.4
random,0.0,0.0,0,131,13,6,107.2
random,0.0,0.0,0,132,13,6,112.7
random,0.0,0.0,0,133,13,6,107.9
random,0.0,0.0,0,134,13,6,105.8
random,0.0,0.0,0,135,13,6,108.2
random,0.0,0.0,0,136,13,6,108.5
random,0.0,0.0,0,137,13,6,105.8
random,0.0,0.0,0,138,13,6,105.8
random,0.0,0.0,0,139,13,6,108.2
random,0.0,0.0,0,140,13,6,108.2
random,0.0,0.0,0,141,13,6,104.6
random,0.0,0.0,0,142,13,6,90.3
random,0.0,0.0,0,143,13,6,85.7
random,0.0,0.0,0,144,13,6,81.8
random,0.0,0.0,0,145,9,4,69.9
random,0.0,0.0,0,146,9,4,73.2
random,0.0,0.0,0,147,9,4,69.9
random,0.0,0.0,0,148,9,4,72.3
random,0.0,0.0,0,149,11,5,77.2
random,0.0,0.0,0,150,11,5,75.7
random,0.0,0.0,1,0,0,0,0.0
random,0.0,0.0,1,1,5,2,22.2
random,0.0,0.0,1,2,6,2,36.3
random,0.0,0.0,1,3,7,3,47.1
random,0.0,0.0,1,4,7,3,53.7
random,0.0,0.0,1,5,7,3,57.3
random,0.0,0.0,1,6,8,3,60.9
random,0.0,0.0,1,7,8,3,64.2
random,0.0,0.0,1,8,9,4,67.5
random,0.0,0.0,1,9,9,4,70.2
random,0.0,0.0,1,10,9,4,72.6
random,0.0,0.0,1,11,9,4,76.2
random,0.0,0.0,1,12,10,4,78.6
random,0.0,0.0,1,13,10,4,81.3
random,0.0,0.0,1,14,10,4,80.4
random,0.0,0.0,1,15,10,4,82.8
random,0.0,0.0,1,16,10,4,84.9
random,0.0,0.0,1,17,10,4,86.4
random,0.0,0.0,1,18,10,4,87.6
random,0.0,0.0,1,19,11,5,96.1
random,0.0,0.0,1,20,11,5,97.9
random,0.0,0.0,1,21,11,5,100.9
random,0.0,0.0,1,22,11,5,103.0
random,0.0,0.0,1,23,11,5,97.9
random,0.0,0.0,1,24,12,6,105.5
random,0.0,0.0,1,25,12,6,104.6
random,0.0,0.0,1,26,12,6,101.0
random,0.0,0.0,1,27,12,6,103.7
random,0.0,0.0,1,28,12,6,102.5
random,0.0,0.0,1,29,13,6,109.6
random,0.0,0.0,1,30,10,4,78.3
random,0.0,0.0,1,31,10,4,76.5
random,0.0,0.0,1,32,10,4,78.0
random,0.0,0.0,1,33,10,4,82.8
random,0.0,0.0,1,34,11,5,79.0
random,0.0,0.0,1,35,11,5,82.3
random,0.0,0.0,1,36,11,5,79.1
random,0.0,0.0,1,37,11,5,68.9
random,0.0,0.0,1,38,12,5,74.1
random,0.0,0.0,1,39,11,5,59.8
random,0.0,0.0,1,40,11,5,63.1
random,0.0,0.0,1,41,11,5,67.3
random,0.0,0.0,1,42,11,5,70.0
random,0.0,0.0,1,43,11,5,73.9
random,0.0,0.0,1,44,11,5,76.9
random,0.0,0.0,1,45,11,5,80.8
random,0.0,0.0,1,46,12,5,89.9
random,0.0,0.0,1,47,12,5,91.1
random,0.0,0.0,1,48,12,5,93.5
random,0.0,0.0,1,49,12,5,94.7
random,0.0,0.0,1,50,12,5,95.6
random,0.0,0.0,1,51,12,5,97.4
random,0.0,0.0,1,52,12,5,97.7
random,0.0,0.0,1,53,12,5,98.9
random,0.0,0.0,1,54,11,5,92.5
random,0.0,0.0,1,55,11,5,92.5
random,0.0,0.0,1,56,11,5,93.7
random,0.0,0.0,1,57,11,5,92.5
random,0.0,0.0,1,58,12,6,97.1
random,0.0,0.0,1,59,12,6,98.3
random,0.0,0.0,1,60,12,6,95.0
random,0.0,0.0,1,61,12,6,94.1
random,0.0,0.0,1,62,12,6,95.3
random,0.0,0.0,1,63,12,6,95.6
random,0.0,0.0,1,64,12,6,91.1
random,0.0,0.0,1,65,12,6,91.7
random,0.0,0.0,1,66,10,4,70.8
random,0.0,0.0,1,67,10,4,71.7
random,0.0,0.0,1,68,11,5,75.1
random,0.0,0.0,1,69,11,5,76.6
random,0.0,0.0,1,70,11,5,74.8
random,0.0,0.0,1,71,12,6,75.1
random,0.0,0.0,1,72,10,4,69.9
random,0.0,0.0,1,73,10,4,72.9
random,0.0,0.0,1,74,10,4,72.9
random,0.0,0.0,1,75,10,4,75.9
random,0.0,0.0,1,76,10,4,78.6
random,0.0,0.0,1,77,10,4,81.0
random,0.0,0.0,1,78,10,4,81.6
random,0.0,0.0,1,79,10,4,85.2
random,0.0,0.0,1,80,10,4,87.3
random,0.0,0.0,1,81,10,4,89.7
random,0.0,0.0,1,82,11,5,91.3
random,0.0,0.0,1,83,11,5,89.0
random,0.0,0.0,1,84,11,5,92.0
random,0.0,0.0,1,85,11,5,91.1
random,0.0,0.0,1,86,11,5,91.4
random,0.0,0.0,1,87,11,5,91.0
random,0.0,0.0,1,88,12,5,88.9
random,0.0,0.0,1,89,13,6,92.8
random,0.0,0.0,1,90,13,6,91.9
random,0.0,0.0,1,91,13,6,93.4
random,0.0,0.0,1,92,14,6,99.8
random,0.0,0.0,1,93,14,6,94.4
random,0.0,0.0,1,94,14,6,97.1
random,0.0,0.0,1,95,14,6,97.4
random,0.0,0.0,1,96,13,6,93.2
random,0.0,0.0,1,97,13,6,95.9
random,0.0,0.0,1,98,13,6,90.2
random,0.0,0.0,1,99,13,6,80.6
random,0.0,0.0,1,100,14,6,80.8
random,0.0,0.0,1,101,10,4,63.6
random,0.0,0.0,1,102,10,4,64.2
random,0.0,0.0,1,103,10,4,66.0
random,0.0,0.0,1,104,10,4,70.8
random,0.0,0.0,1,105,10,4,65.4
random,0.0,0.0,1,106,11,5,77.2
random,0.0,0.0,1,107,11,5,79.6
random,0.0,0.0,1,108,11,5,77.2
random,0.0,0.0,1,109,11,5,86.3
random,0.0,0.0,1,110,11,5,88.1
random,0.0,0.0,1,111,11,5,92.0
random,0.0,0.0,1,112,11,5,94.1
random,0.0,0.0,1,113,11,5,94.1
random,0.0,0.0,1,114,12,6,105.3
random,0.0,0.0,1,115,12,6,96.2
random,0.0,0.0,1,116,12,6,94.4
random,0.0,0.0,1,117,10,4,80.7
random,0.0,0.0,1,118,10,4,79.5
random,0.0,0.0,1,119,11,5,82.3
random,0.0,0.0,1,120,11,5,83.2
random,0.0,0.0,1,121,11,5,82.6
random,0.0,0.0,1,122,11,5,85.3
random,0.0,0.0,1,123,11,5,83.2
random,0.0,0.0,1,124,11,5,86.2
random,0.0,0.0,1,125,11,5,82.6
random,0.0,0.0,1,126,11,5,85.9
random,0.0,0.0,1,127,11,5,82.0
random,0.0,0.0,1,128,11,5,83.8
random,0.0,0.0,1,129,11,5,86.2
random,0.0,0.0,1,130,11,5,87.4
random,0.0,0.0,1,131,11,5,88.9
random,0.0,0.0,1,132,11,5,87.4
random,0.0,0.0,1,133,11,5,82.9
random,0.0,0.0,1,134,10,4,77.4
random,0.0,0.0,1,135,11,5,82.6
random,0.0,0.0,1,136,11,5,80.2
random,0.0,0.0,1,137,11,5,87.5
random,0.0,0.0,1,138,11,5,81.2
random,0.0,0.0,1,139,11,5,78.4
random,0.0,0.0,1,140,11,5,81.1
random,0.0,0.0,1,141,11,5,81.7
random,0.0,0.0,1,142,12,6,88.1
random,0.0,0.0,1,143,12,6,92.6
random,0.0,0.0,1,144,12,6,96.2
random,0.0,0.0,1,145,12,6,96.2
random,0.0,0.0,1,146,12,6,96.2
random,0.0,0.0,1,147,12,6,94.4
random,0.0,0.0,1,148,12,6,93.8
random,0.0,0.0,1,149,12,6,96.5
random,0.0,0.0,1,150,12,6,92.6
random,0.0,0.0,2,0,0,0,0.0
random,0.0,0.0,2,1,5,2,22.5
random,0.0,0.0,2,2,7,3,36.3
random,0.0,0.0,2,3,7,3,45.0
random,0.0,0.0,2,4,7,3,51.3
random,0.0,0.0,2,5,7,3,57.3
random,0.0,0.0,2,6,8,3,61.5
random,0.0,0.0,2,7,8,3,63.9
random,0.0,0.0,2,8,8,3,66.9
random,0.0,0.0,2,9,8,3,69.0
random,0.0,0.0,2,10,8,3,70.2
random,0.0,0.0,2,11,8,3,72.6
random,0.0,0.0,2,12,8,3,75.0
random,0.0,0.0,2,13,8,3,75.0
random,0.0,0.0,2,14,8,3,76.8
random,0.0,0.0,2,15,10,4,79.5
random,0.0,0.0,2,16,10,4,81.3
random,0.0,0.0,2,17,12,5,98.4
random,0.0,0.0,2,18,13,6,102.2
random,0.0,0.0,2,19,13,6,103.7
random,0.0,0.0,2,20,13,6,106.2
random,0.0,0.0,2,21,13,6,108.5
random,0.0,0.0,2,22,13,6,108.8
random,0.0,0.0,2,23,13,6,110.3
random,0.0,0.0,2,24,14,6,123.4
random,0.0,0.0,2,25,14,6,124.3
random,0.0,0.0,2,26,14,6,128.0
random,0.0,0.0,2,27,15,7,137.6
random,0.0,0.0,2,28,16,7,137.7
random,0.0,0.0,2,29,17,7,140.5
random,0.0,0.0,2,30,16,7,123.6
random,0.0,0.0,2,31,16,7,124.5
random,0.0,0.0,2,32,16,7,111.4
random,0.0,0.0,2,33,16,7,109.9
random,0.0,0.0,2,34,16,7,115.3
random,0.0,0.0,2,35,16,7,111.4
random,0.0,0.0,2,36,11,5,73.3
random,0.0,0.0,2,37,11,5,69.4
random,0.0,0.0,2,38,10,4,57.3
random,0.0,0.0,2,39,10,4,60.6
random,0.0,0.0,2,40,10,4,65.7
random,0.0,0.0,2,41,10,4,64.2
random,0.0,0.0,2,42,10,4,66.6
random,0.0,0.0,2,43,10,4,70.5
random,0.0,0.0,2,44,10,4,73.5
random,0.0,0.0,2,45,10,4,75.3
random,0.0,0.0,2,46,11,5,82.3
random,0.0,0.0,2,47,11,5,85.3
random,0.0,0.0,2,48,11,5,87.7
random,0.0,0.0,2,49,11,5,89.2
random,0.0,0.0,2,50,11,5,92.8
random,0.0,0.0,2,51,11,5,90.4
random,0.0,0.0,2,52,11,5,91.0
random,0.0,0.0,2,53,11,5,93.7
random,0.0,0.0,2,54,11,5,91.6
random,0.0,0.0,2,55,11,5,94.0
random,0.0,0.0,2,56,11,5,95.5
random,0.0,0.0,2,57,11,5,97.6
random,0.0,0.0,2,58,12,5,107.8
random,0.0,0.0,2,59,12,5,106.6
random,0.0,0.0,2,60,12,5,102.7
random,0.0,0.0,2,61,12,5,102.7
random,0.0,0.0,2,62,12,5,93.3
random,0.0,0.0,2,63,12,5,97.2
random,0.0,0.0,2,64,12,5,90.9
random,0.0,0.0,2,65,12,5,89.7
random,0.0,0.0,2,66,12,5,84.2
random,0.0,0.0,2,67,13,6,86.6
random,0.0,0.0,2,68,13,6,78.5
random,0.0,0.0,2,69,14,7,79.7
random,0.0,0.0,2,70,14,7,74.9
random,0.0,0.0,2,71,14,7,74.9
random,0.0,0.0,2,72,14,7,83.4
random,0.0,0.0,2,73,14,7,87.0
random,0.0,0.0,2,74,14,7,87.0
random,0.0,0.0,2,75,14,7,80.3
random,0.0,0.0,2,76,11,5,70.6
random,0.0,0.0,2,77,11,5,71.5
random,0.0,0.0,2,78,11,5,75.4
random,0.0,0.0,2,79,12,5,81.5
random,0.0,0.0,2,80,12,5,84.3
random,0.0,0.0,2,81,12,5,87.6
random,0.0,0.0,2,82,12,5,90.6
random,0.0,0.0,2,83,12,5,87.3
random,0.0,0.0,2,84,12,5,90.6
random,0.0,0.0,2,85,12,5,89.1
random,0.0,0.0,2,86,12,5,87.3
random,0.0,0.0,2,87,13,6,98.5
random,0.0,0.0,2,88,13,6,99.4
random,0.0,0.0,2,89,13,6,102.4
random,0.0,0.0,2,90,13,6,100.3
random,0.0,0.0,2,91,13,6,101.5
random,0.0,0.0,2,92,14,6,105.6
random,0.0,0.0,2,93,14,6,106.2
random,0.0,0.0,2,94,14,6,109.0
random,0.0,0.0,2,95,14,6,109.6
random,0.0,0.0,2,96,14,7,103.3
random,0.0,0.0,2,97,14,7,98.5
random,0.0,0.0,2,98,14,7,102.4
random,0.0,0.0,2,99,14,7,106.9
random,0.0,0.0,2,100,15,7,116.0
random,0.0,0.0,2,101,15,7,108.2
random,0.0,0.0,2,102,15,7,107.9
random,0.0,0.0,2,103,14,7,94.9
random,0.0,0.0,2,104,15,7,94.9
random,0.0,0.0,2,105,14,7,74.7
random,0.0,0.0,2,106,14,7,74.1
random,0.0,0.0,2,107,9,4,64.5
random,0.0,0.0,2,108,9,4,69.6
random,0.0,0.0,2,109,9,4,71.7
random,0.0,0.0,2,110,9,4,75.6
random,0.0,0.0,2,111,9,4,78.6
random,0.0,0.0,2,112,9,4,80.4
random,0.0,0.0,2,113,10,5,89.2
random,0.0,0.0,2,114,11,6,96.5
random,0.0,0.0,2,115,11,6,98.0
random,0.0,0.0,2,116,10,5,86.2
random,0.0,0.0,2,117,11,5,97.5
random,0.0,0.0,2,118,12,5,97.5
random,0.0,0.0,2,119,13,6,99.9
random,0.0,0.0,2,120,13,6,100.8
random,0.0,0.0,2,121,13,6,102.9
random,0.0,0.0,2,122,13,6,104.4
random,0.0,0.0,2,123,11,5,108.9
random,0.0,0.0,2,124,13,6,117.5
random,0.0,0.0,2,125,15,7,130.9
random,0.0,0.0,2,126,16,7,128.2
random,0.0,0.0,2,127,16,7,133.7
random,0.0,0.0,2,128,16,7,137.9
random,0.0,0.0,2,129,17,8,155.7
random,0.0,0.0,2,130,14,6,94.0
random,0.0,0.0,2,131,14,6,94.9
random,0.0,0.0,2,132,14,6,96.7
random,0.0,0.0,2,133,14,6,106.4
random,0.0,0.0,2,134,14,6,106.5
random,0.0,0.0,2,135,14,6,98.9
random,0.0,0.0,2,136,15,7,105.3
random,0.0,0.0,2,137,15,7,103.8
random,0.0,0.0,2,138,15,7,92.9
random,0.0,0.0,2,139,15,7,98.7
random,0.0,0.0,2,140,16,7,105.4
random,0.0,0.0,2,141,16,7,107.5
random,0.0,0.0,2,142,17,7,120.1
random,0.0,0.0,2,143,17,7,119.2
random,0.0,0.0,2,144,12,6,79.7
random,0.0,0.0,2,145,12,6,83.9
random,0.0,0.0,2,146,13,6,94.8
random,0.0,0.0,2,147,13,6,95.1
random,0.0,0.0,2,148,14,6,105.8
random,0.0,0.0,2,149,14,6,110.7
random,0.0,0.0,2,150,14,6,102.7
random,0.0,0.0,3,0,0,0,0.0
random,0.0,0.0,3,1,4,1,24.6
random,0.0,0.0,3,2,6,3,35.4
random,0.0,0.0,3,3,7,3,45.3
random,0.0,0.0,3,4,7,3,51.9
random,0.0,0.0,3,5,7,3,55.8
random,0.0,0.0,3,6,8,3,60.6
random,0.0,0.0,3,7,8,3,63.6
random,0.0,0.0,3,8,10,4,67.2
random,0.0,0.0,3,9,10,4,70.8
random,0.0,0.0,3,10,10,4,72.6
random,0.0,0.0,3,11,10,4,75.3
random,0.0,0.0,3,12,10,4,78.0
random,0.0,0.0,3,13,11,5,81.7
random,0.0,0.0,3,14,11,5,83.5
random,0.0,0.0,3,15,11,5,87.1
random,0.0,0.0,3,16,11,5,87.4
random,0.0,0.0,3,17,11,5,89.5
random,0.0,0.0,3,18,11,5,91.3
random,0.0,0.0,3,19,11,5,93.4
random,0.0,0.0,3,20,11,5,91.9
random,0.0,0.0,3,21,11,5,94.0
random,0.0,0.0,3,22,11,5,94.9
random,0.0,0.0,3,23,11,5,96.8
random,0.0,0.0,3,24,11,5,98.3
random,0.0,0.0,3,25,11,5,95.6
random,0.0,0.0,3,26,11,5,91.7
random,0.0,0.0,3,27,11,5,91.4
random,0.0,0.0,3,28,11,5,88.9
random,0.0,0.0,3,29,11,5,89.5
random,0.0,0.0,3,30,11,5,88.6
random,0.0,0.0,3,31,10,4,83.7
random,0.0,0.0,3,32,10,4,79.8
random,0.0,0.0,3,33,10,4,80.7
random,0.0,0.0,3,34,10,4,82.8
random,0.0,0.0,3,35,10,4,74.1
random,0.0,0.0,3,36,10,4,64.2
random,0.0,0.0,3,37,10,4,63.6
random,0.0,0.0,3,38,8,3,54.9
random,0.0,0.0,3,39,8,3,58.8
random,0.0,0.0,3,40,8,3,60.0
random,0.0,0.0,3,41,8,3,61.8
random,0.0,0.0,3,42,8,3,64.5
random,0.0,0.0,3,43,8,3,69.3
random,0.0,0.0,3,44,8,3,72.9
random,0.0,0.0,3,45,8,3,74.7
random,0.0,0.0,3,46,8,3,77.4
random,0.0,0.0,3,47,8,3,78.9
random,0.0,0.0,3,48,9,4,82.8
random,0.0,0.0,3,49,9,4,81.9
random,0.0,0.0,3,50,9,4,84.0
random,0.0,0.0,3,51,9,4,81.6
random,0.0,0.0,3,52,9,4,82.2
random,0.0,0.0,3,53,10,4,85.2
random,0.0,0.0,3,54,10,4,85.8
random,0.0,0.0,3,55,11,5,93.4
random,0.0,0.0,3,56,11,5,103.4
random,0.0,0.0,3,57,11,5,106.1
random,0.0,0.0,3,58,11,5,113.1
random,0.0,0.0,3,59,11,5,113.1
random,0.0,0.0,3,60,11,5,112.2
random,0.0,0.0,3,61,12,5,111.0
random,0.0,0.0,3,62,12,5,98.0
random,0.0,0.0,3,63,12,5,96.8
random,0.0,0.0,3,64,12,5,87.7
random,0.0,0.0,3,65,13,5,89.0
random,0.0,0.0,3,66,14,6,97.5
random,0.0,0.0,3,67,13,6,101.5
random,0.0,0.0,3,68,13,6,97.3
random,0.0,0.0,3,69,13,6,98.8
random,0.0,0.0,3,70,13,6,96.7
random,0.0,0.0,3,71,13,6,92.8
random,0.0,0.0,3,72,13,6,96.4
random,0.0,0.0,3,73,13,6,94.1
random,0.0,0.0,3,74,12,5,78.3
random,0.0,0.0,3,75,12,5,79.2
random,0.0,0.0,3,76,12,5,81.7
random,0.0,0.0,3,77,12,5,81.7
random,0.0,0.0,3,78,12,5,83.5
random,0.0,0.0,3,79,11,5,75.5
random,0.0,0.0,3,80,11,5,76.1
random,0.0,0.0,3,81,11,5,77.3
random,0.0,0.0,3,82,11,5,79.1
random,0.0,0.0,3,83,11,5,80.6
random,0.0,0.0,3,84,11,5,73.9
random,0.0,0.0,3,85,11,5,76.9
random,0.0,0.0,3,86,11,5,80.5
random,0.0,0.0,3,87,11,5,79.9
random,0.0,0.0,3,88,11,5,80.2
random,0.0,0.0,3,89,11,5,75.4
random,0.0,0.0,3,90,11,5,77.8
random,0.0,0.0,3,91,13,5,88.4
random,0.0,0.0,3,92,13,5,91.8
random,0.0,0.0,3,93,13,5,91.8
random,0.0,0.0,3,94,13,5,93.4
random,0.0,0.0,3,95,13,5,94.6
random,0.0,0.0,3,96,12,5,90.0
random,0.0,0.0,3,97,12,5,95.8
random,0.0,0.0,3,98,12,5,94.9
random,0.0,0.0,3,99,12,5,77.3
random,0.0,0.0,3,100,12,5,80.0
random,0.0,0.0,3,101,12,5,83.6
random,0.0,0.0,3,102,12,6,78.3
random,0.0,0.0,3,103,13,7,85.3
random,0.0,0.0,3,104,13,7,82.9
random,0.0,0.0,3,105,13,7,83.5
random,0.0,0.0,3,106,10,4,73.8
random,0.0,0.0,3,107,10,4,69.0
random,0.0,0.0,3,108,10,4,71.4
random,0.0,0.0,3,109,10,4,72.9
random,0.0,0.0,3,110,10,4,73.5
random,0.0,0.0,3,111,10,4,75.6
random,0.0,0.0,3,112,10,4,78.3
random,0.0,0.0,3,113,11,5,79.3
random,0.0,0.0,3,114,11,5,80.8
random,0.0,0.0,3,115,11,5,77.2
random,0.0,0.0,3,116,11,5,76.9
random,0.0,0.0,3,117,10,4,74.4
random,0.0,0.0,3,118,10,4,74.4
random,0.0,0.0,3,119,10,4,76.8
random,0.0,0.0,3,120,10,4,80.4
random,0.0,0.0,3,121,10,4,75.9
random,0.0,0.0,3,122,10,4,75.9
random,0.0,0.0,3,123,10,4,79.2
random,0.0,0.0,3,124,10,4,81.0
random,0.0,0.0,3,125,10,4,75.3
random,0.0,0.0,3,126,10,4,79.2
random,0.0,0.0,3,127,9,4,76.2
random,0.0,0.0,3,128,9,4,77.7
random,0.0,0.0,3,129,9,4,80.4
random,0.0,0.0,3,130,10,4,81.6
random,0.0,0.0,3,131,10,4,81.6
random,0.0,0.0,3,132,10,4,82.8
random,0.0,0.0,3,133,10,4,81.6
random,0.0,0.0,3,134,10,4,84.6
random,0.0,0.0,3,135,10,4,84.9
random,0.0,0.0,3,136,10,4,85.5
random,0.0,0.0,3,137,10,4,85.2
random,0.0,0.0,3,138,10,4,80.1
random,0.0,0.0,3,139,11,5,83.8
random,0.0,0.0,3,140,11,5,85.9
random,0.0,0.0,3,141,10,4,83.4
random,0.0,0.0,3,142,10,4,81.9
random,0.0,0.0,3,143,10,4,80.1
random,0.0,0.0,3,144,10,4,74.7
random,0.0,0.0,3,145,10,4,75.3
random,0.0,0.0,3,146,10,4,73.2
random,0.0,0.0,3,147,10,4,75.0
random,0.0,0.0,3,148,10,4,75.9
random,0.0,0.0,3,149,10,4,76.5
random,0.0,0.0,3,150,10,4,79.2
random,0.0,0.0,4,0,0,0,0.0
random,0.0,0.0,4,1,4,1,24.0
random,0.0,0.0,4,2,4,1,35.1
random,0.0,0.0,4,3,5,2,41.4
random,0.0,0.0,4,4,7,3,47.4
random,0.0,0.0,4,5,7,3,52.8
random,0.0,0.0,4,6,7,3,59.4
random,0.0,0.0,4,7,8,3,63.0
random,0.0,0.0,4,8,9,4,66.3
random,0.0,0.0,4,9,10,5,70.3
random,0.0,0.0,4,10,10,5,73.0
random,0.0,0.0,4,11,10,5,75.4
random,0.0,0.0,4,12,11,6,79.2
random,0.0,0.0,4,13,11,6,81.0
random,0.0,0.0,4,14,11,6,81.6
random,0.0,0.0,4,15,12,6,84.6
random,0.0,0.0,4,16,12,6,86.1
random,0.0,0.0,4,17,13,6,87.3
random,0.0,0.0,4,18,13,6,88.9
random,0.0,0.0,4,19,13,6,91.6
random,0.0,0.0,4,20,13,6,93.1
random,0.0,0.0,4,21,13,6,95.8
random,0.0,0.0,4,22,13,6,98.2
random,0.0,0.0,4,23,13,6,97.9
random,0.0,0.0,4,24,14,6,107.0
random,0.0,0.0,4,25,14,6,108.8
random,0.0,0.0,4,26,14,6,109.3
random,0.0,0.0,4,27,14,6,106.3
random,0.0,0.0,4,28,12,6,92.4
random,0.0,0.0,4,29,12,6,87.6
random,0.0,0.0,4,30,12,6,90.9
random,0.0,0.0,4,31,13,6,91.3
random,0.0,0.0,4,32,13,6,91.0
random,0.0,0.0,4,33,14,6,90.7
random,0.0,0.0,4,34,11,5,84.8
random,0.0,0.0,4,35,11,5,71.5
random,0.0,0.0,4,36,11,5,67.3
random,0.0,0.0,4,37,11,5,69.1
random,0.0,0.0,4,38,10,4,59.7
random,0.0,0.0,4,39,11,5,52.8
random,0.0,0.0,4,40,10,5,58.2
random,0.0,0.0,4,41,10,5,64.5
random,0.0,0.0,4,42,10,5,68.1
random,0.0,0.0,4,43,10,5,71.1
random,0.0,0.0,4,44,8,3,71.7
random,0.0,0.0,4,45,9,4,76.5
random,0.0,0.0,4,46,9,4,79.2
random,0.0,0.0,4,47,9,4,81.6
random,0.0,0.0,4,48,10,4,83.7
random,0.0,0.0,4,49,10,4,86.7
random,0.0,0.0,4,50,10,4,87.9
random,0.0,0.0,4,51,12,5,96.5
random,0.0,0.0,4,52,12,5,98.3
random,0.0,0.0,4,53,13,6,108.3
random,0.0,0.0,4,54,13,6,104.1
random,0.0,0.0,4,55,13,6,105.9
random,0.0,0.0,4,56,13,6,106.8
random,0.0,0.0,4,57,13,6,108.0
random,0.0,0.0,4,58,14,7,117.6
random,0.0,0.0,4,59,14,7,117.6
random,0.0,0.0,4,60,14,7,114.3
random,0.0,0.0,4,61,14,7,113.4
random,0.0,0.0,4,62,14,7,113.1
random,0.0,0.0,4,63,14,7,111.9
random,0.0,0.0,4,64,14,7,114.0
random,0.0,0.0,4,65,14,7,110.8
random,0.0,0.0,4,66,14,7,103.6
random,0.0,0.0,4,67,14,7,102.0
random,0.0,0.0,4,68,10,4,74.1
random,0.0,0.0,4,69,10,4,68.1
random,0.0,0.0,4,70,10,4,65.4
random,0.0,0.0,4,71,11,5,70.6
random,0.0,0.0,4,72,11,5,69.1
random,0.0,0.0,4,73,10,4,67.2
random,0.0,0.0,4,74,10,4,66.6
random,0.0,0.0,4,75,8,3,63.0
random,0.0,0.0,4,76,8,3,66.9
random,0.0,0.0,4,77,8,3,68.1
random,0.0,0.0,4,78,9,4,71.7
random,0.0,0.0,4,79,9,4,73.8
random,0.0,0.0,4,80,9,4,74.7
random,0.0,0.0,4,81,9,4,77.7
random,0.0,0.0,4,82,10,4,78.3
random,0.0,0.0,4,83,10,4,82.2
random,0.0,0.0,4,84,11,5,85.9
random,0.0,0.0,4,85,11,5,82.3
random,0.0,0.0,4,86,12,5,86.6
random,0.0,0.0,4,87,12,5,89.6
random,0.0,0.0,4,88,12,5,88.7
random,0.0,0.0,4,89,12,5,90.8
random,0.0,0.0,4,90,12,5,96.3
random,0.0,0.0,4,91,12,5,99.6
random,0.0,0.0,4,92,12,5,102.7
random,0.0,0.0,4,93,12,5,102.1
random,0.0,0.0,4,94,13,6,102.0
random,0.0,0.0,4,95,13,6,102.9
random,0.0,0.0,4,96,13,6,104.1
random,0.0,0.0,4,97,13,6,101.4
random,0.0,0.0,4,98,13,6,96.2
random,0.0,0.0,4,99,13,6,93.8
random,0.0,0.0,4,100,13,6,90.5
random,0.0,0.0,4,101,13,6,93.5
random,0.0,0.0,4,102,13,6,92.3
random,0.0,0.0,4,103,13,6,88.4
random,0.0,0.0,4,104,13,6,84.1
random,0.0,0.0,4,105,12,6,74.4
random,0.0,0.0,4,106,12,6,78.0
random,0.0,0.0,4,107,12,6,74.4
random,0.0,0.0,4,108,12,6,75.6
random,0.0,0.0,4,109,12,6,73.8
random,0.0,0.0,4,110,9,4,66.9
random,0.0,0.0,4,111,9,4,73.2
random,0.0,0.0,4,112,10,4,75.0
random,0.0,0.0,4,113,10,4,78.0
random,0.0,0.0,4,114,10,4,81.3
random,0.0,0.0,4,115,10,4,84.0
random,0.0,0.0,4,116,10,4,84.9
random,0.0,0.0,4,117,10,4,84.6
random,0.0,0.0,4,118,10,4,83.4
random,0.0,0.0,4,119,10,4,81.9
random,0.0,0.0,4,120,10,4,82.5
random,0.0,0.0,4,121,10,4,83.7
random,0.0,0.0,4,122,9,4,83.7
random,0.0,0.0,4,123,9,4,84.9
random,0.0,0.0,4,124,9,4,83.4
random,0.0,0.0,4,125,11,5,87.9
random,0.0,0.0,4,126,11,5,86.7
random,0.0,0.0,4,127,11,5,88.8
random,0.0,0.0,4,128,11,5,90.3
random,0.0,0.0,4,129,10,4,84.9
random,0.0,0.0,4,130,10,4,87.3
random,0.0,0.0,4,131,10,4,88.8
random,0.0,0.0,4,132,12,5,91.4
random,0.0,0.0,4,133,12,5,84.5
random,0.0,0.0,4,134,11,5,83.5
random,0.0,0.0,4,135,10,4,73.5
random,0.0,0.0,4,136,10,4,74.1
random,0.0,0.0,4,137,10,4,75.3
random,0.0,0.0,4,138,10,4,69.9
random,0.0,0.0,4,139,10,4,72.0
random,0.0,0.0,4,140,10,4,70.2
random,0.0,0.0,4,141,10,4,70.2
random,0.0,0.0,4,142,9,4,69.0
random,0.0,0.0,4,143,9,4,68.7
random,0.0,0.0,4,144,9,4,71.7
random,0.0,0.0,4,145,9,4,72.6
random,0.0,0.0,4,146,9,4,76.5
random,0.0,0.0,4,147,9,4,77.1
random,0.0,0.0,4,148,10,4,76.2
random,0.0,0.0,4,149,10,4,78.9
random,0.0,0.0,4,150,10,4,76.5
random,0.0,0.0,5,0,0,0,0.0
random,0.0,0.0,5,1,4,1,23.7
random,0.0,0.0,5,2,6,2,36.6
random,0.0,0.0,5,3,7,3,47.4
random,0.0,0.0,5,4,9,4,52.2
random,0.0,0.0,5,5,9,4,57.3
random,0.0,0.0,5,6,9,4,63.3
random,0.0,0.0,5,7,9,4,67.5
random,0.0,0.0,5,8,10,4,70.8
random,0.0,0.0,5,9,10,4,73.8
random,0.0,0.0,5,10,10,4,76.2
random,0.0,0.0,5,11,10,4,78.3
random,0.0,0.0,5,12,10,4,79.2
random,0.0,0.0,5,13,10,4,80.4
random,0.0,0.0,5,14,10,4,81.3
random,0.0,0.0,5,15,10,4,84.9
random,0.0,0.0,5,16,10,4,87.6
random,0.0,0.0,5,17,10,4,88.5
random,0.0,0.0,5,18,10,4,91.2
random,0.0,0.0,5,19,10,4,91.8
random,0.0,0.0,5,20,10,4,93.3
random,0.0,0.0,5,21,10,4,95.1
random,0.0,0.0,5,22,11,5,93.4
random,0.0,0.0,5,23,12,6,99.9
random,0.0,0.0,5,24,12,6,101.7
random,0.0,0.0,5,25,12,6,99.0
random,0.0,0.0,5,26,12,6,100.6
random,0.0,0.0,5,27,12,6,99.4
random,0.0,0.0,5,28,12,6,100.9
random,0.0,0.0,5,29,12,6,97.9
random,0.0,0.0,5,30,13,6,103.7
random,0.0,0.0,5,31,13,6,100.7
random,0.0,0.0,5,32,11,5,78.4
random,0.0,0.0,5,33,12,5,81.4
random,0.0,0.0,5,34,12,5,69.4
random,0.0,0.0,5,35,13,6,67.9
random,0.0,0.0,5,36,13,6,64.6
random,0.0,0.0,5,37,13,6,63.4
random,0.0,0.0,5,38,11,5,65.7
random,0.0,0.0,5,39,11,5,65.4
random,0.0,0.0,5,40,10,5,64.8
random,0.0,0.0,5,41,10,5,66.6
random,0.0,0.0,5,42,9,4,64.2
random,0.0,0.0,5,43,10,4,69.9
random,0.0,0.0,5,44,10,4,73.2
random,0.0,0.0,5,45,10,4,77.1
random,0.0,0.0,5,46,10,4,77.7
random,0.0,0.0,5,47,10,4,78.6
random,0.0,0.0,5,48,10,4,82.5
random,0.0,0.0,5,49,10,4,84.6
random,0.0,0.0,5,50,10,4,82.8
random,0.0,0.0,5,51,10,4,82.5
random,0.0,0.0,5,52,10,4,82.8
random,0.0,0.0,5,53,11,5,92.8
random,0.0,0.0,5,54,11,5,94.3
random,0.0,0.0,5,55,11,5,89.5
random,0.0,0.0,5,56,11,5,93.4
random,0.0,0.0,5,57,11,5,96.4
random,0.0,0.0,5,58,11,5,105.8
random,0.0,0.0,5,59,13,6,109.2
random,0.0,0.0,5,60,14,6,121.1
random,0.0,0.0,5,61,14,6,117.2
random,0.0,0.0,5,62,14,6,114.9
random,0.0,0.0,5,63,14,6,114.1
random,0.0,0.0,5,64,14,6,116.3
random,0.0,0.0,5,65,14,6,105.3
random,0.0,0.0,5,66,14,6,97.6
random,0.0,0.0,5,67,12,6,93.5
random,0.0,0.0,5,68,12,6,96.9
random,0.0,0.0,5,69,12,6,97.5
random,0.0,0.0,5,70,12,6,80.9
random,0.0,0.0,5,71,12,6,86.0
random,0.0,0.0,5,72,12,6,82.7
random,0.0,0.0,5,73,12,6,84.2
random,0.0,0.0,5,74,10,4,69.6
random,0.0,0.0,5,75,10,4,72.9
random,0.0,0.0,5,76,10,4,76.5
random,0.0,0.0,5,77,11,5,85.9
random,0.0,0.0,5,78,11,5,88.9
random,0.0,0.0,5,79,12,5,93.2
random,0.0,0.0,5,80,12,5,93.2
random,0.0,0.0,5,81,12,5,91.1
random,0.0,0.0,5,82,13,5,94.1
random,0.0,0.0,5,83,14,6,110.5
random,0.0,0.0,5,84,13,6,104.8
random,0.0,0.0,5,85,13,6,106.9
random,0.0,0.0,5,86,13,6,109.3
random,0.0,0.0,5,87,13,6,111.4
random,0.0,0.0,5,88,13,6,110.6
random,0.0,0.0,5,89,13,6,109.1
random,0.0,0.0,5,90,13,6,112.4
random,0.0,0.0,5,91,13,6,111.8
random,0.0,0.0,5,92,13,6,114.2
random,0.0,0.0,5,93,13,6,117.9
random,0.0,0.0,5,94,13,6,127.0
random,0.0,0.0,5,95,14,7,147.2
random,0.0,0.0,5,96,14,7,132.9
random,0.0,0.0,5,97,12,5,94.3
random,0.0,0.0,5,98,13,6,97.9
random,0.0,0.0,5,99,13,6,96.1
random,0.0,0.0,5,100,13,6,97.6
random,0.0,0.0,5,101,13,6,91.6
random,0.0,0.0,5,102,13,6,98.6
random,0.0,0.0,5,103,14,6,98.2
random,0.0,0.0,5,104,14,6,92.2
random,0.0,0.0,5,105,12,6,86.3
random,0.0,0.0,5,106,12,6,89.9
random,0.0,0.0,5,107,10,4,71.1
random,0.0,0.0,5,108,11,5,75.4
random,0.0,0.0,5,109,12,6,81.3
random,0.0,0.0,5,110,11,6,76.8
random,0.0,0.0,5,111,11,6,80.7
random,0.0,0.0,5,112,12,6,81.9
random,0.0,0.0,5,113,12,6,79.8
random,0.0,0.0,5,114,12,6,77.7
random,0.0,0.0,5,115,13,6,81.9
random,0.0,0.0,5,116,13,6,84.9
random,0.0,0.0,5,117,9,4,80.7
random,0.0,0.0,5,118,9,4,83.4
random,0.0,0.0,5,119,9,4,82.8
random,0.0,0.0,5,120,9,4,84.6
random,0.0,0.0,5,121,9,4,84.3
random,0.0,0.0,5,122,9,4,83.1
random,0.0,0.0,5,123,9,4,83.1
random,0.0,0.0,5,124,10,4,81.9
random,0.0,0.0,5,125,10,4,80.1
random,0.0,0.0,5,126,10,4,84.0
random,0.0,0.0,5,127,10,4,79.2
random,0.0,0.0,5,128,10,4,78.9
random,0.0,0.0,5,129,10,4,78.0
random,0.0,0.0,5,130,10,4,78.3
random,0.0,0.0,5,131,10,4,78.9
random,0.0,0.0,5,132,10,4,80.1
random,0.0,0.0,5,133,9,4,75.9
random,0.0,0.0,5,134,9,4,73.8
random,0.0,0.0,5,135,10,4,79.2
random,0.0,0.0,5,136,10,4,72.9
random,0.0,0.0,5,137,10,4,75.3
random,0.0,0.0,5,138,10,4,74.4
random,0.0,0.0,5,139,10,4,77.4
random,0.0,0.0,5,140,10,4,80.7
random,0.0,0.0,5,141,10,4,75.6
random,0.0,0.0,5,142,10,4,75.6
random,0.0,0.0,5,143,10,4,79.8
random,0.0,0.0,5,144,10,4,81.6
random,0.0,0.0,5,145,10,4,79.8
random,0.0,0.0,5,146,10,4,72.9
random,0.0,0.0,5,147,10,4,70.2
random,0.0,0.0,5,148,10,4,71.1
random,0.0,0.0,5,149,10,4,75.6
random,0.0,0.0,5,150,10,4,79.8
random,0.0,0.0,6,0,0,0,0.0
random,0.0,0.0,6,1,4,1,25.8
random,0.0,0.0,6,2,5,2,36.3
random,0.0,0.0,6,3,7,3,45.9
random,0.0,0.0,6,4,7,3,50.7
random,0.0,0.0,6,5,7,3,54.6
random,0.0,0.0,6,6,7,3,60.3
random,0.0,0.0,6,7,7,3,64.2
random,0.0,0.0,6,8,7,3,66.6
random,0.0,0.0,6,9,7,3,69.6
random,0.0,0.0,6,10,7,3,72.3
random,0.0,0.0,6,11,8,3,75.0
random,0.0,0.0,6,12,8,3,77.7
random,0.0,0.0,6,13,8,3,78.9
random,0.0,0.0,6,14,9,4,80.1
random,0.0,0.0,6,15,9,4,81.3
random,0.0,0.0,6,16,9,4,83.1
random,0.0,0.0,6,17,10,5,86.5
random,0.0,0.0,6,18,10,5,88.3
random,0.0,0.0,6,19,12,5,96.8
random,0.0,0.0,6,20,12,5,100.1
random,0.0,0.0,6,21,12,5,99.2
random,0.0,0.0,6,22,12,5,101.6
random,0.0,0.0,6,23,12,5,98.6
random,0.0,0.0,6,24,12,5,98.4
random,0.0,0.0,6,25,12,5,98.5
random,0.0,0.0,6,26,12,5,100.0
random,0.0,0.0,6,27,12,5,100.7
random,0.0,0.0,6,28,12,5,100.4
random,0.0,0.0,6,29,12,5,98.6
random,0.0,0.0,6,30,12,5,102.2
random,0.0,0.0,6,31,13,6,104.3
random,0.0,0.0,6,32,14,6,107.5
random,0.0,0.0,6,33,12,5,81.5
random,0.0,0.0,6,34,12,5,79.4
random,0.0,0.0,6,35,13,6,82.7
random,0.0,0.0,6,36,10,4,61.5
random,0.0,0.0,6,37,10,4,57.6
random,0.0,0.0,6,38,11,5,71.8
random,0.0,0.0,6,39,11,5,64.0
random,0.0,0.0,6,40,10,5,62.5
random,0.0,0.0,6,41,10,5,65.5
random,0.0,0.0,6,42,10,5,70.0
random,0.0,0.0,6,43,10,5,72.7
random,0.0,0.0,6,44,10,5,76.0
random,0.0,0.0,6,45,11,5,79.3
random,0.0,0.0,6,46,11,5,83.2
random,0.0,0.0,6,47,11,5,85.6
random,0.0,0.0,6,48,11,5,89.2
random,0.0,0.0,6,49,12,5,88.7
random,0.0,0.0,6,50,12,5,92.0
random,0.0,0.0,6,51,12,5,93.5
random,0.0,0.0,6,52,12,5,95.3
random,0.0,0.0,6,53,12,5,95.9
random,0.0,0.0,6,54,12,5,101.7
random,0.0,0.0,6,55,12,5,99.3
random,0.0,0.0,6,56,13,6,103.2
random,0.0,0.0,6,57,13,6,105.6
random,0.0,0.0,6,58,13,6,108.0
random,0.0,0.0,6,59,13,6,112.0
random,0.0,0.0,6,60,13,6,118.1
random,0.0,0.0,6,61,13,6,105.7
random,0.0,0.0,6,62,13,6,107.8
random,0.0,0.0,6,63,13,6,107.8
random,0.0,0.0,6,64,13,6,104.5
random,0.0,0.0,6,65,13,6,101.6
random,0.0,0.0,6,66,13,6,98.6
random,0.0,0.0,6,67,12,5,90.0
random,0.0,0.0,6,68,12,5,86.7
random,0.0,0.0,6,69,12,5,87.6
random,0.0,0.0,6,70,12,5,84.9
random,0.0,0.0,6,71,12,5,82.8
random,0.0,0.0,6,72,12,5,82.8
random,0.0,0.0,6,73,12,5,73.9
random,0.0,0.0,6,74,13,5,74.9
random,0.0,0.0,6,75,13,5,77.6
random,0.0,0.0,6,76,10,4,66.3
random,0.0,0.0,6,77,11,5,69.7
random,0.0,0.0,6,78,11,5,74.0
random,0.0,0.0,6,79,11,5,76.7
random,0.0,0.0,6,80,11,5,76.4
random,0.0,0.0,6,81,11,5,78.2
random,0.0,0.0,6,82,12,5,88.8
random,0.0,0.0,6,83,12,5,89.4
random,0.0,0.0,6,84,12,5,94.9
random,0.0,0.0,6,85,12,5,104.3
random,0.0,0.0,6,86,13,6,104.0
random,0.0,0.0,6,87,14,6,114.3
random,0.0,0.0,6,88,14,6,115.2
random,0.0,0.0,6,89,14,6,129.2
random,0.0,0.0,6,90,14,6,128.8
random,0.0,0.0,6,91,14,6,129.4
random,0.0,0.0,6,92,14,6,129.7
random,0.0,0.0,6,93,15,7,137.3
random,0.0,0.0,6,94,15,7,129.8
random,0.0,0.0,6,95,13,7,118.8
random,0.0,0.0,6,96,13,7,121.5
random,0.0,0.0,6,97,13,7,125.1
random,0.0,0.0,6,98,12,6,93.6
random,0.0,0.0,6,99,12,6,96.6
random,0.0,0.0,6,100,12,6,100.2
random,0.0,0.0,6,101,13,7,107.7
random,0.0,0.0,6,102,13,7,108.3
random,0.0,0.0,6,103,13,7,98.3
random,0.0,0.0,6,104,9,4,72.6
random,0.0,0.0,6,105,9,4,73.8
random,0.0,0.0,6,106,9,4,73.5
random,0.0,0.0,6,107,9,4,78.3
random,0.0,0.0,6,108,9,4,80.4
random,0.0,0.0,6,109,9,4,78.6
random,0.0,0.0,6,110,9,4,81.6
random,0.0,0.0,6,111,9,4,80.7
random,0.0,0.0,6,112,9,4,77.4
random,0.0,0.0,6,113,10,4,76.8
random,0.0,0.0,6,114,10,4,77.1
random,0.0,0.0,6,115,10,4,75.9
random,0.0,0.0,6,116,10,4,72.6
random,0.0,0.0,6,117,10,4,73.8
random,0.0,0.0,6,118,11,5,80.5
random,0.0,0.0,6,119,11,5,82.3
random,0.0,0.0,6,120,12,6,86.5
random,0.0,0.0,6,121,13,6,96.6
random,0.0,0.0,6,122,13,6,103.6
random,0.0,0.0,6,123,13,6,101.8
random,0.0,0.0,6,124,13,6,93.4
random,0.0,0.0,6,125,13,6,94.0
random,0.0,0.0,6,126,14,6,104.3
random,0.0,0.0,6,127,14,6,112.3
random,0.0,0.0,6,128,14,6,117.1
random,0.0,0.0,6,129,14,6,112.6
random,0.0,0.0,6,130,14,6,113.8
random,0.0,0.0,6,131,14,6,116.2
random,0.0,0.0,6,132,14,6,118.0
random,0.0,0.0,6,133,14,6,111.0
random,0.0,0.0,6,134,14,6,121.3
random,0.0,0.0,6,135,12,5,101.8
random,0.0,0.0,6,136,12,5,106.1
random,0.0,0.0,6,137,12,5,97.9
random,0.0,0.0,6,138,12,5,97.3
random,0.0,0.0,6,139,12,5,92.9
random,0.0,0.0,6,140,13,6,98.8
random,0.0,0.0,6,141,13,6,99.7
random,0.0,0.0,6,142,13,6,104.5
random,0.0,0.0,6,143,13,6,104.5
random,0.0,0.0,6,144,13,6,105.1
random,0.0,0.0,6,145,15,6,115.7
random,0.0,0.0,6,146,13,6,115.2
random,0.0,0.0,6,147,12,5,90.5
random,0.0,0.0,6,148,12,5,81.9
random,0.0,0.0,6,149,12,5,84.9
random,0.0,0.0,6,150,12,5,97.0
random,0.0,0.0,7,0,0,0,0.0
random,0.0,0.0,7,1,5,2,24.3
random,0.0,0.0,7,2,5,2,34.5
random,0.0,0.0,7,3,6,3,41.4
random,0.0,0.0,7,4,7,3,48.3
random,0.0,0.0,7,5,7,3,55.8
random,0.0,0.0,7,6,7,3,60.3
random,0.0,0.0,7,7,7,3,64.2
random,0.0,0.0,7,8,8,3,67.8
random,0.0,0.0,7,9,8,3,70.5
random,0.0,0.0,7,10,8,3,74.4
random,0.0,0.0,7,11,8,3,76.8
random,0.0,0.0,7,12,8,3,78.3
random,0.0,0.0,7,13,9,4,80.4
random,0.0,0.0,7,14,9,4,82.8
random,0.0,0.0,7,15,10,4,85.8
random,0.0,0.0,7,16,11,5,91.6
random,0.0,0.0,7,17,11,5,93.7
random,0.0,0.0,7,18,11,5,96.4
random,0.0,0.0,7,19,11,5,97.3
random,0.0,0.0,7,20,11,5,98.8
random,0.0,0.0,7,21,11,5,99.4
random,0.0,0.0,7,22,11,5,102.1
random,0.0,0.0,7,23,12,5,110.4
random,0.0,0.0,7,24,13,6,120.4
random,0.0,0.0,7,25,13,6,119.5
random,0.0,0.0,7,26,13,6,117.4
random,0.0,0.0,7,27,13,6,121.6
random,0.0,0.0,7,28,13,6,119.5
random,0.0,0.0,7,29,13,6,119.5
random,0.0,0.0,7,30,13,6,108.7
random,0.0,0.0,7,31,13,6,106.0
random,0.0,0.0,7,32,13,6,105.7
random,0.0,0.0,7,33,13,6,108.2
random,0.0,0.0,7,34,13,6,102.8
random,0.0,0.0,7,35,13,6,96.4
random,0.0,0.0,7,36,13,6,91.3
random,0.0,0.0,7,37,13,7,91.0
random,0.0,0.0,7,38,12,7,77.0
random,0.0,0.0,7,39,8,3,53.4
random,0.0,0.0,7,40,8,3,60.9
random,0.0,0.0,7,41,9,4,63.3
random,0.0,0.0,7,42,9,4,68.1
random,0.0,0.0,7,43,9,4,68.4
random,0.0,0.0,7,44,9,4,71.4
random,0.0,0.0,7,45,11,5,81.7
random,0.0,0.0,7,46,11,5,84.7
random,0.0,0.0,7,47,11,5,87.4
random,0.0,0.0,7,48,11,5,89.8
random,0.0,0.0,7,49,11,5,91.0
random,0.0,0.0,7,50,11,5,100.1
random,0.0,0.0,7,51,12,6,109.8
random,0.0,0.0,7,52,12,6,108.3
random,0.0,0.0,7,53,12,6,108.3
random,0.0,0.0,7,54,13,7,115.9
random,0.0,0.0,7,55,13,7,118.6
random,0.0,0.0,7,56,14,7,118.7
random,0.0,0.0,7,57,14,7,122.0
random,0.0,0.0,7,58,14,7,124.1
random,0.0,0.0,7,59,16,7,126.7
random,0.0,0.0,7,60,16,7,127.9
random,0.0,0.0,7,61,16,7,124.3
random,0.0,0.0,7,62,15,7,118.9
random,0.0,0.0,7,63,15,7,121.6
random,0.0,0.0,7,64,11,5,85.9
random,0.0,0.0,7,65,11,5,90.7
random,0.0,0.0,7,66,11,5,88.9
random,0.0,0.0,7,67,11,5,87.1
random,0.0,0.0,7,68,11,5,83.2
random,0.0,0.0,7,69,11,5,93.8
random,0.0,0.0,7,70,11,5,92.9
random,0.0,0.0,7,71,11,5,96.8
random,0.0,0.0,7,72,11,5,95.0
random,0.0,0.0,7,73,11,5,86.6
random,0.0,0.0,7,74,11,5,86.3
random,0.0,0.0,7,75,11,5,73.6
random,0.0,0.0,7,76,11,5,70.3
random,0.0,0.0,7,77,11,5,73.6
random,0.0,0.0,7,78,12,5,78.4
random,0.0,0.0,7,79,12,5,80.5
random,0.0,0.0,7,80,13,6,86.6
random,0.0,0.0,7,81,13,6,90.5
random,0.0,0.0,7,82,12,6,89.6
random,0.0,0.0,7,83,12,6,93.8
random,0.0,0.0,7,84,11,6,91.1
random,0.0,0.0,7,85,11,6,94.1
random,0.0,0.0,7,86,12,7,101.4
random,0.0,0.0,7,87,12,7,103.2
random,0.0,0.0,7,88,13,7,110.8
random,0.0,0.0,7,89,13,7,112.6
random,0.0,0.0,7,90,12,5,89.9
random,0.0,0.0,7,91,12,5,93.3
random,0.0,0.0,7,92,12,5,94.8
random,0.0,0.0,7,93,11,5,86.2
random,0.0,0.0,7,94,11,5,89.2
random,0.0,0.0,7,95,11,5,88.1
random,0.0,0.0,7,96,11,5,90.8
random,0.0,0.0,7,97,11,5,93.0
random,0.0,0.0,7,98,12,6,94.8
random,0.0,0.0,7,99,13,6,90.8
random,0.0,0.0,7,100,13,6,82.4
random,0.0,0.0,7,101,13,6,74.5
random,0.0,0.0,7,102,11,5,69.7
random,0.0,0.0,7,103,11,5,74.5
random,0.0,0.0,7,104,11,5,77.2
random,0.0,0.0,7,105,10,4,72.0
random,0.0,0.0,7,106,10,4,76.8
random,0.0,0.0,7,107,10,4,78.6
random,0.0,0.0,7,108,11,5,81.1
random,0.0,0.0,7,109,11,5,82.3
random,0.0,0.0,7,110,12,5,88.7
random,0.0,0.0,7,111,13,6,91.6
random,0.0,0.0,7,112,14,6,101.0
random,0.0,0.0,7,113,15,6,99.2
random,0.0,0.0,7,114,15,6,96.8
random,0.0,0.0,7,115,15,6,96.2
random,0.0,0.0,7,116,15,6,98.9
random,0.0,0.0,7,117,14,6,94.1
random,0.0,0.0,7,118,10,5,88.7
random,0.0,0.0,7,119,12,5,91.5
random,0.0,0.0,7,120,13,6,86.9
random,0.0,0.0,7,121,13,6,89.3
random,0.0,0.0,7,122,13,6,88.4
random,0.0,0.0,7,123,13,6,85.1
random,0.0,0.0,7,124,13,6,87.2
random,0.0,0.0,7,125,13,6,90.2
random,0.0,0.0,7,126,13,6,99.0
random,0.0,0.0,7,127,13,6,98.4
random,0.0,0.0,7,128,13,6,96.0
random,0.0,0.0,7,129,13,6,99.6
random,0.0,0.0,7,130,13,6,102.6
random,0.0,0.0,7,131,13,6,93.9
random,0.0,0.0,7,132,14,6,100.0
random,0.0,0.0,7,133,14,6,104.0
random,0.0,0.0,7,134,14,6,104.6
random,0.0,0.0,7,135,14,6,107.0
random,0.0,0.0,7,136,14,6,107.6
random,0.0,0.0,7,137,11,5,85.7
random,0.0,0.0,7,138,11,5,90.2
random,0.0,0.0,7,139,11,5,87.2
random,0.0,0.0,7,140,11,5,90.8
random,0.0,0.0,7,141,12,6,99.6
random,0.0,0.0,7,142,12,6,100.2
random,0.0,0.0,7,143,12,6,103.5
random,0.0,0.0,7,144,13,7,111.0
random,0.0,0.0,7,145,13,7,103.4
random,0.0,0.0,7,146,13,7,100.4
random,0.0,0.0,7,147,13,7,101.6
random,0.0,0.0,7,148,14,7,104.7
random,0.0,0.0,7,149,14,7,95.7
random,0.0,0.0,7,150,14,7,101.3
random,0.0,0.0,8,0,0,0,0.0
random,0.0,0.0,8,1,4,1,21.9
random,0.0,0.0,8,2,6,3,35.1
random,0.0,0.0,8,3,6,3,42.9
random,0.0,0.0,8,4,7,3,49.8
random,0.0,0.0,8,5,7,3,53.7
random,0.0,0.0,8,6,7,3,58.8
random,0.0,0.0,8,7,7,3,63.0
random,0.0,0.0,8,8,7,3,65.7
random,0.0,0.0,8,9,8,3,68.7
random,0.0,0.0,8,10,8,3,70.8
random,0.0,0.0,8,11,9,4,73.8
random,0.0,0.0,8,12,9,4,76.5
random,0.0,0.0,8,13,9,4,78.0
random,0.0,0.0,8,14,9,4,81.3
random,0.0,0.0,8,15,9,4,82.5
random,0.0,0.0,8,16,11,5,86.5
random,0.0,0.0,8,17,11,5,89.8
random,0.0,0.0,8,18,11,5,90.1
random,0.0,0.0,8,19,11,5,94.4
random,0.0,0.0,8,20,12,6,98.5
random,0.0,0.0,8,21,12,6,101.9
random,0.0,0.0,8,22,12,6,102.2
random,0.0,0.0,8,23,12,6,104.6
random,0.0,0.0,8,24,12,6,103.7
random,0.0,0.0,8,25,12,6,102.8
random,0.0,0.0,8,26,15,7,113.4
random,0.0,0.0,8,27,15,7,113.1
random,0.0,0.0,8,28,15,7,111.3
random,0.0,0.0,8,29,15,7,109.5
random,0.0,0.0,8,30,15,7,96.9
random,0.0,0.0,8,31,14,7,90.8
random,0.0,0.0,8,32,13,7,86.2
random,0.0,0.0,8,33,12,5,86.3
random,0.0,0.0,8,34,12,5,85.7
random,0.0,0.0,8,35,12,5,84.8
random,0.0,0.0,8,36,12,5,84.5
random,0.0,0.0,8,37,10,4,66.6
random,0.0,0.0,8,38,10,4,69.9
random,0.0,0.0,8,39,10,4,71.7
random,0.0,0.0,8,40,11,5,79.9
random,0.0,0.0,8,41,12,5,79.4
random,0.0,0.0,8,42,12,5,74.6
random,0.0,0.0,8,43,12,5,78.2
random,0.0,0.0,8,44,12,5,80.3
random,0.0,0.0,8,45,12,5,84.2
random,0.0,0.0,8,46,12,5,87.2
random,0.0,0.0,8,47,13,6,89.6
random,0.0,0.0,8,48,13,6,92.9
random,0.0,0.0,8,49,13,6,103.3
random,0.0,0.0,8,50,13,6,106.6
random,0.0,0.0,8,51,13,6,109.0
random,0.0,0.0,8,52,13,6,110.5
random,0.0,0.0,8,53,13,6,106.4
random,0.0,0.0,8,54,13,6,110.0
random,0.0,0.0,8,55,14,6,114.4
random,0.0,0.0,8,56,15,6,116.1
random,0.0,0.0,8,57,15,6,118.6
random,0.0,0.0,8,58,15,6,120.7
random,0.0,0.0,8,59,15,6,123.2
random,0.0,0.0,8,60,15,6,110.9
random,0.0,0.0,8,61,15,6,114.2
random,0.0,0.0,8,62,15,6,109.6
random,0.0,0.0,8,63,15,6,107.8
random,0.0,0.0,8,64,15,6,109.2
random,0.0,0.0,8,65,15,6,117.4
random,0.0,0.0,8,66,15,6,106.7
random,0.0,0.0,8,67,15,6,108.4
random,0.0,0.0,8,68,15,6,103.3
random,0.0,0.0,8,69,17,7,117.3
random,0.0,0.0,8,70,17,7,112.9
random,0.0,0.0,8,71,14,6,92.5
random,0.0,0.0,8,72,13,5,80.3
random,0.0,0.0,8,73,13,5,80.0
random,0.0,0.0,8,74,13,5,85.1
random,0.0,0.0,8,75,13,6,92.7
random,0.0,0.0,8,76,14,7,100.5
random,0.0,0.0,8,77,14,7,104.1
random,0.0,0.0,8,78,14,7,106.5
random,0.0,0.0,8,79,9,4,72.0
random,0.0,0.0,8,80,9,4,75.0
random,0.0,0.0,8,81,8,3,69.9
random,0.0,0.0,8,82,8,3,76.2
random,0.0,0.0,8,83,8,3,76.8
random,0.0,0.0,8,84,9,4,81.3
random,0.0,0.0,8,85,10,5,82.8
random,0.0,0.0,8,86,10,5,84.0
random,0.0,0.0,8,87,10,5,86.1
random,0.0,0.0,8,88,10,5,88.2
random,0.0,0.0,8,89,10,5,90.0
random,0.0,0.0,8,90,10,5,89.7
random,0.0,0.0,8,91,10,5,86.1
random,0.0,0.0,8,92,10,4,82.2
random,0.0,0.0,8,93,10,4,85.8
random,0.0,0.0,8,94,10,4,79.2
random,0.0,0.0,8,95,11,5,85.6
random,0.0,0.0,8,96,11,5,89.8
random,0.0,0.0,8,97,11,5,101.1
random,0.0,0.0,8,98,11,5,93.8
random,0.0,0.0,8,99,11,5,96.8
random,0.0,0.0,8,100,11,5,101.0
random,0.0,0.0,8,101,11,5,91.6
random,0.0,0.0,8,102,12,5,92.3
random,0.0,0.0,8,103,12,5,83.6
random,0.0,0.0,8,104,12,5,86.9
random,0.0,0.0,8,105,13,6,93.0
random,0.0,0.0,8,106,14,6,94.3
random,0.0,0.0,8,107,14,6,91.0
random,0.0,0.0,8,108,14,6,93.1
random,0.0,0.0,8,109,14,6,91.0
random,0.0,0.0,8,110,14,6,101.0
random,0.0,0.0,8,111,14,6,99.8
random,0.0,0.0,8,112,14,6,103.7
random,0.0,0.0,8,113,14,6,107.0
random,0.0,0.0,8,114,14,6,107.6
random,0.0,0.0,8,115,14,6,107.3
random,0.0,0.0,8,116,14,6,95.5
random,0.0,0.0,8,117,11,5,79.9
random,0.0,0.0,8,118,11,5,83.5
random,0.0,0.0,8,119,11,5,85.3
random,0.0,0.0,8,120,11,5,79.9
random,0.0,0.0,8,121,12,5,91.4
random,0.0,0.0,8,122,12,5,92.3
random,0.0,0.0,8,123,12,5,99.6
random,0.0,0.0,8,124,13,6,106.6
random,0.0,0.0,8,125,13,6,109.7
random,0.0,0.0,8,126,13,6,111.0
random,0.0,0.0,8,127,14,7,119.1
random,0.0,0.0,8,128,14,7,114.0
random,0.0,0.0,8,129,14,7,106.5
random,0.0,0.0,8,130,15,7,114.2
random,0.0,0.0,8,131,14,7,104.2
random,0.0,0.0,8,132,15,7,116.9
random,0.0,0.0,8,133,12,5,81.2
random,0.0,0.0,8,134,12,5,84.2
random,0.0,0.0,8,135,12,5,84.8
random,0.0,0.0,8,136,9,4,73.2
random,0.0,0.0,8,137,9,4,72.0
random,0.0,0.0,8,138,9,4,70.5
random,0.0,0.0,8,139,9,4,75.3
random,0.0,0.0,8,140,9,4,78.3
random,0.0,0.0,8,141,9,4,81.6
random,0.0,0.0,8,142,9,4,84.0
random,0.0,0.0,8,143,9,4,86.7
random,0.0,0.0,8,144,9,4,84.9
random,0.0,0.0,8,145,9,4,82.2
random,0.0,0.0,8,146,10,4,84.0
random,0.0,0.0,8,147,10,4,84.0
random,0.0,0.0,8,148,11,5,91.9
random,0.0,0.0,8,149,11,5,83.8
random,0.0,0.0,8,150,11,5,83.8
random,0.0,0.0,9,0,0,0,0.0
random,0.0,0.0,9,1,4,1,24.0
random,0.0,0.0,9,2,5,2,36.9
random,0.0,0.0,9,3,6,3,42.9
random,0.0,0.0,9,4,7,3,50.7
random,0.0,0.0,9,5,7,3,56.1
random,0.0,0.0,9,6,7,3,60.6
random,0.0,0.0,9,7,8,3,64.5
random,0.0,0.0,9,8,10,5,75.4
random,0.0,0.0,9,9,10,5,79.3
random,0.0,0.0,9,10,10,5,83.2
random,0.0,0.0,9,11,10,5,85.6
random,0.0,0.0,9,12,11,6,96.5
random,0.0,0.0,9,13,11,6,98.3
random,0.0,0.0,9,14,12,6,101.4
random,0.0,0.0,9,15,12,6,102.9
random,0.0,0.0,9,16,14,7,104.7
random,0.0,0.0,9,17,14,7,103.2
random,0.0,0.0,9,18,15,7,106.8
random,0.0,0.0,9,19,15,7,105.9
random,0.0,0.0,9,20,15,7,107.1
random,0.0,0.0,9,21,15,7,109.6
random,0.0,0.0,9,22,15,7,111.7
random,0.0,0.0,9,23,15,7,118.7
random,0.0,0.0,9,24,15,7,116.6
random,0.0,0.0,9,25,16,7,116.5
random,0.0,0.0,9,26,16,7,116.5
random,0.0,0.0,9,27,16,7,118.9
random,0.0,0.0,9,28,16,7,114.7
random,0.0,0.0,9,29,15,7,114.8
random,0.0,0.0,9,30,15,7,127.5
random,0.0,0.0,9,31,15,7,126.0
random,0.0,0.0,9,32,15,7,106.7
random,0.0,0.0,9,33,16,7,108.8
random,0.0,0.0,9,34,16,7,103.7
random,0.0,0.0,9,35,15,7,101.6
random,0.0,0.0,9,36,15,7,108.3
random,0.0,0.0,9,37,15,7,105.9
random,0.0,0.0,9,38,15,7,104.7
random,0.0,0.0,9,39,15,7,81.4
random,0.0,0.0,9,40,13,6,84.5
random,0.0,0.0,9,41,8,3,58.2
random,0.0,0.0,9,42,8,3,66.0
random,0.0,0.0,9,43,8,3,66.9
random,0.0,0.0,9,44,8,3,71.1
random,0.0,0.0,9,45,8,3,75.0
random,0.0,0.0,9,46,8,3,77.4
random,0.0,0.0,9,47,8,3,78.9
random,0.0,0.0,9,48,9,4,81.9
random,0.0,0.0,9,49,9,4,81.6
random,0.0,0.0,9,50,9,4,83.4
random,0.0,0.0,9,51,10,4,84.0
random,0.0,0.0,9,52,10,4,85.5
random,0.0,0.0,9,53,13,6,91.2
random,0.0,0.0,9,54,12,6,90.3
random,0.0,0.0,9,55,13,7,95.1
random,0.0,0.0,9,56,13,7,97.8
random,0.0,0.0,9,57,13,7,99.3
random,0.0,0.0,9,58,13,7,101.7
random,0.0,0.0,9,59,14,7,105.2
random,0.0,0.0,9,60,15,7,105.2
random,0.0,0.0,9,61,15,7,102.2
random,0.0,0.0,9,62,15,7,104.3
random,0.0,0.0,9,63,13,5,97.4
random,0.0,0.0,9,64,13,5,92.0
random,0.0,0.0,9,65,14,6,97.0
random,0.0,0.0,9,66,14,6,96.8
random,0.0,0.0,9,67,14,6,98.6
random,0.0,0.0,9,68,14,6,90.2
random,0.0,0.0,9,69,14,6,90.8
random,0.0,0.0,9,70,14,6,92.3
random,0.0,0.0,9,71,14,6,85.7
random,0.0,0.0,9,72,13,6,85.1
random,0.0,0.0,9,73,12,6,77.2
random,0.0,0.0,9,74,12,6,77.2
random,0.0,0.0,9,75,11,5,71.5
random,0.0,0.0,9,76,11,5,77.2
random,0.0,0.0,9,77,11,5,75.4
random,0.0,0.0,9,78,9,4,67.5
random,0.0,0.0,9,79,9,4,69.3
random,0.0,0.0,9,80,9,4,69.3
random,0.0,0.0,9,81,10,4,72.9
random,0.0,0.0,9,82,10,4,76.8
random,0.0,0.0,9,83,10,4,78.9
random,0.0,0.0,9,84,11,5,85.0
random,0.0,0.0,9,85,11,5,86.8
random,0.0,0.0,9,86,11,5,90.1
random,0.0,0.0,9,87,11,5,91.6
random,0.0,0.0,9,88,11,5,93.4
random,0.0,0.0,9,89,14,6,108.7
random,0.0,0.0,9,90,13,6,94.7
random,0.0,0.0,9,91,13,6,95.6
random,0.0,0.0,9,92,13,6,94.4
random,0.0,0.0,9,93,13,6,96.8
random,0.0,0.0,9,94,13,6,95.9
random,0.0,0.0,9,95,13,6,99.3
random,0.0,0.0,9,96,13,6,98.7
random,0.0,0.0,9,97,13,6,106.6
random,0.0,0.0,9,98,13,6,107.5
random,0.0,0.0,9,99,13,6,105.1
random,0.0,0.0,9,100,14,6,105.5
random,0.0,0.0,9,101,14,6,104.3
random,0.0,0.0,9,102,14,6,109.1
random,0.0,0.0,9,103,14,6,111.5
random,0.0,0.0,9,104,14,6,107.3
random,0.0,0.0,9,105,14,6,106.6
random,0.0,0.0,9,106,14,6,105.1
random,0.0,0.0,9,107,14,6,105.7
random,0.0,0.0,9,108,14,6,96.3
random,0.0,0.0,9,109,14,6,90.6
random,0.0,0.0,9,110,14,6,91.5
random,0.0,0.0,9,111,14,6,91.2
random,0.0,0.0,9,112,14,6,88.8
random,0.0,0.0,9,113,10,4,71.4
random,0.0,0.0,9,114,10,4,69.0
random,0.0,0.0,9,115,10,4,72.3
random,0.0,0.0,9,116,10,4,68.4
random,0.0,0.0,9,117,10,4,70.5
random,0.0,0.0,9,118,10,4,69.9
random,0.0,0.0,9,119,11,5,72.6
random,0.0,0.0,9,120,11,5,76.2
random,0.0,0.0,9,121,10,4,75.9
random,0.0,0.0,9,122,10,4,79.8
random,0.0,0.0,9,123,10,4,81.9
random,0.0,0.0,9,124,10,4,83.4
random,0.0,0.0,9,125,11,5,88.3
random,0.0,0.0,9,126,11,5,87.7
random,0.0,0.0,9,127,11,5,87.4
random,0.0,0.0,9,128,11,5,87.7
random,0.0,0.0,9,129,11,5,87.4
random,0.0,0.0,9,130,11,5,83.8
random,0.0,0.0,9,131,11,5,84.7
random,0.0,0.0,9,132,11,5,88.0
random,0.0,0.0,9,133,12,6,89.1
random,0.0,0.0,9,134,12,6,88.5
random,0.0,0.0,9,135,13,6,95.9
random,0.0,0.0,9,136,13,6,97.7
random,0.0,0.0,9,137,13,6,98.3
random,0.0,0.0,9,138,13,6,92.0
random,0.0,0.0,9,139,11,5,85.1
random,0.0,0.0,9,140,12,5,81.6
random,0.0,0.0,9,141,12,5,80.9
random,0.0,0.0,9,142,12,5,76.1
random,0.0,0.0,9,143,12,5,73.7
random,0.0,0.0,9,144,12,5,78.6
random,0.0,0.0,9,145,11,5,78.0
random,0.0,0.0,9,146,12,6,76.7
random,0.0,0.0,9,147,12,6,74.3
random,0.0,0.0,9,148,12,6,75.5
random,0.0,0.0,9,149,12,6,80.9
random,0.0,0.0,9,150,12,6,87.9
random,0.0,0.0,10,0,0,0,0.0
random,0.0,0.0,10,1,4,1,24.9
random,0.0,0.0,10,2,6,2,37.5
random,0.0,0.0,10,3,6,2,44.7
random,0.0,0.0,10,4,8,3,52.2
random,0.0,0.0,10,5,8,3,58.8
random,0.0,0.0,10,6,8,3,62.7
random,0.0,0.0,10,7,8,3,65.1
random,0.0,0.0,10,8,8,3,69.3
random,0.0,0.0,10,9,8,3,72.0
random,0.0,0.0,10,10,8,3,74.4
random,0.0,0.0,10,11,8,3,75.9
random,0.0,0.0,10,12,8,3,77.7
random,0.0,0.0,10,13,8,3,80.1
random,0.0,0.0,10,14,9,4,83.4
random,0.0,0.0,10,15,9,4,85.2
random,0.0,0.0,10,16,9,4,88.2
random,0.0,0.0,10,17,9,4,88.8
random,0.0,0.0,10,18,10,5,95.8
random,0.0,0.0,10,19,11,5,96.4
random,0.0,0.0,10,20,11,5,98.8
random,0.0,0.0,10,21,11,5,101.8
random,0.0,0.0,10,22,11,5,110.3
random,0.0,0.0,10,23,11,5,112.1
random,0.0,0.0,10,24,11,5,111.2
random,0.0,0.0,10,25,11,5,108.5
random,0.0,0.0,10,26,11,5,106.1
random,0.0,0.0,10,27,12,6,114.3
random,0.0,0.0,10,28,12,6,115.8
random,0.0,0.0,10,29,12,6,116.4
random,0.0,0.0,10,30,12,6,112.2
random,0.0,0.0,10,31,12,6,107.7
random,0.0,0.0,10,32,12,6,102.0
random,0.0,0.0,10,33,12,6,100.2
random,0.0,0.0,10,34,12,6,98.4
random,0.0,0.0,10,35,13,6,97.6
random,0.0,0.0,10,36,14,7,99.1
random,0.0,0.0,10,37,14,7,100.0
random,0.0,0.0,10,38,14,7,95.8
random,0.0,0.0,10,39,11,5,61.0
random,0.0,0.0,10,40,10,4,54.0
random,0.0,0.0,10,41,10,5,57.4
random,0.0,0.0,10,42,11,6,61.9
random,0.0,0.0,10,43,12,6,67.2
random,0.0,0.0,10,44,13,6,71.7
random,0.0,0.0,10,45,14,7,78.1
random,0.0,0.0,10,46,14,7,77.8
random,0.0,0.0,10,47,15,7,87.2
random,0.0,0.0,10,48,15,7,89.6
random,0.0,0.0,10,49,15,7,92.3
random,0.0,0.0,10,50,15,7,90.2
random,0.0,0.0,10,51,15,7,93.5
random,0.0,0.0,10,52,15,7,96.8
random,0.0,0.0,10,53,15,7,99.9
random,0.0,0.0,10,54,15,7,102.3
random,0.0,0.0,10,55,15,7,103.5
random,0.0,0.0,10,56,15,7,104.1
random,0.0,0.0,10,57,15,7,106.2
random,0.0,0.0,10,58,15,7,107.7
random,0.0,0.0,10,59,11,5,86.8
random,0.0,0.0,10,60,12,6,92.4
random,0.0,0.0,10,61,12,6,92.1
random,0.0,0.0,10,62,12,6,88.2
random,0.0,0.0,10,63,12,6,91.2
random,0.0,0.0,10,64,12,6,85.8
random,0.0,0.0,10,65,12,6,87.0
random,0.0,0.0,10,66,12,6,84.9
random,0.0,0.0,10,67,12,6,88.8
random,0.0,0.0,10,68,12,6,87.0
random,0.0,0.0,10,69,13,6,93.8
random,0.0,0.0,10,70,13,6,94.1
random,0.0,0.0,10,71,13,6,89.0
random,0.0,0.0,10,72,13,6,88.4
random,0.0,0.0,10,73,11,5,73.0
random,0.0,0.0,10,74,9,4,68.1
random,0.0,0.0,10,75,9,4,70.8
random,0.0,0.0,10,76,9,4,72.3
random,0.0,0.0,10,77,10,4,73.2
random,0.0,0.0,10,78,10,4,77.1
random,0.0,0.0,10,79,9,4,74.7
random,0.0,0.0,10,80,9,4,74.7
random,0.0,0.0,10,81,9,4,75.9
random,0.0,0.0,10,82,10,4,78.3
random,0.0,0.0,10,83,10,4,80.7
random,0.0,0.0,10,84,10,4,83.1
random,0.0,0.0,10,85,10,4,84.9
random,0.0,0.0,10,86,10,4,85.2
random,0.0,0.0,10,87,10,4,84.3
random,0.0,0.0,10,88,10,4,87.6
random,0.0,0.0,10,89,10,4,88.2
random,0.0,0.0,10,90,10,4,88.8
random,0.0,0.0,10,91,10,4,89.1
random,0.0,0.0,10,92,11,5,88.5
random,0.0,0.0,10,93,11,5,87.3
random,0.0,0.0,10,94,11,5,86.7
random,0.0,0.0,10,95,11,5,81.6
random,0.0,0.0,10,96,11,5,78.0
random,0.0,0.0,10,97,11,5,75.9
random,0.0,0.0,10,98,11,5,77.1
random,0.0,0.0,10,99,10,4,73.5
random,0.0,0.0,10,100,11,5,76.3
random,0.0,0.0,10,101,11,5,77.5
random,0.0,0.0,10,102,12,6,80.2
random,0.0,0.0,10,103,12,6,78.4
random,0.0,0.0,10,104,12,6,74.5
random,0.0,0.0,10,105,12,6,67.9
random,0.0,0.0,10,106,12,6,70.3
random,0.0,0.0,10,107,13,6,79.7
random,0.0,0.0,10,108,13,6,77.6
random,0.0,0.0,10,109,13,6,77.9
random,0.0,0.0,10,110,13,6,80.0
random,0.0,0.0,10,111,13,6,81.8
random,0.0,0.0,10,112,13,6,79.4
random,0.0,0.0,10,113,13,6,79.4
random,0.0,0.0,10,114,13,6,82.8
random,0.0,0.0,10,115,13,6,93.7
random,0.0,0.0,10,116,12,5,85.7
random,0.0,0.0,10,117,12,5,86.3
random,0.0,0.0,10,118,13,6,79.7
random,0.0,0.0,10,119,13,6,82.4
random,0.0,0.0,10,120,13,6,87.8
random,0.0,0.0,10,121,13,6,89.3
random,0.0,0.0,10,122,13,6,93.8
random,0.0,0.0,10,123,10,4,84.3
random,0.0,0.0,10,124,10,4,88.5
random,0.0,0.0,10,125,10,4,85.2
random,0.0,0.0,10,126,10,4,87.9
random,0.0,0.0,10,127,10,4,86.4
random,0.0,0.0,10,128,10,4,88.8
random,0.0,0.0,10,129,10,4,83.7
random,0.0,0.0,10,130,10,4,80.1
random,0.0,0.0,10,131,10,4,75.9
random,0.0,0.0,10,132,10,4,80.4
random,0.0,0.0,10,133,10,4,78.3
random,0.0,0.0,10,134,10,4,79.2
random,0.0,0.0,10,135,10,4,83.4
random,0.0,0.0,10,136,10,4,83.7
random,0.0,0.0,10,137,10,4,78.9
random,0.0,0.0,10,138,10,4,77.4
random,0.0,0.0,10,139,10,4,79.5
random,0.0,0.0,10,140,10,4,82.5
random,0.0,0.0,10,141,11,5,84.7
random,0.0,0.0,10,142,11,5,85.6
random,0.0,0.0,10,143,11,5,87.1
random,0.0,0.0,10,144,11,5,82.6
random,0.0,0.0,10,145,11,5,77.8
random,0.0,0.0,10,146,11,5,77.8
random,0.0,0.0,10,147,11,5,78.1
random,0.0,0.0,10,148,11,5,79.3
random,0.0,0.0,10,149,11,5,79.6
random,0.0,0.0,10,150,12,5,87.2
random,0.0,0.0,11,0,0,0,0.0
random,0.0,0.0,11,1,4,1,19.8
random,0.0,0.0,11,2,7,3,34.2
random,0.0,0.0,11,3,8,3,41.1
random,0.0,0.0,11,4,8,3,46.5
random,0.0,0.0,11,5,8,3,53.4
random,0.0,0.0,11,6,8,3,57.6
random,0.0,0.0,11,7,9,4,61.8
random,0.0,0.0,11,8,9,4,64.8
random,0.0,0.0,11,9,10,4,68.1
random,0.0,0.0,11,10,10,4,70.8
random,0.0,0.0,11,11,10,4,72.3
random,0.0,0.0,11,12,11,5,81.7
random,0.0,0.0,11,13,11,5,81.7
random,0.0,0.0,11,14,12,5,84.1
random,0.0,0.0,11,15,12,5,86.8
random,0.0,0.0,11,16,12,5,90.7
random,0.0,0.0,11,17,12,5,92.2
random,0.0,0.0,11,18,13,5,92.9
random,0.0,0.0,11,19,13,5,95.0
random,0.0,0.0,11,20,13,5,98.6
random,0.0,0.0,11,21,13,5,100.4
random,0.0,0.0,11,22,14,6,103.1
random,0.0,0.0,11,23,14,6,104.3
random,0.0,0.0,11,24,14,6,113.1
random,0.0,0.0,11,25,14,6,114.6
random,0.0,0.0,11,26,15,6,129.5
random,0.0,0.0,11,27,14,6,128.3
random,0.0,0.0,11,28,15,7,138.6
random,0.0,0.0,11,29,15,7,126.3
random,0.0,0.0,11,30,15,7,130.6
random,0.0,0.0,11,31,16,8,141.9
random,0.0,0.0,11,32,17,8,136.8
random,0.0,0.0,11,33,18,8,153.3
random,0.0,0.0,11,34,18,8,143.4
random,0.0,0.0,11,35,18,8,137.4
random,0.0,0.0,11,36,18,8,129.3
random,0.0,0.0,11,37,17,8,122.6
random,0.0,0.0,11,38,17,8,114.1
random,0.0,0.0,11,39,17,8,115.9
random,0.0,0.0,11,40,15,8,104.0
random,0.0,0.0,11,41,9,4,59.1
random,0.0,0.0,11,42,9,4,64.5
random,0.0,0.0,11,43,9,4,67.8
random,0.0,0.0,11,44,10,5,69.6
random,0.0,0.0,11,45,10,5,72.3
random,0.0,0.0,11,46,10,5,73.5
random,0.0,0.0,11,47,11,5,77.7
random,0.0,0.0,11,48,12,5,85.9
random,0.0,0.0,11,49,12,5,88.3
random,0.0,0.0,11,50,12,5,89.2
random,0.0,0.0,11,51,12,5,97.7
random,0.0,0.0,11,52,13,5,100.5
random,0.0,0.0,11,53,13,5,103.2
random,0.0,0.0,11,54,14,6,115.0
random,0.0,0.0,11,55,14,6,117.1
random,0.0,0.0,11,56,14,6,124.7
random,0.0,0.0,11,57,14,6,126.9
random,0.0,0.0,11,58,14,6,127.5
random,0.0,0.0,11,59,14,6,131.6
random,0.0,0.0,11,60,13,6,130.2
random,0.0,0.0,11,61,13,6,128.4
random,0.0,0.0,11,62,15,7,138.6
random,0.0,0.0,11,63,16,7,142.7
random,0.0,0.0,11,64,16,7,147.3
random,0.0,0.0,11,65,16,7,148.6
random,0.0,0.0,11,66,16,7,144.3
random,0.0,0.0,11,67,16,7,152.2
random,0.0,0.0,11,68,15,6,141.2
random,0.0,0.0,11,69,15,6,107.5
random,0.0,0.0,11,70,15,6,111.4
random,0.0,0.0,11,71,15,6,113.5
random,0.0,0.0,11,72,15,6,112.4
random,0.0,0.0,11,73,15,6,100.2
random,0.0,0.0,11,74,13,6,72.5
random,0.0,0.0,11,75,13,6,68.0
random,0.0,0.0,11,76,9,4,62.4
random,0.0,0.0,11,77,9,4,63.6
random,0.0,0.0,11,78,9,4,67.8
random,0.0,0.0,11,79,9,4,70.8
random,0.0,0.0,11,80,8,3,69.6
random,0.0,0.0,11,81,8,3,71.7
random,0.0,0.0,11,82,8,3,74.4
random,0.0,0.0,11,83,10,4,77.7
random,0.0,0.0,11,84,10,4,78.0
random,0.0,0.0,11,85,10,4,80.1
random,0.0,0.0,11,86,10,4,81.9
random,0.0,0.0,11,87,10,4,80.1
random,0.0,0.0,11,88,10,4,82.2
random,0.0,0.0,11,89,11,5,85.0
random,0.0,0.0,11,90,11,5,86.8
random,0.0,0.0,11,91,11,5,88.4
random,0.0,0.0,11,92,11,5,89.0
random,0.0,0.0,11,93,11,5,90.8
random,0.0,0.0,11,94,11,5,87.5
random,0.0,0.0,11,95,12,6,88.3
random,0.0,0.0,11,96,12,6,91.8
random,0.0,0.0,11,97,13,6,97.9
random,0.0,0.0,11,98,13,6,92.8
random,0.0,0.0,11,99,12,6,81.3
random,0.0,0.0,11,100,12,6,83.1
random,0.0,0.0,11,101,13,6,102.5
random,0.0,0.0,11,102,13,6,101.0
random,0.0,0.0,11,103,14,6,103.8
random,0.0,0.0,11,104,14,6,99.6
random,0.0,0.0,11,105,14,6,93.9
random,0.0,0.0,11,106,14,6,93.2
random,0.0,0.0,11,107,14,6,91.7
random,0.0,0.0,11,108,10,4,72.3
random,0.0,0.0,11,109,10,4,71.7
random,0.0,0.0,11,110,10,4,72.0
random,0.0,0.0,11,111,10,4,75.3
random,0.0,0.0,11,112,11,5,78.4
random,0.0,0.0,11,113,11,5,81.4
random,0.0,0.0,11,114,12,5,88.4
random,0.0,0.0,11,115,12,5,90.8
random,0.0,0.0,11,116,12,5,86.9
random,0.0,0.0,11,117,12,5,86.3
random,0.0,0.0,11,118,12,5,89.6
random,0.0,0.0,11,119,13,5,90.8
random,0.0,0.0,11,120,13,5,90.2
random,0.0,0.0,11,121,13,5,91.1
random,0.0,0.0,11,122,13,5,94.1
random,0.0,0.0,11,123,13,5,97.4
random,0.0,0.0,11,124,13,5,94.7
random,0.0,0.0,11,125,13,5,98.1
random,0.0,0.0,11,126,12,5,96.6
random,0.0,0.0,11,127,13,6,101.8
random,0.0,0.0,11,128,12,5,87.2
random,0.0,0.0,11,129,12,5,79.7
random,0.0,0.0,11,130,12,5,86.6
random,0.0,0.0,11,131,9,4,74.4
random,0.0,0.0,11,132,9,4,80.1
random,0.0,0.0,11,133,10,4,83.4
random,0.0,0.0,11,134,10,4,85.5
random,0.0,0.0,11,135,9,4,83.1
random,0.0,0.0,11,136,10,4,72.9
random,0.0,0.0,11,137,10,4,72.0
random,0.0,0.0,11,138,10,4,72.9
random,0.0,0.0,11,139,10,4,77.1
random,0.0,0.0,11,140,10,4,80.1
random,0.0,0.0,11,141,11,5,87.1
random,0.0,0.0,11,142,11,5,84.7
random,0.0,0.0,11,143,12,5,79.7
random,0.0,0.0,11,144,13,6,80.9
random,0.0,0.0,11,145,13,6,81.8
random,0.0,0.0,11,146,13,6,79.7
random,0.0,0.0,11,147,13,6,75.5
random,0.0,0.0,11,148,13,6,79.4
random,0.0,0.0,11,149,13,6,81.2
random,0.0,0.0,11,150,13,6,84.8
random,0.0,0.0,12,0,0,0,0.0
random,0.0,0.0,12,1,5,2,25.5
random,0.0,0.0,12,2,5,2,38.4
random,0.0,0.0,12,3,6,3,48.0
random,0.0,0.0,12,4,7,3,52.8
random,0.0,0.0,12,5,8,3,57.3
random,0.0,0.0,12,6,8,3,60.9
random,0.0,0.0,12,7,9,4,63.3
random,0.0,0.0,12,8,9,4,66.3
random,0.0,0.0,12,9,9,4,68.7
random,0.0,0.0,12,10,9,4,71.7
random,0.0,0.0,12,11,9,4,74.4
random,0.0,0.0,12,12,9,4,76.2
random,0.0,0.0,12,13,9,4,77.1
random,0.0,0.0,12,14,9,4,78.0
random,0.0,0.0,12,15,9,4,79.8
random,0.0,0.0,12,16,9,4,80.7
random,0.0,0.0,12,17,10,4,84.0
random,0.0,0.0,12,18,10,4,85.5
random,0.0,0.0,12,19,10,4,87.3
random,0.0,0.0,12,20,10,4,88.8
random,0.0,0.0,12,21,10,4,86.7
random,0.0,0.0,12,22,10,4,87.9
random,0.0,0.0,12,23,10,4,85.8
random,0.0,0.0,12,24,11,5,88.6
random,0.0,0.0,12,25,12,6,89.8
random,0.0,0.0,12,26,12,6,91.0
random,0.0,0.0,12,27,12,6,90.7
random,0.0,0.0,12,28,12,6,90.7
random,0.0,0.0,12,29,11,5,95.5
random,0.0,0.0,12,30,12,5,94.1
random,0.0,0.0,12,31,12,5,87.5
random,0.0,0.0,12,32,12,5,84.8
random,0.0,0.0,12,33,10,4,70.2
random,0.0,0.0,12,34,10,4,65.1
random,0.0,0.0,12,35,10,4,68.7
random,0.0,0.0,12,36,10,4,66.6
random,0.0,0.0,12,37,9,4,63.6
random,0.0,0.0,12,38,9,4,62.7
random,0.0,0.0,12,39,9,4,63.3
random,0.0,0.0,12,40,9,4,63.0
random,0.0,0.0,12,41,9,4,59.7
random,0.0,0.0,12,42,9,4,67.8
random,0.0,0.0,12,43,9,4,70.8
random,0.0,0.0,12,44,9,4,73.8
random,0.0,0.0,12,45,9,4,74.1
random,0.0,0.0,12,46,9,4,77.4
random,0.0,0.0,12,47,9,4,77.7
random,0.0,0.0,12,48,9,4,81.3
random,0.0,0.0,12,49,9,4,84.3
random,0.0,0.0,12,50,10,4,86.1
random,0.0,0.0,12,51,10,4,86.4
random,0.0,0.0,12,52,10,4,88.2
random,0.0,0.0,12,53,10,4,85.5
random,0.0,0.0,12,54,11,5,94.9
random,0.0,0.0,12,55,11,5,96.4
random,0.0,0.0,12,56,11,5,98.8
random,0.0,0.0,12,57,11,5,96.4
random,0.0,0.0,12,58,11,5,99.4
random,0.0,0.0,12,59,11,5,98.5
random,0.0,0.0,12,60,11,5,100.9
random,0.0,0.0,12,61,12,5,101.5
random,0.0,0.0,12,62,12,5,108.5
random,0.0,0.0,12,63,12,5,101.0
random,0.0,0.0,12,64,12,5,100.7
random,0.0,0.0,12,65,12,5,97.7
random,0.0,0.0,12,66,12,5,94.7
random,0.0,0.0,12,67,12,5,82.3
random,0.0,0.0,12,68,10,5,79.2
random,0.0,0.0,12,69,10,5,79.5
random,0.0,0.0,12,70,9,4,68.1
random,0.0,0.0,12,71,10,5,71.1
random,0.0,0.0,12,72,10,5,73.8
random,0.0,0.0,12,73,10,5,75.3
random,0.0,0.0,12,74,11,5,73.2
random,0.0,0.0,12,75,10,4,69.3
random,0.0,0.0,12,76,10,4,72.3
random,0.0,0.0,12,77,10,4,72.9
random,0.0,0.0,12,78,9,4,75.0
random,0.0,0.0,12,79,9,4,77.4
random,0.0,0.0,12,80,9,4,75.3
random,0.0,0.0,12,81,9,4,75.0
random,0.0,0.0,12,82,10,4,76.2
random,0.0,0.0,12,83,11,5,79.8
random,0.0,0.0,12,84,11,5,83.7
random,0.0,0.0,12,85,11,5,84.9
random,0.0,0.0,12,86,12,5,87.7
random,0.0,0.0,12,87,12,5,87.7
random,0.0,0.0,12,88,12,5,85.0
random,0.0,0.0,12,89,13,5,92.3
random,0.0,0.0,12,90,13,5,95.3
random,0.0,0.0,12,91,11,5,84.9
random,0.0,0.0,12,92,11,5,85.8
random,0.0,0.0,12,93,11,5,84.6
random,0.0,0.0,12,94,12,5,86.2
random,0.0,0.0,12,95,12,5,88.0
random,0.0,0.0,12,96,12,5,88.3
random,0.0,0.0,12,97,12,5,80.2
random,0.0,0.0,12,98,13,6,79.3
random,0.0,0.0,12,99,13,6,75.7
random,0.0,0.0,12,100,12,6,78.1
random,0.0,0.0,12,101,13,6,81.4
random,0.0,0.0,12,102,13,6,80.8
random,0.0,0.0,12,103,13,6,85.9
random,0.0,0.0,12,104,13,6,89.5
random,0.0,0.0,12,105,13,6,85.8
random,0.0,0.0,12,106,12,6,81.9
random,0.0,0.0,12,107,12,6,82.8
random,0.0,0.0,12,108,12,6,86.1
random,0.0,0.0,12,109,12,6,87.6
random,0.0,0.0,12,110,12,6,86.1
random,0.0,0.0,12,111,8,3,79.8
random,0.0,0.0,12,112,10,4,80.4
random,0.0,0.0,12,113,10,4,83.7
random,0.0,0.0,12,114,10,4,84.3
random,0.0,0.0,12,115,10,4,78.9
random,0.0,0.0,12,116,10,4,81.6
random,0.0,0.0,12,117,10,4,82.8
random,0.0,0.0,12,118,11,5,83.8
random,0.0,0.0,12,119,11,5,85.3
random,0.0,0.0,12,120,11,5,84.7
random,0.0,0.0,12,121,12,5,94.4
random,0.0,0.0,12,122,12,5,94.4
random,0.0,0.0,12,123,12,5,94.7
random,0.0,0.0,12,124,12,5,91.7
random,0.0,0.0,12,125,12,5,94.8
random,0.0,0.0,12,126,13,6,105.4
random,0.0,0.0,12,127,13,6,104.8
random,0.0,0.0,12,128,14,6,104.5
random,0.0,0.0,12,129,15,7,111.7
random,0.0,0.0,12,130,15,7,110.8
random,0.0,0.0,12,131,15,7,106.3
random,0.0,0.0,12,132,15,7,106.9
random,0.0,0.0,12,133,15,7,104.8
random,0.0,0.0,12,134,15,7,110.0
random,0.0,0.0,12,135,15,7,114.6
random,0.0,0.0,12,136,15,7,109.7
random,0.0,0.0,12,137,16,7,112.9
random,0.0,0.0,12,138,16,7,98.7
random,0.0,0.0,12,139,16,7,97.2
random,0.0,0.0,12,140,16,7,99.6
random,0.0,0.0,12,141,16,7,102.9
random,0.0,0.0,12,142,16,7,109.3
random,0.0,0.0,12,143,16,7,112.6
random,0.0,0.0,12,144,17,7,117.5
random,0.0,0.0,12,145,16,7,117.1
random,0.0,0.0,12,146,9,4,72.9
random,0.0,0.0,12,147,9,4,71.1
random,0.0,0.0,12,148,9,4,74.7
random,0.0,0.0,12,149,10,5,85.6
random,0.0,0.0,12,150,12,5,87.2
random,0.0,0.0,13,0,0,0,0.0
random,0.0,0.0,13,1,4,1,24.3
random,0.0,0.0,13,2,5,2,38.1
random,0.0,0.0,13,3,6,3,45.3
random,0.0,0.0,13,4,6,3,51.0
random,0.0,0.0,13,5,7,3,55.2
random,0.0,0.0,13,6,9,4,59.7
random,0.0,0.0,13,7,9,4,64.8
random,0.0,0.0,13,8,10,5,68.8
random,0.0,0.0,13,9,10,5,70.6
random,0.0,0.0,13,10,11,5,80.0
random,0.0,0.0,13,11,11,5,83.0
random,0.0,0.0,13,12,12,5,88.4
random,0.0,0.0,13,13,12,5,89.9
random,0.0,0.0,13,14,12,5,91.7
random,0.0,0.0,13,15,12,5,93.8
random,0.0,0.0,13,16,12,5,94.4
random,0.0,0.0,13,17,12,5,96.8
random,0.0,0.0,13,18,12,5,98.6
random,0.0,0.0,13,19,12,5,100.1
random,0.0,0.0,13,20,12,5,100.7
random,0.0,0.0,13,21,12,5,101.6
random,0.0,0.0,13,22,12,5,103.7
random,0.0,0.0,13,23,13,5,107.1
random,0.0,0.0,13,24,14,6,108.5
random,0.0,0.0,13,25,14,6,112.9
random,0.0,0.0,13,26,15,6,113.2
random,0.0,0.0,13,27,15,6,108.5
random,0.0,0.0,13,28,15,6,109.4
random,0.0,0.0,13,29,15,6,107.9
random,0.0,0.0,13,30,16,7,112.2
random,0.0,0.0,13,31,17,7,127.7
random,0.0,0.0,13,32,17,7,120.8
random,0.0,0.0,13,33,15,6,107.5
random,0.0,0.0,13,34,15,6,110.3
random,0.0,0.0,13,35,15,6,107.3
random,0.0,0.0,13,36,15,6,104.2
random,0.0,0.0,13,37,15,6,89.4
random,0.0,0.0,13,38,9,4,53.7
random,0.0,0.0,13,39,9,4,54.3
random,0.0,0.0,13,40,8,3,54.0
random,0.0,0.0,13,41,8,3,57.6
random,0.0,0.0,13,42,8,4,56.7
random,0.0,0.0,13,43,9,4,62.1
random,0.0,0.0,13,44,9,4,66.0
random,0.0,0.0,13,45,9,4,70.5
random,0.0,0.0,13,46,10,4,72.3
random,0.0,0.0,13,47,10,4,75.6
random,0.0,0.0,13,48,11,5,83.5
random,0.0,0.0,13,49,11,5,85.6
random,0.0,0.0,13,50,11,5,88.3
random,0.0,0.0,13,51,11,5,90.1
random,0.0,0.0,13,52,11,5,91.0
random,0.0,0.0,13,53,11,5,92.5
random,0.0,0.0,13,54,11,5,95.5
random,0.0,0.0,13,55,9,4,88.2
random,0.0,0.0,13,56,9,4,88.8
random,0.0,0.0,13,57,9,4,88.5
random,0.0,0.0,13,58,9,4,89.7
random,0.0,0.0,13,59,9,4,90.0
random,0.0,0.0,13,60,9,4,87.6
random,0.0,0.0,13,61,10,4,84.9
random,0.0,0.0,13,62,10,4,75.6
random,0.0,0.0,13,63,11,5,83.8
random,0.0,0.0,13,64,11,5,84.1
random,0.0,0.0,13,65,11,5,80.5
random,0.0,0.0,13,66,11,5,78.1
random,0.0,0.0,13,67,11,5,78.4
random,0.0,0.0,13,68,11,5,82.0
random,0.0,0.0,13,69,11,5,86.0
random,0.0,0.0,13,70,11,5,86.9
random,0.0,0.0,13,71,11,5,80.8
random,0.0,0.0,13,72,11,5,78.7
random,0.0,0.0,13,73,11,5,81.7
random,0.0,0.0,13,74,12,5,82.7
random,0.0,0.0,13,75,12,5,79.4
random,0.0,0.0,13,76,12,5,80.9
random,0.0,0.0,13,77,11,5,67.6
random,0.0,0.0,13,78,11,5,74.2
random,0.0,0.0,13,79,11,5,76.0
random,0.0,0.0,13,80,11,5,80.8
random,0.0,0.0,13,81,11,5,83.8
random,0.0,0.0,13,82,11,5,85.0
random,0.0,0.0,13,83,11,5,87.1
random,0.0,0.0,13,84,11,5,89.2
random,0.0,0.0,13,85,12,6,97.4
random,0.0,0.0,13,86,12,6,100.4
random,0.0,0.0,13,87,12,6,101.6
random,0.0,0.0,13,88,12,6,99.5
random,0.0,0.0,13,89,9,4,84.0
random,0.0,0.0,13,90,10,4,86.4
random,0.0,0.0,13,91,10,4,89.1
random,0.0,0.0,13,92,10,4,91.8
random,0.0,0.0,13,93,11,5,94.0
random,0.0,0.0,13,94,11,5,94.0
random,0.0,0.0,13,95,11,5,89.2
random,0.0,0.0,13,96,11,5,89.9
random,0.0,0.0,13,97,11,5,83.2
random,0.0,0.0,13,98,11,5,82.7
random,0.0,0.0,13,99,11,5,79.7
random,0.0,0.0,13,100,12,5,83.1
random,0.0,0.0,13,101,12,5,95.2
random,0.0,0.0,13,102,12,5,93.0
random,0.0,0.0,13,103,12,5,90.3
random,0.0,0.0,13,104,12,5,88.0
random,0.0,0.0,13,105,12,5,92.8
random,0.0,0.0,13,106,12,5,88.6
random,0.0,0.0,13,107,12,5,87.4
random,0.0,0.0,13,108,12,5,88.6
random,0.0,0.0,13,109,12,5,94.0
random,0.0,0.0,13,110,12,5,83.9
random,0.0,0.0,13,111,12,5,87.2
random,0.0,0.0,13,112,12,5,88.8
random,0.0,0.0,13,113,12,5,85.2
random,0.0,0.0,13,114,12,5,85.5
random,0.0,0.0,13,115,12,5,83.7
random,0.0,0.0,13,116,12,5,83.1
random,0.0,0.0,13,117,13,6,90.6
random,0.0,0.0,13,118,10,5,72.7
random,0.0,0.0,13,119,10,5,74.2
random,0.0,0.0,13,120,10,5,74.5
random,0.0,0.0,13,121,11,5,86.3
random,0.0,0.0,13,122,11,5,89.9
random,0.0,0.0,13,123,11,5,89.9
random,0.0,0.0,13,124,11,5,91.4
random,0.0,0.0,13,125,12,6,88.1
random,0.0,0.0,13,126,13,6,99.0
random,0.0,0.0,13,127,14,6,102.0
random,0.0,0.0,13,128,14,6,100.8
random,0.0,0.0,13,129,14,6,103.2
random,0.0,0.0,13,130,14,6,100.8
random,0.0,0.0,13,131,14,6,98.7
random,0.0,0.0,13,132,14,6,101.1
random,0.0,0.0,13,133,14,6,100.8
random,0.0,0.0,13,134,12,6,82.9
random,0.0,0.0,13,135,12,6,84.4
random,0.0,0.0,13,136,10,4,74.7
random,0.0,0.0,13,137,11,5,74.2
random,0.0,0.0,13,138,11,5,77.8
random,0.0,0.0,13,139,11,5,79.4
random,0.0,0.0,13,140,11,5,76.9
random,0.0,0.0,13,141,10,5,72.4
random,0.0,0.0,13,142,10,5,77.5
random,0.0,0.0,13,143,10,5,76.6
random,0.0,0.0,13,144,10,5,80.8
random,0.0,0.0,13,145,10,5,81.7
random,0.0,0.0,13,146,11,5,82.0
random,0.0,0.0,13,147,11,5,85.0
random,0.0,0.0,13,148,12,5,89.0
random,0.0,0.0,13,149,12,5,88.1
random,0.0,0.0,13,150,12,5,88.4
random,0.0,0.0,14,0,0,0,0.0
random,0.0,0.0,14,1,5,2,21.6
random,0.0,0.0,14,2,7,3,38.1
random,0.0,0.0,14,3,8,3,48.0
random,0.0,0.0,14,4,8,3,53.1
random,0.0,0.0,14,5,8,3,57.9
random,0.0,0.0,14,6,8,3,61.8
random,0.0,0.0,14,7,9,4,63.9
random,0.0,0.0,14,8,9,4,66.0
random,0.0,0.0,14,9,9,4,68.7
random,0.0,0.0,14,10,9,4,70.5
random,0.0,0.0,14,11,9,4,72.9
random,0.0,0.0,14,12,9,4,74.7
random,0.0,0.0,14,13,10,4,77.4
random,0.0,0.0,14,14,10,4,77.4
random,0.0,0.0,14,15,10,4,81.0
random,0.0,0.0,14,16,11,5,83.8
random,0.0,0.0,14,17,11,5,86.5
random,0.0,0.0,14,18,11,5,88.3
random,0.0,0.0,14,19,12,5,95.6
random,0.0,0.0,14,20,12,5,98.7
random,0.0,0.0,14,21,12,5,98.4
random,0.0,0.0,14,22,13,6,105.4
random,0.0,0.0,14,23,13,6,106.6
random,0.0,0.0,14,24,14,6,102.9
random,0.0,0.0,14,25,14,6,101.4
random,0.0,0.0,14,26,14,6,102.0
random,0.0,0.0,14,27,14,6,105.6
random,0.0,0.0,14,28,14,6,105.9
random,0.0,0.0,14,29,14,6,107.5
random,0.0,0.0,14,30,14,6,101.2
random,0.0,0.0,14,31,14,6,100.0
random,0.0,0.0,14,32,12,6,83.6
random,0.0,0.0,14,33,12,6,81.8
random,0.0,0.0,14,34,12,6,70.4
random,0.0,0.0,14,35,13,6,72.3
random,0.0,0.0,14,36,14,6,92.0
random,0.0,0.0,14,37,14,6,87.8
random,0.0,0.0,14,38,14,6,92.6
random,0.0,0.0,14,39,10,5,69.1
random,0.0,0.0,14,40,11,5,75.4
random,0.0,0.0,14,41,11,5,71.8
random,0.0,0.0,14,42,9,5,69.4
random,0.0,0.0,14,43,10,5,74.2
random,0.0,0.0,14,44,10,5,76.6
random,0.0,0.0,14,45,13,6,83.8
random,0.0,0.0,14,46,13,6,87.1
random,0.0,0.0,14,47,13,7,83.8
random,0.0,0.0,14,48,13,7,84.7
random,0.0,0.0,14,49,13,7,86.8
random,0.0,0.0,14,50,14,7,89.5
random,0.0,0.0,14,51,14,7,88.9
random,0.0,0.0,14,52,14,7,90.1
random,0.0,0.0,14,53,14,7,86.9
random,0.0,0.0,14,54,14,7,90.5
random,0.0,0.0,14,55,14,7,90.2
random,0.0,0.0,14,56,14,7,95.8
random,0.0,0.0,14,57,14,7,94.3
random,0.0,0.0,14,58,14,7,94.0
random,0.0,0.0,14,59,12,6,86.7
random,0.0,0.0,14,60,12,6,84.0
random,0.0,0.0,14,61,12,6,85.8
random,0.0,0.0,14,62,12,6,80.1
random,0.0,0.0,14,63,9,4,74.1
random,0.0,0.0,14,64,10,4,77.1
random,0.0,0.0,14,65,10,4,69.9
random,0.0,0.0,14,66,10,4,68.1
random,0.0,0.0,14,67,10,4,65.7
random,0.0,0.0,14,68,10,4,68.4
random,0.0,0.0,14,69,10,4,69.6
random,0.0,0.0,14,70,9,4,69.0
random,0.0,0.0,14,71,9,4,73.5
random,0.0,0.0,14,72,11,5,81.2
random,0.0,0.0,14,73,12,5,84.2
random,0.0,0.0,14,74,12,5,86.0
random,0.0,0.0,14,75,12,5,79.4
random,0.0,0.0,14,76,12,5,84.8
random,0.0,0.0,14,77,13,6,83.9
random,0.0,0.0,14,78,13,6,86.0
random,0.0,0.0,14,79,13,6,89.3
random,0.0,0.0,14,80,13,6,88.4
random,0.0,0.0,14,81,13,6,90.8
random,0.0,0.0,14,82,13,6,89.3
random,0.0,0.0,14,83,13,6,92.3
random,0.0,0.0,14,84,13,6,91.7
random,0.0,0.0,14,85,13,6,93.8
random,0.0,0.0,14,86,13,6,96.2
random,0.0,0.0,14,87,13,6,96.2
random,0.0,0.0,14,88,14,6,98.8
random,0.0,0.0,14,89,13,6,87.9
random,0.0,0.0,14,90,13,6,89.2
random,0.0,0.0,14,91,13,6,87.1
random,0.0,0.0,14,92,13,6,86.5
random,0.0,0.0,14,93,14,7,88.0
random,0.0,0.0,14,94,14,7,88.3
random,0.0,0.0,14,95,11,5,86.2
random,0.0,0.0,14,96,11,5,84.7
random,0.0,0.0,14,97,11,5,80.8
random,0.0,0.0,14,98,12,5,90.5
random,0.0,0.0,14,99,12,5,90.9
random,0.0,0.0,14,100,12,5,101.5
random,0.0,0.0,14,101,12,5,98.2
random,0.0,0.0,14,102,12,5,96.7
random,0.0,0.0,14,103,12,5,97.6
random,0.0,0.0,14,104,12,5,94.6
random,0.0,0.0,14,105,13,6,107.0
random,0.0,0.0,14,106,12,5,86.6
random,0.0,0.0,14,107,12,5,85.1
random,0.0,0.0,14,108,13,6,93.6
random,0.0,0.0,14,109,13,6,95.1
random,0.0,0.0,14,110,13,6,93.1
random,0.0,0.0,14,111,13,6,96.7
random,0.0,0.0,14,112,13,6,104.3
random,0.0,0.0,14,113,13,6,100.4
random,0.0,0.0,14,114,13,6,104.6
random,0.0,0.0,14,115,13,6,103.9
random,0.0,0.0,14,116,13,6,106.9
random,0.0,0.0,14,117,13,6,113.0
random,0.0,0.0,14,118,13,6,116.3
random,0.0,0.0,14,119,14,6,117.8
random,0.0,0.0,14,120,14,6,108.5
random,0.0,0.0,14,121,14,6,107.3
random,0.0,0.0,14,122,15,6,107.2
random,0.0,0.0,14,123,15,6,108.7
random,0.0,0.0,14,124,15,6,108.1
random,0.0,0.0,14,125,12,5,89.0
random,0.0,0.0,14,126,12,5,89.4
random,0.0,0.0,14,127,13,6,93.0
random,0.0,0.0,14,128,14,6,95.6
random,0.0,0.0,14,129,14,6,94.1
random,0.0,0.0,14,130,14,6,90.8
random,0.0,0.0,14,131,14,6,89.7
random,0.0,0.0,14,132,15,6,96.7
random,0.0,0.0,14,133,15,6,101.5
random,0.0,0.0,14,134,15,6,103.8
random,0.0,0.0,14,135,15,6,107.1
random,0.0,0.0,14,136,14,6,100.8
random,0.0,0.0,14,137,14,6,100.5
random,0.0,0.0,14,138,12,6,80.7
random,0.0,0.0,14,139,13,6,82.8
random,0.0,0.0,14,140,13,6,79.5
random,0.0,0.0,14,141,12,6,77.7
random,0.0,0.0,14,142,12,6,81.0
random,0.0,0.0,14,143,13,6,91.3
random,0.0,0.0,14,144,13,6,94.9
random,0.0,0.0,14,145,13,6,96.7
random,0.0,0.0,14,146,13,6,98.2
random,0.0,0.0,14,147,11,5,94.3
random,0.0,0.0,14,148,11,5,94.3
random,0.0,0.0,14,149,10,5,88.6
random,0.0,0.0,14,150,12,5,101.1
random,0.0,0.0,15,0,0,0,0.0
random,0.0,0.0,15,1,4,1,21.6
random,0.0,0.0,15,2,5,2,35.1
random,0.0,0.0,15,3,6,3,43.5
random,0.0,0.0,15,4,8,3,50.1
random,0.0,0.0,15,5,9,4,55.8
random,0.0,0.0,15,6,9,4,60.6
random,0.0,0.0,15,7,9,4,64.8
random,0.0,0.0,15,8,9,4,69.3
random,0.0,0.0,15,9,9,4,73.8
random,0.0,0.0,15,10,10,4,76.5
random,0.0,0.0,15,11,10,4,79.2
random,0.0,0.0,15,12,12,6,96.5
random,0.0,0.0,15,13,12,6,99.2
random,0.0,0.0,15,14,12,6,101.9
random,0.0,0.0,15,15,12,6,103.4
random,0.0,0.0,15,16,12,6,105.2
random,0.0,0.0,15,17,12,6,106.1
random,0.0,0.0,15,18,12,6,106.7
random,0.0,0.0,15,19,13,6,109.9
random,0.0,0.0,15,20,13,6,111.1
random,0.0,0.0,15,21,13,6,112.6
random,0.0,0.0,15,22,14,6,114.6
random,0.0,0.0,15,23,14,6,110.7
random,0.0,0.0,15,24,14,6,114.9
random,0.0,0.0,15,25,14,6,113.1
random,0.0,0.0,15,26,13,6,104.8
random,0.0,0.0,15,27,13,6,107.2
random,0.0,0.0,15,28,13,6,105.7
random,0.0,0.0,15,29,13,6,108.4
random,0.0,0.0,15,30,12,6,101.4
random,0.0,0.0,15,31,12,6,97.2
random,0.0,0.0,15,32,12,6,91.8
random,0.0,0.0,15,33,12,6,93.9
random,0.0,0.0,15,34,12,6,85.2
random,0.0,0.0,15,35,11,5,77.5
random,0.0,0.0,15,36,11,5,69.4
random,0.0,0.0,15,37,10,4,58.8
random,0.0,0.0,15,38,11,5,65.5
random,0.0,0.0,15,39,9,4,55.8
random,0.0,0.0,15,40,8,3,53.1
random,0.0,0.0,15,41,8,3,56.4
random,0.0,0.0,15,42,8,3,60.6
random,0.0,0.0,15,43,9,4,65.1
random,0.0,0.0,15,44,9,4,67.8
random,0.0,0.0,15,45,9,4,71.7
random,0.0,0.0,15,46,9,4,75.3
random,0.0,0.0,15,47,10,4,77.7
random,0.0,0.0,15,48,10,4,81.0
random,0.0,0.0,15,49,10,4,81.9
random,0.0,0.0,15,50,10,4,85.2
random,0.0,0.0,15,51,11,5,94.9
random,0.0,0.0,15,52,12,5,97.4
random,0.0,0.0,15,53,12,5,98.6
random,0.0,0.0,15,54,13,6,101.2
random,0.0,0.0,15,55,13,6,102.1
random,0.0,0.0,15,56,14,6,105.8
random,0.0,0.0,15,57,14,6,108.2
random,0.0,0.0,15,58,15,7,109.2
random,0.0,0.0,15,59,15,7,109.1
random,0.0,0.0,15,60,15,7,118.8
random,0.0,0.0,15,61,15,7,110.9
random,0.0,0.0,15,62,15,7,104.6
random,0.0,0.0,15,63,15,7,107.3
random,0.0,0.0,15,64,15,7,102.8
random,0.0,0.0,15,65,15,7,100.4
random,0.0,0.0,15,66,15,7,101.3
random,0.0,0.0,15,67,15,7,98.3
random,0.0,0.0,15,68,16,7,98.0
random,0.0,0.0,15,69,16,7,96.2
random,0.0,0.0,15,70,16,7,100.1
random,0.0,0.0,15,71,15,7,96.8
random,0.0,0.0,15,72,15,7,92.9
random,0.0,0.0,15,73,15,7,96.2
random,0.0,0.0,15,74,17,7,106.5
random,0.0,0.0,15,75,17,7,101.1
random,0.0,0.0,15,76,17,7,101.7
random,0.0,0.0,15,77,17,7,109.9
random,0.0,0.0,15,78,11,5,73.0
random,0.0,0.0,15,79,10,5,74.5
random,0.0,0.0,15,80,10,5,77.5
random,0.0,0.0,15,81,9,4,68.7
random,0.0,0.0,15,82,9,4,72.0
random,0.0,0.0,15,83,10,5,82.3
random,0.0,0.0,15,84,10,5,83.2
random,0.0,0.0,15,85,10,5,86.8
random,0.0,0.0,15,86,10,5,89.5
random,0.0,0.0,15,87,11,5,90.7
random,0.0,0.0,15,88,12,5,91.4
random,0.0,0.0,15,89,12,5,86.9
random,0.0,0.0,15,90,12,5,88.1
random,0.0,0.0,15,91,13,6,93.4
random,0.0,0.0,15,92,13,6,96.5
random,0.0,0.0,15,93,12,6,88.6
random,0.0,0.0,15,94,12,6,92.2
random,0.0,0.0,15,95,13,6,98.6
random,0.0,0.0,15,96,13,6,104.4
random,0.0,0.0,15,97,13,6,107.1
random,0.0,0.0,15,98,13,6,101.0
random,0.0,0.0,15,99,13,6,97.7
random,0.0,0.0,15,100,14,6,99.3
random,0.0,0.0,15,101,14,6,96.6
random,0.0,0.0,15,102,14,6,98.7
random,0.0,0.0,15,103,14,6,90.6
random,0.0,0.0,15,104,14,6,86.1
random,0.0,0.0,15,105,14,6,84.9
random,0.0,0.0,15,106,11,5,76.0
random,0.0,0.0,15,107,11,5,77.2
random,0.0,0.0,15,108,9,4,70.5
random,0.0,0.0,15,109,9,4,75.6
random,0.0,0.0,15,110,9,4,72.0
random,0.0,0.0,15,111,9,4,71.4
random,0.0,0.0,15,112,10,4,72.9
random,0.0,0.0,15,113,10,4,71.7
random,0.0,0.0,15,114,10,4,72.6
random,0.0,0.0,15,115,10,4,75.6
random,0.0,0.0,15,116,10,4,80.1
random,0.0,0.0,15,117,10,4,81.3
random,0.0,0.0,15,118,10,4,83.4
random,0.0,0.0,15,119,10,4,81.9
random,0.0,0.0,15,120,10,4,82.8
random,0.0,0.0,15,121,11,5,87.4
random,0.0,0.0,15,122,11,5,86.8
random,0.0,0.0,15,123,11,5,82.0
random,0.0,0.0,15,124,12,6,92.3
random,0.0,0.0,15,125,12,6,95.3
random,0.0,0.0,15,126,12,6,96.2
random,0.0,0.0,15,127,12,6,98.9
random,0.0,0.0,15,128,13,6,98.1
random,0.0,0.0,15,129,13,6,96.6
random,0.0,0.0,15,130,13,6,94.5
random,0.0,0.0,15,131,13,6,96.0
random,0.0,0.0,15,132,13,6,97.8
random,0.0,0.0,15,133,13,6,96.6
random,0.0,0.0,15,134,13,6,101.8
random,0.0,0.0,15,135,14,6,103.2
random,0.0,0.0,15,136,14,6,111.4
random,0.0,0.0,15,137,14,6,114.1
random,0.0,0.0,15,138,14,6,114.4
random,0.0,0.0,15,139,14,6,109.9
random,0.0,0.0,15,140,12,5,86.0
random,0.0,0.0,15,141,12,5,86.6
random,0.0,0.0,15,142,12,5,90.8
random,0.0,0.0,15,143,11,5,80.2
random,0.0,0.0,15,144,11,5,82.6
random,0.0,0.0,15,145,11,5,85.1
random,0.0,0.0,15,146,11,5,88.1
random,0.0,0.0,15,147,12,5,92.4
random,0.0,0.0,15,148,12,5,97.2
random,0.0,0.0,15,149,12,5,97.8
random,0.0,0.0,15,150,12,5,103.0
social,0.0,0.9,0,0,0,0,0.0
social,0.0,0.9,0,1,2,1,22.2
social,0.0,0.9,0,2,3,1,45.0
social,0.0,0.9,0,3,4,2,48.0
social,0.0,0.9,0,4,5,3,74.1
social,0.0,0.9,0,5,5,3,75.0
social,0.0,0.9,0,6,5,3,75.0
social,0.0,0.9,0,7,6,3,85.8
social,0.0,0.9,0,8,6,3,90.0
social,0.0,0.9,0,9,6,3,90.0
social,0.0,0.9,0,10,6,3,90.0
social,0.0,0.9,0,11,6,3,90.0
social,0.0,0.9,0,12,7,3,93.3
social,0.0,0.9,0,13,7,3,105.0
social,0.0,0.9,0,14,7,3,105.0
social,0.0,0.9,0,15,8,3,119.1
social,0.0,0.9,0,16,8,3,120.0
social,0.0,0.9,0,17,9,4,133.8
social,0.0,0.9,0,18,9,4,135.0
social,0.0,0.9,0,19,10,5,326.6
social,0.0,0.9,0,20,10,5,463.3
social,0.0,0.9,0,21,11,5,485.0
social,0.0,0.9,0,22,11,5,475.3
social,0.0,0.9,0,23,11,5,478.0
social,0.0,0.9,0,24,11,5,485.0
social,0.0,0.9,0,25,13,7,1435.0
social,0.0,0.9,0,26,13,7,1406.3
social,0.0,0.9,0,27,14,8,1892.4
social,0.0,0.9,0,28,14,8,1865.5
social,0.0,0.9,0,29,14,8,1936.8
social,0.0,0.9,0,30,14,8,2020.8
social,0.0,0.9,0,31,14,8,2058.0
social,0.0,0.9,0,32,14,8,1934.4
social,0.0,0.9,0,33,15,8,1891.5
social,0.0,0.9,0,34,15,8,2168.2
social,0.0,0.9,0,35,15,8,2267.8
social,0.0,0.9,0,36,15,8,2112.9
social,0.0,0.9,0,37,15,8,2107.4
social,0.0,0.9,0,38,16,8,2075.8
social,0.0,0.9,0,39,16,8,2113.4
social,0.0,0.9,0,40,16,8,2381.1
social,0.0,0.9,0,41,16,8,2520.9
social,0.0,0.9,0,42,16,8,2567.6
social,0.0,0.9,0,43,16,8,2517.9
social,0.0,0.9,0,44,16,8,2570.3
social,0.0,0.9,0,45,17,8,2635.0
social,0.0,0.9,0,46,17,8,2635.0
social,0.0,0.9,0,47,17,8,2635.0
social,0.0,0.9,0,48,17,8,2635.0
social,0.0,0.9,0,49,18,8,3155.6
social,0.0,0.9,0,50,18,8,3093.9
social,0.0,0.9,0,51,19,8,3932.3
social,0.0,0.9,0,52,20,8,4748.3
social,0.0,0.9,0,53,20,8,4760.0
social,0.0,0.9,0,54,20,8,4664.8
social,0.0,0.9,0,55,21,8,5186.6
social,0.0,0.9,0,56,21,8,5191.2
social,0.0,0.9,0,57,21,8,5074.4
social,0.0,0.9,0,58,21,8,5125.1
social,0.0,0.9,0,59,21,8,5263.4
social,0.0,0.9,0,60,21,8,5228.2
social,0.0,0.9,0,61,21,8,5151.6
social,0.0,0.9,0,62,21,8,5272.5
social,0.0,0.9,0,63,21,8,5120.5
social,0.0,0.9,0,64,21,8,4934.4
social,0.0,0.9,0,65,21,8,4648.6
social,0.0,0.9,0,66,21,8,4870.0
social,0.0,0.9,0,67,21,8,5134.8
social,0.0,0.9,0,68,21,8,4995.8
social,0.0,0.9,0,69,22,8,5001.0
social,0.0,0.9,0,70,22,8,5255.8
social,0.0,0.9,0,71,22,8,4681.6
social,0.0,0.9,0,72,22,8,4192.6
social,0.0,0.9,0,73,22,8,4643.4
social,0.0,0.9,0,74,22,8,4515.8
social,0.0,0.9,0,75,22,8,4753.6
social,0.0,0.9,0,76,22,8,5035.3
social,0.0,0.9,0,77,22,8,5230.0
social,0.0,0.9,0,78,22,8,5129.2
social,0.0,0.9,0,79,22,8,5029.3
social,0.0,0.9,0,80,22,8,5217.7
social,0.0,0.9,0,81,22,8,5282.0
social,0.0,0.9,0,82,22,8,5382.6
social,0.0,0.9,0,83,22,8,5422.8
social,0.0,0.9,0,84,22,8,5270.4
social,0.0,0.9,0,85,22,8,5297.8
social,0.0,0.9,0,86,22,8,5325.4
social,0.0,0.9,0,87,22,8,5382.9
social,0.0,0.9,0,88,22,8,5214.8
social,0.0,0.9,0,89,22,8,5166.0
social,0.0,0.9,0,90,22,8,5121.4
social,0.0,0.9,0,91,22,8,5245.6
social,0.0,0.9,0,92,22,8,5269.6
social,0.0,0.9,0,93,22,8,5273.4
social,0.0,0.9,0,94,22,8,5096.1
social,0.0,0.9,0,95,23,8,5531.3
social,0.0,0.9,0,96,23,8,5418.7
social,0.0,0.9,0,97,23,8,5374.6
social,0.0,0.9,0,98,23,8,5536.4
social,0.0,0.9,0,99,23,8,5528.1
social,0.0,0.9,0,100,23,8,5650.8
social,0.0,0.9,0,101,23,8,5651.9
social,0.0,0.9,0,102,23,8,5460.2
social,0.0,0.9,0,103,23,8,5645.1
social,0.0,0.9,0,104,23,8,5578.0
social,0.0,0.9,0,105,23,8,5397.5
social,0.0,0.9,0,106,23,8,4834.7
social,0.0,0.9,0,107,23,8,5204.6
social,0.0,0.9,0,108,24,8,5807.7
social,0.0,0.9,0,109,24,8,5992.5
social,0.0,0.9,0,110,25,8,6433.5
social,0.0,0.9,0,111,25,8,6652.2
social,0.0,0.9,0,112,25,8,6758.0
social,0.0,0.9,0,113,25,8,6859.3
social,0.0,0.9,0,114,25,8,7304.6
social,0.0,0.9,0,115,25,8,7419.4
social,0.0,0.9,0,116,25,8,7345.1
social,0.0,0.9,0,117,25,8,7198.2
social,0.0,0.9,0,118,26,8,7239.8
social,0.0,0.9,0,119,26,8,7329.2
social,0.0,0.9,0,120,26,8,7019.6
social,0.0,0.9,0,121,27,8,7133.7
social,0.0,0.9,0,122,29,8,8075.2
social,0.0,0.9,0,123,29,8,8404.8
social,0.0,0.9,0,124,29,8,8390.2
social,0.0,0.9,0,125,29,8,8027.5
social,0.0,0.9,0,126,29,8,7746.4
social,0.0,0.9,0,127,29,8,7830.2
social,0.0,0.9,0,128,29,8,8079.8
social,0.0,0.9,0,129,29,8,8240.3
social,0.0,0.9,0,130,29,8,8288.0
social,0.0,0.9,0,131,29,8,7713.0
social,0.0,0.9,0,132,29,8,7712.4
social,0.0,0.9,0,133,29,8,7508.8
social,0.0,0.9,0,134,29,8,7944.2
social,0.0,0.9,0,135,29,8,8361.1
social,0.0,0.9,0,136,29,8,8648.5
social,0.0,0.9,0,137,29,8,8385.6
social,0.0,0.9,0,138,29,8,7867.9
social,0.0,0.9,0,139,29,8,7416.4
social,0.0,0.9,0,140,29,8,7412.3
social,0.0,0.9,0,141,29,8,7342.0
social,0.0,0.9,0,142,29,8,7309.3
social,0.0,0.9,0,143,29,8,7830.7
social,0.0,0.9,0,144,29,8,8296.0
social,0.0,0.9,0,145,29,8,8315.5
social,0.0,0.9,0,146,30,8,8833.5
social,0.0,0.9,0,147,30,8,8813.2
social,0.0,0.9,0,148,30,8,8700.5
social,0.0,0.9,0,149,30,8,8427.3
social,0.0,0.9,0,150,30,8,8144.0
social,0.0,0.9,1,0,0,0,0.0
social,0.0,0.9,1,1,6,3,87.0
social,0.0,0.9,1,2,6,3,88.2
social,0.0,0.9,1,3,6,3,90.0
social,0.0,0.9,1,4,6,3,90.0
social,0.0,0.9,1,5,6,3,90.0
social,0.0,0.9,1,6,6,3,88.2
social,0.0,0.9,1,7,6,3,90.0
social,0.0,0.9,1,8,7,3,105.0
social,0.0,0.9,1,9,8,4,117.6
social,0.0,0.9,1,10,8,4,120.0
social,0.0,0.9,1,11,9,5,287.5
social,0.0,0.9,1,12,10,5,512.2
social,0.0,0.9,1,13,12,6,550.0
social,0.0,0.9,1,14,12,6,550.0
social,0.0,0.9,1,15,13,6,565.8
social,0.0,0.9,1,16,13,6,945.0
social,0.0,0.9,1,17,13,6,945.0
social,0.0,0.9,1,18,13,6,945.0
social,0.0,0.9,1,19,14,6,950.4
social,0.0,0.9,1,20,14,6,960.0
social,0.0,0.9,1,21,15,6,1012.9
social,0.0,0.9,1,22,15,6,1053.5
social,0.0,0.9,1,23,16,7,1211.2
social,0.0,0.9,1,24,17,7,1323.9
social,0.0,0.9,1,25,17,7,1722.7
social,0.0,0.9,1,26,17,7,1672.2
social,0.0,0.9,1,27,17,7,1693.4
social,0.0,0.9,1,28,19,7,1737.6
social,0.0,0.9,1,29,19,7,2067.4
social,0.0,0.9,1,30,20,7,2339.0
social,0.0,0.9,1,31,20,7,2391.7
social,0.0,0.9,1,32,20,7,2274.6
social,0.0,0.9,1,33,20,7,2299.6
social,0.0,0.9,1,34,21,8,2641.3
social,0.0,0.9,1,35,22,8,2886.1
social,0.0,0.9,1,36,22,8,2963.2
social,0.0,0.9,1,37,22,8,3397.0
social,0.0,0.9,1,38,23,8,4369.0
social,0.0,0.9,1,39,23,8,4483.8
social,0.0,0.9,1,40,23,8,4513.0
social,0.0,0.9,1,41,23,8,4474.9
social,0.0,0.9,1,42,24,8,4532.1
social,0.0,0.9,1,43,25,8,4623.2
social,0.0,0.9,1,44,25,8,5419.6
social,0.0,0.9,1,45,25,8,5627.3
social,0.0,0.9,1,46,25,8,5755.0
social,0.0,0.9,1,47,26,8,6073.5
social,0.0,0.9,1,48,26,8,6210.0
social,0.0,0.9,1,49,27,8,6737.5
social,0.0,0.9,1,50,27,8,6602.7
social,0.0,0.9,1,51,27,8,6638.7
social,0.0,0.9,1,52,27,8,6656.7
social,0.0,0.9,1,53,27,8,6739.9
social,0.0,0.9,1,54,27,8,6772.4
social,0.0,0.9,1,55,27,8,6844.8
social,0.0,0.9,1,56,27,8,6875.0
social,0.0,0.9,1,57,27,8,6875.0
social,0.0,0.9,1,58,27,8,6875.0
social,0.0,0.9,1,59,27,8,6875.0
social,0.0,0.9,1,60,28,8,6820.0
social,0.0,0.9,1,61,28,8,6712.5
social,0.0,0.9,1,62,28,8,6692.3
social,0.0,0.9,1,63,28,8,6362.0
social,0.0,0.9,1,64,28,8,6107.1
social,0.0,0.9,1,65,28,8,5858.4
social,0.0,0.9,1,66,29,8,6766.4
social,0.0,0.9,1,67,29,8,6695.1
social,0.0,0.9,1,68,29,8,7151.7
social,0.0,0.9,1,69,29,8,7041.5
social,0.0,0.9,1,70,29,8,7237.2
social,0.0,0.9,1,71,29,8,7058.5
social,0.0,0.9,1,72,30,8,7465.9
social,0.0,0.9,1,73,30,8,7929.4
social,0.0,0.9,1,74,30,8,7912.1
social,0.0,0.9,1,75,30,8,8132.5
social,0.0,0.9,1,76,30,8,8190.0
social,0.0,0.9,1,77,30,8,8147.0
social,0.0,0.9,1,78,30,8,8312.6
social,0.0,0.9,1,79,30,8,8532.7
social,0.0,0.9,1,80,30,8,8589.9
social,0.0,0.9,1,81,30,8,8599.9
social,0.0,0.9,1,82,30,8,8525.9
social,0.0,0.9,1,83,30,8,8644.3
social,0.0,0.9,1,84,30,8,8848.9
social,0.0,0.9,1,85,30,8,8616.1
social,0.0,0.9,1,86,30,8,8276.9
social,0.0,0.9,1,87,30,8,8394.4
social,0.0,0.9,1,88,31,8,9034.9
social,0.0,0.9,1,89,31,8,9460.2
social,0.0,0.9,1,90,31,8,9383.5
social,0.0,0.9,1,91,31,8,9002.9
social,0.0,0.9,1,92,31,8,8839.2
social,0.0,0.9,1,93,31,8,8834.2
social,0.0,0.9,1,94,31,8,8754.7
social,0.0,0.9,1,95,31,8,8703.1
social,0.0,0.9,1,96,31,8,8456.0
social,0.0,0.9,1,97,31,8,8230.6
social,0.0,0.9,1,98,31,8,8090.3
social,0.0,0.9,1,99,31,8,8042.7
social,0.0,0.9,1,100,31,8,8413.7
social,0.0,0.9,1,101,31,8,8529.3
social,0.0,0.9,1,102,31,8,8382.9
social,0.0,0.9,1,103,31,8,8472.8
social,0.0,0.9,1,104,31,8,8686.3
social,0.0,0.9,1,105,31,8,8713.7
social,0.0,0.9,1,106,31,8,8806.4
social,0.0,0.9,1,107,31,8,8661.5
social,0.0,0.9,1,108,31,8,8586.5
social,0.0,0.9,1,109,31,8,8258.3
social,0.0,0.9,1,110,31,8,8075.0
social,0.0,0.9,1,111,31,8,7799.4
social,0.0,0.9,1,112,31,8,8031.3
social,0.0,0.9,1,113,31,8,8395.3
social,0.0,0.9,1,114,31,8,8917.2
social,0.0,0.9,1,115,31,8,8861.1
social,0.0,0.9,1,116,31,8,8721.9
social,0.0,0.9,1,117,31,8,8885.1
social,0.0,0.9,1,118,31,8,8955.5
social,0.0,0.9,1,119,31,8,9023.0
social,0.0,0.9,1,120,31,8,9226.8
social,0.0,0.9,1,121,31,8,9388.5
social,0.0,0.9,1,122,31,8,9562.6
social,0.0,0.9,1,123,31,8,9575.0
social,0.0,0.9,1,124,31,8,9383.5
social,0.0,0.9,1,125,31,8,9385.9
social,0.0,0.9,1,126,31,8,9227.3
social,0.0,0.9,1,127,31,8,8950.1
social,0.0,0.9,1,128,31,8,8699.0
social,0.0,0.9,1,129,31,8,8563.5
social,0.0,0.9,1,130,31,8,8484.1
social,0.0,0.9,1,131,31,8,8551.2
social,0.0,0.9,1,132,31,8,8617.2
social,0.0,0.9,1,133,31,8,8789.6
social,0.0,0.9,1,134,31,8,9163.4
social,0.0,0.9,1,135,31,8,8619.0
social,0.0,0.9,1,136,31,8,8596.4
social,0.0,0.9,1,137,31,8,8084.4
social,0.0,0.9,1,138,31,8,7903.6
social,0.0,0.9,1,139,31,8,7850.2
social,0.0,0.9,1,140,31,8,8045.3
social,0.0,0.9,1,141,31,8,8062.2
social,0.0,0.9,1,142,31,8,8427.7
social,0.0,0.9,1,143,31,8,8664.9
social,0.0,0.9,1,144,31,8,8893.0
social,0.0,0.9,1,145,31,8,8780.2
social,0.0,0.9,1,146,31,8,8588.5
social,0.0,0.9,1,147,31,8,8463.9
social,0.0,0.9,1,148,31,8,8709.2
social,0.0,0.9,1,149,31,8,8814.0
social,0.0,0.9,1,150,31,8,8933.8
social,0.0,0.9,2,0,0,0,0.0
social,0.0,0.9,2,1,4,1,53.4
social,0.0,0.9,2,2,5,2,75.0
social,0.0,0.9,2,3,6,3,89.7
social,0.0,0.9,2,4,7,3,105.0
social,0.0,0.9,2,5,7,3,105.0
social,0.0,0.9,2,6,7,3,105.0
social,0.0,0.9,2,7,8,3,116.7
social,0.0,0.9,2,8,8,3,120.0
social,0.0,0.9,2,9,8,3,120.0
social,0.0,0.9,2,10,8,3,120.0
social,0.0,0.9,2,11,8,3,120.0
social,0.0,0.9,2,12,8,3,120.0
social,0.0,0.9,2,13,8,3,120.0
social,0.0,0.9,2,14,8,3,120.0
social,0.0,0.9,2,15,8,3,120.0
social,0.0,0.9,2,16,8,3,120.0
social,0.0,0.9,2,17,8,3,120.0
social,0.0,0.9,2,18,8,3,120.0
social,0.0,0.9,2,19,9,4,129.6
social,0.0,0.9,2,20,9,4,132.3
social,0.0,0.9,2,21,9,4,134.7
social,0.0,0.9,2,22,10,5,149.7
social,0.0,0.9,2,23,10,5,150.0
social,0.0,0.9,2,24,10,5,144.0
social,0.0,0.9,2,25,10,5,145.8
social,0.0,0.9,2,26,10,5,147.0
social,0.0,0.9,2,27,10,5,147.0
social,0.0,0.9,2,28,10,5,147.0
social,0.0,0.9,2,29,10,5,135.0
social,0.0,0.9,2,30,10,5,145.2
social,0.0,0.9,2,31,10,5,144.0
social,0.0,0.9,2,32,10,5,139.8
social,0.0,0.9,2,33,10,5,143.1
social,0.0,0.9,2,34,10,5,138.0
social,0.0,0.9,2,35,10,5,137.1
social,0.0,0.9,2,36,10,5,130.5
social,0.0,0.9,2,37,10,5,142.8
social,0.0,0.9,2,38,10,5,141.0
social,0.0,0.9,2,39,10,5,127.8
social,0.0,0.9,2,40,12,5,195.1
social,0.0,0.9,2,41,12,5,224.3
social,0.0,0.9,2,42,12,5,230.0
social,0.0,0.9,2,43,13,6,333.5
social,0.0,0.9,2,44,14,6,666.4
social,0.0,0.9,2,45,14,6,672.4
social,0.0,0.9,2,46,14,6,680.0
social,0.0,0.9,2,47,16,7,1219.0
social,0.0,0.9,2,48,17,7,1554.8
social,0.0,0.9,2,49,19,8,1999.1
social,0.0,0.9,2,50,19,8,2915.5
social,0.0,0.9,2,51,20,8,3468.0
social,0.0,0.9,2,52,20,8,3541.4
social,0.0,0.9,2,53,20,8,3615.4
social,0.0,0.9,2,54,20,8,3663.1
social,0.0,0.9,2,55,20,8,3478.0
social,0.0,0.9,2,56,21,8,4165.9
social,0.0,0.9,2,57,21,8,4239.3
social,0.0,0.9,2,58,21,8,4242.1
social,0.0,0.9,2,59,21,8,4033.0
social,0.0,0.9,2,60,21,8,4122.3
social,0.0,0.9,2,61,21,8,4114.6
social,0.0,0.9,2,62,21,8,3897.3
social,0.0,0.9,2,63,21,8,3864.2
social,0.0,0.9,2,64,21,8,3828.3
social,0.0,0.9,2,65,21,8,3984.0
social,0.0,0.9,2,66,21,8,4093.2
social,0.0,0.9,2,67,22,8,4051.6
social,0.0,0.9,2,68,22,8,3884.9
social,0.0,0.9,2,69,23,8,4398.5
social,0.0,0.9,2,70,23,8,4568.4
social,0.0,0.9,2,71,23,8,4657.6
social,0.0,0.9,2,72,23,8,4565.8
social,0.0,0.9,2,73,23,8,4478.6
social,0.0,0.9,2,74,24,8,5174.2
social,0.0,0.9,2,75,24,8,5554.1
social,0.0,0.9,2,76,25,8,6566.5
social,0.0,0.9,2,77,25,8,6369.6
social,0.0,0.9,2,78,25,8,6241.4
social,0.0,0.9,2,79,25,8,6163.5
social,0.0,0.9,2,80,25,8,6447.3
social,0.0,0.9,2,81,25,8,6399.9
social,0.0,0.9,2,82,26,8,6933.9
social,0.0,0.9,2,83,26,8,7001.0
social,0.0,0.9,2,84,27,8,7255.5
social,0.0,0.9,2,85,27,8,7263.8
social,0.0,0.9,2,86,28,8,7376.6
social,0.0,0.9,2,87,28,8,7704.6
social,0.0,0.9,2,88,28,8,7744.7
social,0.0,0.9,2,89,28,8,7764.6
social,0.0,0.9,2,90,29,8,7787.6
social,0.0,0.9,2,91,29,8,7575.1
social,0.0,0.9,2,92,29,8,7338.1
social,0.0,0.9,2,93,29,8,7544.5
social,0.0,0.9,2,94,29,8,7543.3
social,0.0,0.9,2,95,29,8,7745.7
social,0.0,0.9,2,96,29,8,7382.2
social,0.0,0.9,2,97,29,8,7406.1
social,0.0,0.9,2,98,29,8,7255.4
social,0.0,0.9,2,99,29,8,7169.3
social,0.0,0.9,2,100,29,8,7368.7
social,0.0,0.9,2,101,29,8,7067.5
social,0.0,0.9,2,102,29,8,6769.0
social,0.0,0.9,2,103,29,8,6674.2
social,0.0,0.9,2,104,29,8,6784.7
social,0.0,0.9,2,105,29,8,7154.5
social,0.0,0.9,2,106,29,8,7548.8
social,0.0,0.9,2,107,29,8,7246.3
social,0.0,0.9,2,108,29,8,7448.4
social,0.0,0.9,2,109,29,8,7388.7
social,0.0,0.9,2,110,29,8,7378.4
social,0.0,0.9,2,111,29,8,7582.4
social,0.0,0.9,2,112,29,8,7481.1
social,0.0,0.9,2,113,29,8,7564.7
social,0.0,0.9,2,114,29,8,7702.6
social,0.0,0.9,2,115,29,8,7947.1
social,0.0,0.9,2,116,29,8,7585.6
social,0.0,0.9,2,117,29,8,7299.5
social,0.0,0.9,2,118,29,8,7130.5
social,0.0,0.9,2,119,30,8,7144.3
social,0.0,0.9,2,120,30,8,7291.5
social,0.0,0.9,2,121,30,8,7436.3
social,0.0,0.9,2,122,30,8,7582.7
social,0.0,0.9,2,123,30,8,7831.0
social,0.0,0.9,2,124,30,8,7800.8
social,0.0,0.9,2,125,30,8,7715.9
social,0.0,0.9,2,126,30,8,7491.3
social,0.0,0.9,2,127,30,8,7635.4
social,0.0,0.9,2,128,30,8,7719.5
social,0.0,0.9,2,129,30,8,7737.9
social,0.0,0.9,2,130,30,8,7639.1
social,0.0,0.9,2,131,30,8,7440.4
social,0.0,0.9,2,132,30,8,7476.7
social,0.0,0.9,2,133,30,8,7032.9
social,0.0,0.9,2,134,30,8,7305.0
social,0.0,0.9,2,135,30,8,6535.6
social,0.0,0.9,2,136,30,8,6837.7
social,0.0,0.9,2,137,30,8,7060.7
social,0.0,0.9,2,138,30,8,7432.9
social,0.0,0.9,2,139,30,8,7488.9
social,0.0,0.9,2,140,30,8,7154.9
social,0.0,0.9,2,141,30,8,6477.9
social,0.0,0.9,2,142,30,8,6664.1
social,0.0,0.9,2,143,30,8,7238.9
social,0.0,0.9,2,144,30,8,7680.6
social,0.0,0.9,2,145,30,8,7591.0
social,0.0,0.9,2,146,30,8,7363.2
social,0.0,0.9,2,147,30,8,7386.3
social,0.0,0.9,2,148,30,8,7658.8
social,0.0,0.9,2,149,30,8,7790.3
social,0.0,0.9,2,150,30,8,7760.8
social,0.0,0.9,3,0,0,0,0.0
social,0.0,0.9,3,1,3,1,45.0
social,0.0,0.9,3,2,4,2,60.0
social,0.0,0.9,3,3,6,3,90.0
social,0.0,0.9,3,4,6,3,90.0
social,0.0,0.9,3,5,7,4,105.0
social,0.0,0.9,3,6,7,4,105.0
social,0.0,0.9,3,7,7,4,105.0
social,0.0,0.9,3,8,7,4,105.0
social,0.0,0.9,3,9,8,4,114.0
social,0.0,0.9,3,10,9,4,135.0
social,0.0,0.9,3,11,9,4,135.0
social,0.0,0.9,3,12,9,4,135.0
social,0.0,0.9,3,13,9,4,135.0
social,0.0,0.9,3,14,10,4,146.7
social,0.0,0.9,3,15,12,5,251.6
social,0.0,0.9,3,16,12,5,539.0
social,0.0,0.9,3,17,12,5,541.7
social,0.0,0.9,3,18,12,5,550.0
social,0.0,0.9,3,19,12,5,528.0
social,0.0,0.9,3,20,12,5,532.8
social,0.0,0.9,3,21,12,5,539.0
social,0.0,0.9,3,22,12,5,530.4
social,0.0,0.9,3,23,12,5,542.0
social,0.0,0.9,3,24,12,5,528.0
social,0.0,0.9,3,25,12,5,532.8
social,0.0,0.9,3,26,12,5,539.0
social,0.0,0.9,3,27,12,5,530.7
social,0.0,0.9,3,28,12,5,527.1
social,0.0,0.9,3,29,13,6,514.1
social,0.0,0.9,3,30,13,6,525.8
social,0.0,0.9,3,31,13,6,536.2
social,0.0,0.9,3,32,13,6,545.1
social,0.0,0.9,3,33,13,6,518.6
social,0.0,0.9,3,34,14,6,535.9
social,0.0,0.9,3,35,15,7,747.3
social,0.0,0.9,3,36,15,7,800.0
social,0.0,0.9,3,37,16,7,1360.9
social,0.0,0.9,3,38,17,7,1658.2
social,0.0,0.9,3,39,18,8,1780.9
social,0.0,0.9,3,40,19,8,2108.0
social,0.0,0.9,3,41,19,8,2580.7
social,0.0,0.9,3,42,19,8,2501.2
social,0.0,0.9,3,43,19,8,2542.6
social,0.0,0.9,3,44,21,8,3788.6
social,0.0,0.9,3,45,21,8,3670.7
social,0.0,0.9,3,46,21,8,3680.4
social,0.0,0.9,3,47,21,8,3798.1
social,0.0,0.9,3,48,21,8,3829.0
social,0.0,0.9,3,49,21,8,3855.5
social,0.0,0.9,3,50,21,8,3905.0
social,0.0,0.9,3,51,21,8,3826.9
social,0.0,0.9,3,52,22,8,4306.0
social,0.0,0.9,3,53,22,8,4496.7
social,0.0,0.9,3,54,22,8,4518.7
social,0.0,0.9,3,55,22,8,4504.3
social,0.0,0.9,3,56,22,8,4398.8
social,0.0,0.9,3,57,22,8,4473.5
social,0.0,0.9,3,58,22,8,4664.7
social,0.0,0.9,3,59,22,8,4625.6
social,0.0,0.9,3,60,23,8,5106.8
social,0.0,0.9,3,61,24,9,6079.8
social,0.0,0.9,3,62,24,9,5843.2
social,0.0,0.9,3,63,24,9,5980.3
social,0.0,0.9,3,64,24,9,5838.3
social,0.0,0.9,3,65,24,9,5647.3
social,0.0,0.9,3,66,24,9,5782.6
social,0.0,0.9,3,67,25,9,6232.9
social,0.0,0.9,3,68,25,9,6652.6
social,0.0,0.9,3,69,25,9,6476.8
social,0.0,0.9,3,70,25,9,6503.2
social,0.0,0.9,3,71,25,9,6742.3
social,0.0,0.9,3,72,25,9,6949.3
social,0.0,0.9,3,73,26,9,6695.5
social,0.0,0.9,3,74,26,9,6929.4
social,0.0,0.9,3,75,26,9,6660.6
social,0.0,0.9,3,76,26,9,6850.5
social,0.0,0.9,3,77,28,9,8236.8
social,0.0,0.9,3,78,28,9,8398.3
social,0.0,0.9,3,79,29,9,9228.6
social,0.0,0.9,3,80,29,9,9484.9
social,0.0,0.9,3,81,29,9,9749.5
social,0.0,0.9,3,82,29,9,9662.5
social,0.0,0.9,3,83,30,9,9649.8
social,0.0,0.9,3,84,30,9,10477.5
social,0.0,0.9,3,85,30,9,10606.3
social,0.0,0.9,3,86,30,9,10179.3
social,0.0,0.9,3,87,30,9,10367.1
social,0.0,0.9,3,88,30,9,10594.6
social,0.0,0.9,3,89,30,9,10864.5
social,0.0,0.9,3,90,30,9,10405.8
social,0.0,0.9,3,91,31,9,10727.1
social,0.0,0.9,3,92,31,9,10671.6
social,0.0,0.9,3,93,32,9,11370.9
social,0.0,0.9,3,94,32,9,12010.9
social,0.0,0.9,3,95,32,9,12271.7
social,0.0,0.9,3,96,32,9,12371.6
social,0.0,0.9,3,97,32,9,12420.1
social,0.0,0.9,3,98,32,9,11968.1
social,0.0,0.9,3,99,32,9,12224.9
social,0.0,0.9,3,100,32,9,12072.1
social,0.0,0.9,3,101,33,9,12233.0
social,0.0,0.9,3,102,33,9,12832.5
social,0.0,0.9,3,103,33,9,12087.7
social,0.0,0.9,3,104,33,9,12098.3
social,0.0,0.9,3,105,33,9,12443.7
social,0.0,0.9,3,106,33,9,13041.1
social,0.0,0.9,3,107,33,9,12882.9
social,0.0,0.9,3,108,33,9,13001.5
social,0.0,0.9,3,109,33,9,13143.8
social,0.0,0.9,3,110,33,9,12954.9
social,0.0,0.9,3,111,33,9,12699.3
social,0.0,0.9,3,112,33,9,12819.0
social,0.0,0.9,3,113,33,9,12481.5
social,0.0,0.9,3,114,33,9,13145.6
social,0.0,0.9,3,115,33,9,12831.0
social,0.0,0.9,3,116,33,9,12589.9
social,0.0,0.9,3,117,33,9,13016.9
social,0.0,0.9,3,118,33,9,13514.3
social,0.0,0.9,3,119,33,9,13177.5
social,0.0,0.9,3,120,33,9,13567.3
social,0.0,0.9,3,121,33,9,13796.4
social,0.0,0.9,3,122,34,9,14247.0
social,0.0,0.9,3,123,34,9,14760.0
social,0.0,0.9,3,124,34,9,14760.0
social,0.0,0.9,3,125,34,9,14169.6
social,0.0,0.9,3,126,34,9,14176.6
social,0.0,0.9,3,127,34,9,13970.1
social,0.0,0.9,3,128,34,9,13360.3
social,0.0,0.9,3,129,34,9,13347.7
social,0.0,0.9,3,130,35,9,13549.2
social,0.0,0.9,3,131,35,9,11849.1
social,0.0,0.9,3,132,35,9,12166.6
social,0.0,0.9,3,133,35,9,11821.9
social,0.0,0.9,3,134,36,9,12854.4
social,0.0,0.9,3,135,37,9,14084.5
social,0.0,0.9,3,136,37,9,14306.3
social,0.0,0.9,3,137,37,9,14217.1
social,0.0,0.9,3,138,37,9,13909.3
social,0.0,0.9,3,139,37,9,13486.1
social,0.0,0.9,3,140,37,9,13031.9
social,0.0,0.9,3,141,37,9,13416.5
social,0.0,0.9,3,142,37,9,13757.9
social,0.0,0.9,3,143,37,9,14005.5
social,0.0,0.9,3,144,37,9,14605.8
social,0.0,0.9,3,145,37,9,14430.9
social,0.0,0.9,3,146,37,9,14780.9
social,0.0,0.9,3,147,37,9,14916.9
social,0.0,0.9,3,148,37,9,14492.2
social,0.0,0.9,3,149,37,9,14569.1
social,0.0,0.9,3,150,37,9,14152.2
social,0.0,0.9,4,0,0,0,0.0
social,0.0,0.9,4,1,7,3,81.0
social,0.0,0.9,4,2,7,3,105.0
social,0.0,0.9,4,3,8,3,120.0
social,0.0,0.9,4,4,9,4,132.9
social,0.0,0.9,4,5,9,4,135.0
social,0.0,0.9,4,6,9,4,135.0
social,0.0,0.9,4,7,10,5,149.7
social,0.0,0.9,4,8,10,5,150.0
social,0.0,0.9,4,9,10,5,150.0
social,0.0,0.9,4,10,10,5,150.0
social,0.0,0.9,4,11,10,5,150.0
social,0.0,0.9,4,12,10,5,150.0
social,0.0,0.9,4,13,10,5,150.0
social,0.0,0.9,4,14,10,5,147.0
social,0.0,0.9,4,15,10,5,149.4
social,0.0,0.9,4,16,10,5,150.0
social,0.0,0.9,4,17,10,5,150.0
social,0.0,0.9,4,18,10,5,150.0
social,0.0,0.9,4,19,10,5,150.0
social,0.0,0.9,4,20,10,5,147.0
social,0.0,0.9,4,21,10,5,150.0
social,0.0,0.9,4,22,10,5,150.0
social,0.0,0.9,4,23,10,5,147.0
social,0.0,0.9,4,24,10,5,146.7
social,0.0,0.9,4,25,10,5,150.0
social,0.0,0.9,4,26,10,5,147.0
social,0.0,0.9,4,27,10,5,144.0
social,0.0,0.9,4,28,10,5,149.7
social,0.0,0.9,4,29,10,5,138.0
social,0.0,0.9,4,30,10,5,132.9
social,0.0,0.9,4,31,10,5,141.9
social,0.0,0.9,4,32,10,5,140.4
social,0.0,0.9,4,33,10,5,138.0
social,0.0,0.9,4,34,10,5,142.8
social,0.0,0.9,4,35,10,5,134.1
social,0.0,0.9,4,36,10,5,144.9
social,0.0,0.9,4,37,10,5,129.0
social,0.0,0.9,4,38,10,5,138.9
social,0.0,0.9,4,39,10,5,133.8
social,0.0,0.9,4,40,10,5,144.6
social,0.0,0.9,4,41,10,5,146.7
social,0.0,0.9,4,42,10,5,149.7
social,0.0,0.9,4,43,10,5,150.0
social,0.0,0.9,4,44,10,5,150.0
social,0.0,0.9,4,45,10,5,150.0
social,0.0,0.9,4,46,10,5,150.0
social,0.0,0.9,4,47,10,5,147.0
social,0.0,0.9,4,48,10,5,150.0
social,0.0,0.9,4,49,10,5,147.0
social,0.0,0.9,4,50,10,5,146.4
social,0.0,0.9,4,51,10,5,149.7
social,0.0,0.9,4,52,10,5,150.0
social,0.0,0.9,4,53,10,5,150.0
social,0.0,0.9,4,54,10,5,150.0
social,0.0,0.9,4,55,10,5,147.0
social,0.0,0.9,4,56,10,5,146.7
social,0.0,0.9,4,57,10,5,144.0
social,0.0,0.9,4,58,10,5,149.7
social,0.0,0.9,4,59,10,5,150.0
social,0.0,0.9,4,60,10,5,144.0
social,0.0,0.9,4,61,10,5,146.4
social,0.0,0.9,4,62,10,5,134.7
social,0.0,0.9,4,63,10,5,145.2
social,0.0,0.9,4,64,10,5,143.7
social,0.0,0.9,4,65,10,5,143.7
social,0.0,0.9,4,66,10,5,146.7
social,0.0,0.9,4,67,10,5,143.7
social,0.0,0.9,4,68,10,5,146.7
social,0.0,0.9,4,69,10,5,141.0
social,0.0,0.9,4,70,10,5,135.0
social,0.0,0.9,4,71,10,5,140.1
social,0.0,0.9,4,72,10,5,146.7
social,0.0,0.9,4,73,10,5,132.0
social,0.0,0.9,4,74,10,5,145.8
social,0.0,0.9,4,75,10,5,146.7
social,0.0,0.9,4,76,10,5,143.4
social,0.0,0.9,4,77,10,5,142.8
social,0.0,0.9,4,78,10,5,150.0
social,0.0,0.9,4,79,10,5,147.0
social,0.0,0.9,4,80,10,5,146.7
social,0.0,0.9,4,81,11,5,161.1
social,0.0,0.9,4,82,11,5,164.4
social,0.0,0.9,4,83,11,5,161.7
social,0.0,0.9,4,84,11,5,164.1
social,0.0,0.9,4,85,11,5,158.4
social,0.0,0.9,4,86,11,5,163.8
social,0.0,0.9,4,87,11,5,165.0
social,0.0,0.9,4,88,11,5,165.0
social,0.0,0.9,4,89,11,5,165.0
social,0.0,0.9,4,90,11,5,151.8
social,0.0,0.9,4,91,12,5,360.9
social,0.0,0.9,4,92,13,5,534.1
social,0.0,0.9,4,93,14,6,610.4
social,0.0,0.9,4,94,14,6,643.7
social,0.0,0.9,4,95,14,6,663.2
social,0.0,0.9,4,96,14,6,629.3
social,0.0,0.9,4,97,15,7,704.1
social,0.0,0.9,4,98,15,7,817.9
social,0.0,0.9,4,99,15,7,862.2
social,0.0,0.9,4,100,15,7,880.1
social,0.0,0.9,4,101,15,7,823.4
social,0.0,0.9,4,102,15,7,782.1
social,0.0,0.9,4,103,15,7,802.1
social,0.0,0.9,4,104,15,7,848.5
social,0.0,0.9,4,105,15,7,859.2
social,0.0,0.9,4,106,15,7,835.2
social,0.0,0.9,4,107,15,7,828.5
social,0.0,0.9,4,108,15,7,817.6
social,0.0,0.9,4,109,16,7,1204.0
social,0.0,0.9,4,110,16,7,1241.1
social,0.0,0.9,4,111,18,7,1824.0
social,0.0,0.9,4,112,19,7,2363.7
social,0.0,0.9,4,113,20,7,2716.7
social,0.0,0.9,4,114,21,7,2960.7
social,0.0,0.9,4,115,22,8,3517.3
social,0.0,0.9,4,116,22,8,3604.8
social,0.0,0.9,4,117,23,8,4238.7
social,0.0,0.9,4,118,23,8,4214.9
social,0.0,0.9,4,119,23,8,4264.0
social,0.0,0.9,4,120,24,8,4876.4
social,0.0,0.9,4,121,24,8,4853.1
social,0.0,0.9,4,122,24,8,4930.7
social,0.0,0.9,4,123,25,8,5499.4
social,0.0,0.9,4,124,25,8,5640.0
social,0.0,0.9,4,125,25,8,5181.8
social,0.0,0.9,4,126,25,8,5263.1
social,0.0,0.9,4,127,25,8,5396.1
social,0.0,0.9,4,128,25,8,5534.0
social,0.0,0.9,4,129,25,8,5384.3
social,0.0,0.9,4,130,26,8,6147.5
social,0.0,0.9,4,131,26,8,6018.0
social,0.0,0.9,4,132,27,8,6724.2
social,0.0,0.9,4,133,27,8,7076.8
social,0.0,0.9,4,134,27,8,6668.9
social,0.0,0.9,4,135,28,8,7396.1
social,0.0,0.9,4,136,28,8,7439.8
social,0.0,0.9,4,137,29,8,7380.3
social,0.0,0.9,4,138,29,8,7272.4
social,0.0,0.9,4,139,29,8,7403.6
social,0.0,0.9,4,140,29,8,7582.1
social,0.0,0.9,4,141,29,8,7755.6
social,0.0,0.9,4,142,30,8,8085.8
social,0.0,0.9,4,143,30,8,7674.6
social,0.0,0.9,4,144,30,8,7815.6
social,0.0,0.9,4,145,30,8,8062.8
social,0.0,0.9,4,146,30,8,7971.0
social,0.0,0.9,4,147,30,8,8044.4
social,0.0,0.9,4,148,31,8,7615.0
social,0.0,0.9,4,149,31,8,7827.0
social,0.0,0.9,4,150,31,8,8034.1
social,0.0,0.9,5,0,0,0,0.0
social,0.0,0.9,5,1,4,1,59.7
social,0.0,0.9,5,2,4,1,60.0
social,0.0,0.9,5,3,5,2,74.7
social,0.0,0.9,5,4,6,3,85.8
social,0.0,0.9,5,5,6,3,90.0
social,0.0,0.9,5,6,6,3,90.0
social,0.0,0.9,5,7,6,3,90.0
social,0.0,0.9,5,8,6,3,90.0
social,0.0,0.9,5,9,6,3,90.0
social,0.0,0.9,5,10,6,3,90.0
social,0.0,0.9,5,11,6,3,90.0
social,0.0,0.9,5,12,8,4,112.8
social,0.0,0.9,5,13,8,4,120.0
social,0.0,0.9,5,14,8,4,117.6
social,0.0,0.9,5,15,11,6,526.5
social,0.0,0.9,5,16,11,6,865.0
social,0.0,0.9,5,17,12,7,1420.0
social,0.0,0.9,5,18,15,7,1954.9
social,0.0,0.9,5,19,15,7,2055.0
social,0.0,0.9,5,20,15,7,2013.9
social,0.0,0.9,5,21,16,8,2613.9
social,0.0,0.9,5,22,17,8,2816.7
social,0.0,0.9,5,23,18,8,3609.7
social,0.0,0.9,5,24,19,8,3772.6
social,0.0,0.9,5,25,19,8,3680.0
social,0.0,0.9,5,26,19,8,3701.3
social,0.0,0.9,5,27,21,8,4446.2
social,0.0,0.9,5,28,21,8,4663.5
social,0.0,0.9,5,29,23,8,5601.9
social,0.0,0.9,5,30,24,8,5703.3
social,0.0,0.9,5,31,24,8,5441.6
social,0.0,0.9,5,32,24,8,4912.8
social,0.0,0.9,5,33,24,8,5068.9
social,0.0,0.9,5,34,24,8,5006.0
social,0.0,0.9,5,35,24,8,5092.5
social,0.0,0.9,5,36,24,8,4939.7
social,0.0,0.9,5,37,24,8,4597.3
social,0.0,0.9,5,38,24,8,4726.3
social,0.0,0.9,5,39,24,8,5323.0
social,0.0,0.9,5,40,24,8,5156.7
social,0.0,0.9,5,41,24,8,5208.5
social,0.0,0.9,5,42,24,8,5527.0
social,0.0,0.9,5,43,26,8,6481.2
social,0.0,0.9,5,44,26,8,6559.5
social,0.0,0.9,5,45,26,8,6482.8
social,0.0,0.9,5,46,27,8,7131.8
social,0.0,0.9,5,47,29,8,8069.9
social,0.0,0.9,5,48,29,8,8183.6
social,0.0,0.9,5,49,29,8,8215.0
social,0.0,0.9,5,50,30,8,8722.0
social,0.0,0.9,5,51,30,8,8724.4
social,0.0,0.9,5,52,30,8,8744.7
social,0.0,0.9,5,53,30,8,8859.5
social,0.0,0.9,5,54,30,8,8900.0
social,0.0,0.9,5,55,30,8,8722.0
social,0.0,0.9,5,56,30,8,8724.7
social,0.0,0.9,5,57,30,8,8635.0
social,0.0,0.9,5,58,30,8,8543.4
social,0.0,0.9,5,59,30,8,8066.1
social,0.0,0.9,5,60,30,8,8244.3
social,0.0,0.9,5,61,30,8,7958.4
social,0.0,0.9,5,62,30,8,8274.6
social,0.0,0.9,5,63,30,8,8129.7
social,0.0,0.9,5,64,30,8,7943.2
social,0.0,0.9,5,65,30,8,7232.1
social,0.0,0.9,5,66,30,8,7510.1
social,0.0,0.9,5,67,30,8,7873.1
social,0.0,0.9,5,68,30,8,8300.6
social,0.0,0.9,5,69,30,8,7586.0
social,0.0,0.9,5,70,30,8,7735.2
social,0.0,0.9,5,71,30,8,7252.4
social,0.0,0.9,5,72,30,8,7407.8
social,0.0,0.9,5,73,30,8,7288.9
social,0.0,0.9,5,74,30,8,7200.6
social,0.0,0.9,5,75,30,8,7479.7
social,0.0,0.9,5,76,30,8,7932.6
social,0.0,0.9,5,77,30,8,8138.3
social,0.0,0.9,5,78,30,8,8200.4
social,0.0,0.9,5,79,30,8,8128.2
social,0.0,0.9,5,80,30,8,8398.6
social,0.0,0.9,5,81,30,8,8659.4
social,0.0,0.9,5,82,30,8,8677.9
social,0.0,0.9,5,83,30,8,8725.0
social,0.0,0.9,5,84,30,8,8589.9
social,0.0,0.9,5,85,30,8,8696.2
social,0.0,0.9,5,86,30,8,8755.9
social,0.0,0.9,5,87,30,8,8872.0
social,0.0,0.9,5,88,30,8,8900.0
social,0.0,0.9,5,89,30,8,8722.0
social,0.0,0.9,5,90,30,8,8553.1
social,0.0,0.9,5,91,30,8,8421.7
social,0.0,0.9,5,92,30,8,8389.4
social,0.0,0.9,5,93,30,8,8407.7
social,0.0,0.9,5,94,30,8,8091.9
social,0.0,0.9,5,95,30,8,8224.9
social,0.0,0.9,5,96,30,8,7730.7
social,0.0,0.9,5,97,30,8,7512.0
social,0.0,0.9,5,98,30,8,7743.3
social,0.0,0.9,5,99,30,8,7787.2
social,0.0,0.9,5,100,30,8,7691.2
social,0.0,0.9,5,101,30,8,7755.9
social,0.0,0.9,5,102,30,8,7449.3
social,0.0,0.9,5,103,30,8,7534.6
social,0.0,0.9,5,104,30,8,7265.6
social,0.0,0.9,5,105,30,8,7095.7
social,0.0,0.9,5,106,30,8,7457.4
social,0.0,0.9,5,107,30,8,7719.1
social,0.0,0.9,5,108,30,8,8138.2
social,0.0,0.9,5,109,30,8,8401.4
social,0.0,0.9,5,110,30,8,8620.8
social,0.0,0.9,5,111,30,8,8834.1
social,0.0,0.9,5,112,30,8,8188.0
social,0.0,0.9,5,113,30,8,8020.5
social,0.0,0.9,5,114,30,8,7795.7
social,0.0,0.9,5,115,30,8,8002.2
social,0.0,0.9,5,116,30,8,8191.2
social,0.0,0.9,5,117,30,8,8310.2
social,0.0,0.9,5,118,30,8,8412.0
social,0.0,0.9,5,119,30,8,8448.1
social,0.0,0.9,5,120,30,8,8615.6
social,0.0,0.9,5,121,30,8,8732.5
social,0.0,0.9,5,122,30,8,8673.0
social,0.0,0.9,5,123,30,8,8369.0
social,0.0,0.9,5,124,30,8,8144.1
social,0.0,0.9,5,125,30,8,7980.8
social,0.0,0.9,5,126,30,8,8254.7
social,0.0,0.9,5,127,30,8,8039.0
social,0.0,0.9,5,128,30,8,8317.3
social,0.0,0.9,5,129,30,8,8224.3
social,0.0,0.9,5,130,30,8,8487.8
social,0.0,0.9,5,131,30,8,8274.2
social,0.0,0.9,5,132,30,8,7737.0
social,0.0,0.9,5,133,30,8,7614.8
social,0.0,0.9,5,134,30,8,7509.2
social,0.0,0.9,5,135,30,8,7715.9
social,0.0,0.9,5,136,30,8,8187.7
social,0.0,0.9,5,137,30,8,8367.4
social,0.0,0.9,5,138,30,8,8485.1
social,0.0,0.9,5,139,30,8,7925.5
social,0.0,0.9,5,140,30,8,7923.8
social,0.0,0.9,5,141,30,8,7998.5
social,0.0,0.9,5,142,30,8,8283.8
social,0.0,0.9,5,143,30,8,8588.7
social,0.0,0.9,5,144,30,8,8048.5
social,0.0,0.9,5,145,30,8,8020.9
social,0.0,0.9,5,146,30,8,7619.1
social,0.0,0.9,5,147,30,8,7652.3
social,0.0,0.9,5,148,30,8,7803.7
social,0.0,0.9,5,149,30,8,8054.6
social,0.0,0.9,5,150,30,8,8168.8
social,0.0,0.9,6,0,0,0,0.0
social,0.0,0.9,6,1,3,1,44.4
social,0.0,0.9,6,2,3,1,45.0
social,0.0,0.9,6,3,3,1,45.0
social,0.0,0.9,6,4,5,2,58.2
social,0.0,0.9,6,5,5,2,75.0
social,0.0,0.9,6,6,6,3,90.0
social,0.0,0.9,6,7,8,3,118.2
social,0.0,0.9,6,8,8,3,120.0
social,0.0,0.9,6,9,8,3,120.0
social,0.0,0.9,6,10,9,4,135.0
social,0.0,0.9,6,11,9,4,135.0
social,0.0,0.9,6,12,9,4,135.0
social,0.0,0.9,6,13,9,4,135.0
social,0.0,0.9,6,14,9,4,135.0
social,0.0,0.9,6,15,9,4,135.0
social,0.0,0.9,6,16,9,4,135.0
social,0.0,0.9,6,17,9,4,132.3
social,0.0,0.9,6,18,9,4,132.3
social,0.0,0.9,6,19,9,4,135.0
social,0.0,0.9,6,20,9,4,135.0
social,0.0,0.9,6,21,9,4,135.0
social,0.0,0.9,6,22,9,4,135.0
social,0.0,0.9,6,23,9,4,132.3
social,0.0,0.9,6,24,9,4,135.0
social,0.0,0.9,6,25,9,4,135.0
social,0.0,0.9,6,26,9,4,135.0
social,0.0,0.9,6,27,9,4,132.3
social,0.0,0.9,6,28,9,4,135.0
social,0.0,0.9,6,29,9,4,126.9
social,0.0,0.9,6,30,9,4,126.9
social,0.0,0.9,6,31,9,4,126.0
social,0.0,0.9,6,32,9,4,124.2
social,0.0,0.9,6,33,9,4,121.5
social,0.0,0.9,6,34,9,4,128.7
social,0.0,0.9,6,35,9,4,121.2
social,0.0,0.9,6,36,9,4,118.8
social,0.0,0.9,6,37,9,4,118.8
social,0.0,0.9,6,38,9,4,131.7
social,0.0,0.9,6,39,9,4,132.3
social,0.0,0.9,6,40,9,4,123.9
social,0.0,0.9,6,41,9,4,129.6
social,0.0,0.9,6,42,9,4,135.0
social,0.0,0.9,6,43,9,4,132.3
social,0.0,0.9,6,44,9,4,132.0
social,0.0,0.9,6,45,9,4,135.0
social,0.0,0.9,6,46,9,4,135.0
social,0.0,0.9,6,47,9,4,135.0
social,0.0,0.9,6,48,11,5,162.6
social,0.0,0.9,6,49,11,5,165.0
social,0.0,0.9,6,50,11,5,165.0
social,0.0,0.9,6,51,11,5,165.0
social,0.0,0.9,6,52,11,5,165.0
social,0.0,0.9,6,53,11,5,165.0
social,0.0,0.9,6,54,12,5,186.4
social,0.0,0.9,6,55,13,6,326.4
social,0.0,0.9,6,56,14,6,605.1
social,0.0,0.9,6,57,14,6,643.2
social,0.0,0.9,6,58,14,6,677.7
social,0.0,0.9,6,59,14,6,666.4
social,0.0,0.9,6,60,14,6,655.5
social,0.0,0.9,6,61,14,6,628.0
social,0.0,0.9,6,62,14,6,648.0
social,0.0,0.9,6,63,16,7,1089.0
social,0.0,0.9,6,64,16,7,1010.7
social,0.0,0.9,6,65,16,7,975.7
social,0.0,0.9,6,66,16,7,1045.9
social,0.0,0.9,6,67,16,7,1055.5
social,0.0,0.9,6,68,16,7,1035.5
social,0.0,0.9,6,69,16,7,1057.6
social,0.0,0.9,6,70,16,7,975.6
social,0.0,0.9,6,71,16,7,963.8
social,0.0,0.9,6,72,16,7,1013.4
social,0.0,0.9,6,73,16,7,1039.1
social,0.0,0.9,6,74,16,7,1033.4
social,0.0,0.9,6,75,16,7,1001.1
social,0.0,0.9,6,76,16,7,1070.6
social,0.0,0.9,6,77,16,7,1052.8
social,0.0,0.9,6,78,16,7,1049.2
social,0.0,0.9,6,79,16,7,1077.3
social,0.0,0.9,6,80,17,7,1092.6
social,0.0,0.9,6,81,17,7,1115.3
social,0.0,0.9,6,82,17,7,1135.0
social,0.0,0.9,6,83,17,7,1135.0
social,0.0,0.9,6,84,17,7,1112.3
social,0.0,0.9,6,85,17,7,1092.3
social,0.0,0.9,6,86,17,7,1092.6
social,0.0,0.9,6,87,17,7,1076.0
social,0.0,0.9,6,88,17,7,1101.1
social,0.0,0.9,6,89,18,7,1365.8
social,0.0,0.9,6,90,18,7,1473.3
social,0.0,0.9,6,91,18,7,1525.4
social,0.0,0.9,6,92,18,7,1438.2
social,0.0,0.9,6,93,18,7,1436.4
social,0.0,0.9,6,94,18,7,1410.3
social,0.0,0.9,6,95,18,7,1453.9
social,0.0,0.9,6,96,18,7,1451.2
social,0.0,0.9,6,97,19,7,1877.7
social,0.0,0.9,6,98,19,7,1846.8
social,0.0,0.9,6,99,19,7,1752.8
social,0.0,0.9,6,100,19,7,1747.4
social,0.0,0.9,6,101,19,7,1861.6
social,0.0,0.9,6,102,20,7,2001.9
social,0.0,0.9,6,103,21,7,2320.3
social,0.0,0.9,6,104,22,7,2356.7
social,0.0,0.9,6,105,22,7,2365.9
social,0.0,0.9,6,106,22,7,2447.9
social,0.0,0.9,6,107,22,7,2513.4
social,0.0,0.9,6,108,22,7,2584.1
social,0.0,0.9,6,109,22,7,2539.9
social,0.0,0.9,6,110,22,7,2394.8
social,0.0,0.9,6,111,22,7,2371.1
social,0.0,0.9,6,112,22,7,2500.5
social,0.0,0.9,6,113,22,7,2575.1
social,0.0,0.9,6,114,22,7,2616.0
social,0.0,0.9,6,115,22,7,2608.0
social,0.0,0.9,6,116,23,8,3309.9
social,0.0,0.9,6,117,23,8,3339.8
social,0.0,0.9,6,118,23,8,3352.5
social,0.0,0.9,6,119,23,8,3378.8
social,0.0,0.9,6,120,23,8,3349.2
social,0.0,0.9,6,121,24,8,3858.5
social,0.0,0.9,6,122,24,8,3989.1
social,0.0,0.9,6,123,25,8,4546.3
social,0.0,0.9,6,124,25,8,4480.8
social,0.0,0.9,6,125,25,8,4492.6
social,0.0,0.9,6,126,25,8,4400.9
social,0.0,0.9,6,127,25,8,4390.2
social,0.0,0.9,6,128,26,8,4706.8
social,0.0,0.9,6,129,26,8,4660.2
social,0.0,0.9,6,130,26,8,4502.6
social,0.0,0.9,6,131,26,8,4508.5
social,0.0,0.9,6,132,26,8,4700.8
social,0.0,0.9,6,133,26,8,4934.6
social,0.0,0.9,6,134,26,8,4946.6
social,0.0,0.9,6,135,26,8,4974.6
social,0.0,0.9,6,136,26,8,4790.1
social,0.0,0.9,6,137,26,8,4747.9
social,0.0,0.9,6,138,26,8,4859.0
social,0.0,0.9,6,139,26,8,5097.9
social,0.0,0.9,6,140,26,8,4933.2
social,0.0,0.9,6,141,26,8,4700.1
social,0.0,0.9,6,142,26,8,4481.5
social,0.0,0.9,6,143,26,8,4491.1
social,0.0,0.9,6,144,26,8,4739.0
social,0.0,0.9,6,145,27,8,4946.8
social,0.0,0.9,6,146,28,9,5394.6
social,0.0,0.9,6,147,28,9,5602.5
social,0.0,0.9,6,148,28,9,5580.6
social,0.0,0.9,6,149,28,9,5265.9
social,0.0,0.9,6,150,28,9,5172.5
social,0.0,0.9,7,0,0,0,0.0
social,0.0,0.9,7,1,4,1,45.9
social,0.0,0.9,7,2,4,1,60.0
social,0.0,0.9,7,3,4,1,60.0
social,0.0,0.9,7,4,4,1,60.0
social,0.0,0.9,7,5,6,2,84.0
social,0.0,0.9,7,6,7,3,105.0
social,0.0,0.9,7,7,7,3,105.0
social,0.0,0.9,7,8,7,3,105.0
social,0.0,0.9,7,9,7,3,105.0
social,0.0,0.9,7,10,8,3,110.7
social,0.0,0.9,7,11,8,3,120.0
social,0.0,0.9,7,12,8,3,120.0
social,0.0,0.9,7,13,8,3,117.6
social,0.0,0.9,7,14,8,3,120.0
social,0.0,0.9,7,15,8,3,120.0
social,0.0,0.9,7,16,8,3,120.0
social,0.0,0.9,7,17,8,3,120.0
social,0.0,0.9,7,18,9,4,132.6
social,0.0,0.9,7,19,9,4,132.3
social,0.0,0.9,7,20,9,4,132.3
social,0.0,0.9,7,21,9,4,132.3
social,0.0,0.9,7,22,9,4,132.0
social,0.0,0.9,7,23,9,4,132.3
social,0.0,0.9,7,24,9,4,129.6
social,0.0,0.9,7,25,9,4,135.0
social,0.0,0.9,7,26,9,4,135.0
social,0.0,0.9,7,27,9,4,132.3
social,0.0,0.9,7,28,10,5,146.7
social,0.0,0.9,7,29,10,5,149.7
social,0.0,0.9,7,30,10,5,144.0
social,0.0,0.9,7,31,10,5,146.4
social,0.0,0.9,7,32,10,5,142.8
social,0.0,0.9,7,33,10,5,143.7
social,0.0,0.9,7,34,10,5,132.0
social,0.0,0.9,7,35,10,5,148.2
social,0.0,0.9,7,36,10,5,135.0
social,0.0,0.9,7,37,10,5,131.1
social,0.0,0.9,7,38,10,5,128.1
social,0.0,0.9,7,39,10,5,135.9
social,0.0,0.9,7,40,10,5,143.4
social,0.0,0.9,7,41,10,5,143.1
social,0.0,0.9,7,42,10,5,146.7
social,0.0,0.9,7,43,10,5,146.4
social,0.0,0.9,7,44,10,5,149.4
social,0.0,0.9,7,45,10,5,150.0
social,0.0,0.9,7,46,10,5,150.0
social,0.0,0.9,7,47,10,5,150.0
social,0.0,0.9,7,48,10,5,150.0
social,0.0,0.9,7,49,10,5,144.0
social,0.0,0.9,7,50,10,5,149.1
social,0.0,0.9,7,51,10,5,147.0
social,0.0,0.9,7,52,10,5,150.0
social,0.0,0.9,7,53,10,5,150.0
social,0.0,0.9,7,54,10,5,147.0
social,0.0,0.9,7,55,10,5,150.0
social,0.0,0.9,7,56,10,5,147.0
social,0.0,0.9,7,57,10,5,150.0
social,0.0,0.9,7,58,10,5,150.0
social,0.0,0.9,7,59,10,5,138.0
social,0.0,0.9,7,60,10,5,149.4
social,0.0,0.9,7,61,10,5,144.0
social,0.0,0.9,7,62,10,5,146.1
social,0.0,0.9,7,63,10,5,143.1
social,0.0,0.9,7,64,10,5,146.1
social,0.0,0.9,7,65,10,5,144.0
social,0.0,0.9,7,66,10,5,146.4
social,0.0,0.9,7,67,10,5,146.1
social,0.0,0.9,7,68,10,5,140.7
social,0.0,0.9,7,69,10,5,134.4
social,0.0,0.9,7,70,10,5,137.1
social,0.0,0.9,7,71,10,5,143.4
social,0.0,0.9,7,72,10,5,140.7
social,0.0,0.9,7,73,10,5,145.5
social,0.0,0.9,7,74,10,5,143.7
social,0.0,0.9,7,75,10,5,143.4
social,0.0,0.9,7,76,10,5,138.0
social,0.0,0.9,7,77,10,5,143.1
social,0.0,0.9,7,78,10,5,140.4
social,0.0,0.9,7,79,10,5,146.1
social,0.0,0.9,7,80,10,5,149.7
social,0.0,0.9,7,81,10,5,150.0
social,0.0,0.9,7,82,10,5,150.0
social,0.0,0.9,7,83,10,5,150.0
social,0.0,0.9,7,84,10,5,150.0
social,0.0,0.9,7,85,10,5,147.0
social,0.0,0.9,7,86,10,5,140.7
social,0.0,0.9,7,87,10,5,149.1
social,0.0,0.9,7,88,10,5,150.0
social,0.0,0.9,7,89,10,5,150.0
social,0.0,0.9,7,90,10,5,147.0
social,0.0,0.9,7,91,10,5,138.0
social,0.0,0.9,7,92,10,5,146.7
social,0.0,0.9,7,93,10,5,146.4
social,0.0,0.9,7,94,10,5,147.0
social,0.0,0.9,7,95,10,5,144.0
social,0.0,0.9,7,96,10,5,147.0
social,0.0,0.9,7,97,10,5,140.7
social,0.0,0.9,7,98,10,5,149.4
social,0.0,0.9,7,99,10,5,147.0
social,0.0,0.9,7,100,10,5,138.0
social,0.0,0.9,7,101,10,5,145.8
social,0.0,0.9,7,102,10,5,147.0
social,0.0,0.9,7,103,10,5,140.1
social,0.0,0.9,7,104,10,5,146.1
social,0.0,0.9,7,105,10,5,147.0
social,0.0,0.9,7,106,10,5,147.0
social,0.0,0.9,7,107,10,5,141.0
social,0.0,0.9,7,108,10,5,143.4
social,0.0,0.9,7,109,11,5,153.6
social,0.0,0.9,7,110,11,5,161.4
social,0.0,0.9,7,111,11,5,154.5
social,0.0,0.9,7,112,11,5,147.0
social,0.0,0.9,7,113,11,5,158.7
social,0.0,0.9,7,114,11,5,158.1
social,0.0,0.9,7,115,12,5,181.3
social,0.0,0.9,7,116,12,5,227.8
social,0.0,0.9,7,117,12,5,230.0
social,0.0,0.9,7,118,12,5,216.2
social,0.0,0.9,7,119,12,5,220.4
social,0.0,0.9,7,120,13,6,242.5
social,0.0,0.9,7,121,13,6,245.0
social,0.0,0.9,7,122,13,6,245.0
social,0.0,0.9,7,123,13,6,235.2
social,0.0,0.9,7,124,14,6,370.0
social,0.0,0.9,7,125,14,6,559.5
social,0.0,0.9,7,126,14,6,547.9
social,0.0,0.9,7,127,15,7,541.5
social,0.0,0.9,7,128,15,7,534.7
social,0.0,0.9,7,129,15,7,571.4
social,0.0,0.9,7,130,15,7,581.6
social,0.0,0.9,7,131,15,7,561.7
social,0.0,0.9,7,132,15,7,552.8
social,0.0,0.9,7,133,15,7,577.0
social,0.0,0.9,7,134,15,7,582.8
social,0.0,0.9,7,135,15,7,550.1
social,0.0,0.9,7,136,15,7,545.9
social,0.0,0.9,7,137,15,7,552.5
social,0.0,0.9,7,138,15,7,553.1
social,0.0,0.9,7,139,15,7,552.5
social,0.0,0.9,7,140,16,7,917.5
social,0.0,0.9,7,141,17,8,935.5
social,0.0,0.9,7,142,17,8,970.5
social,0.0,0.9,7,143,17,8,984.9
social,0.0,0.9,7,144,17,8,953.8
social,0.0,0.9,7,145,17,8,969.9
social,0.0,0.9,7,146,18,8,1371.8
social,0.0,0.9,7,147,18,8,1328.5
social,0.0,0.9,7,148,18,8,1391.5
social,0.0,0.9,7,149,18,8,1404.0
social,0.0,0.9,7,150,19,8,1908.3
social,0.0,0.9,8,0,0,0,0.0
social,0.0,0.9,8,1,3,1,45.0
social,0.0,0.9,8,2,4,1,60.0
social,0.0,0.9,8,3,4,1,60.0
social,0.0,0.9,8,4,4,1,60.0
social,0.0,0.9,8,5,4,1,60.0
social,0.0,0.9,8,6,4,1,60.0
social,0.0,0.9,8,7,4,1,60.0
social,0.0,0.9,8,8,4,1,60.0
social,0.0,0.9,8,9,5,2,73.2
social,0.0,0.9,8,10,5,2,75.0
social,0.0,0.9,8,11,5,2,75.0
social,0.0,0.9,8,12,6,2,89.7
social,0.0,0.9,8,13,7,3,105.0
social,0.0,0.9,8,14,7,3,105.0
social,0.0,0.9,8,15,7,3,105.0
social,0.0,0.9,8,16,8,3,117.3
social,0.0,0.9,8,17,8,3,120.0
social,0.0,0.9,8,18,9,4,135.0
social,0.0,0.9,8,19,10,4,145.2
social,0.0,0.9,8,20,10,4,150.0
social,0.0,0.9,8,21,10,4,150.0
social,0.0,0.9,8,22,10,4,150.0
social,0.0,0.9,8,23,10,4,147.0
social,0.0,0.9,8,24,10,4,146.7
social,0.0,0.9,8,25,10,4,149.7
social,0.0,0.9,8,26,10,4,150.0
social,0.0,0.9,8,27,10,4,147.0
social,0.0,0.9,8,28,11,5,150.6
social,0.0,0.9,8,29,11,5,212.8
social,0.0,0.9,8,30,11,5,189.2
social,0.0,0.9,8,31,11,5,193.5
social,0.0,0.9,8,32,12,6,231.4
social,0.0,0.9,8,33,12,6,297.6
social,0.0,0.9,8,34,13,7,433.2
social,0.0,0.9,8,35,13,7,451.4
social,0.0,0.9,8,36,14,7,563.4
social,0.0,0.9,8,37,14,7,555.9
social,0.0,0.9,8,38,14,7,628.7
social,0.0,0.9,8,39,14,7,642.0
social,0.0,0.9,8,40,15,7,611.2
social,0.0,0.9,8,41,15,7,653.7
social,0.0,0.9,8,42,16,7,1008.5
social,0.0,0.9,8,43,16,7,1020.6
social,0.0,0.9,8,44,17,7,1248.8
social,0.0,0.9,8,45,17,7,1285.0
social,0.0,0.9,8,46,17,7,1285.0
social,0.0,0.9,8,47,18,7,1299.4
social,0.0,0.9,8,48,18,7,1300.0
social,0.0,0.9,8,49,18,7,1300.0
social,0.0,0.9,8,50,18,7,1300.0
social,0.0,0.9,8,51,18,7,1274.0
social,0.0,0.9,8,52,18,7,1277.0
social,0.0,0.9,8,53,18,7,1300.0
social,0.0,0.9,8,54,18,7,1300.0
social,0.0,0.9,8,55,18,7,1274.0
social,0.0,0.9,8,56,19,8,1265.1
social,0.0,0.9,8,57,19,8,1265.1
social,0.0,0.9,8,58,19,8,1257.2
social,0.0,0.9,8,59,19,8,1261.8
social,0.0,0.9,8,60,19,8,1241.7
social,0.0,0.9,8,61,19,8,1249.5
social,0.0,0.9,8,62,19,8,1297.8
social,0.0,0.9,8,63,19,8,1283.9
social,0.0,0.9,8,64,19,8,1212.8
social,0.0,0.9,8,65,19,8,1112.7
social,0.0,0.9,8,66,21,9,1371.3
social,0.0,0.9,8,67,21,9,1523.5
social,0.0,0.9,8,68,21,9,1537.5
social,0.0,0.9,8,69,21,9,1638.0
social,0.0,0.9,8,70,22,9,1989.4
social,0.0,0.9,8,71,22,9,2090.0
social,0.0,0.9,8,72,22,9,1922.8
social,0.0,0.9,8,73,22,9,1772.5
social,0.0,0.9,8,74,22,9,1708.7
social,0.0,0.9,8,75,22,9,1783.2
social,0.0,0.9,8,76,22,9,1806.3
social,0.0,0.9,8,77,22,9,1856.3
social,0.0,0.9,8,78,22,9,1912.1
social,0.0,0.9,8,79,22,9,1885.4
social,0.0,0.9,8,80,23,9,2308.8
social,0.0,0.9,8,81,25,9,2935.9
social,0.0,0.9,8,82,25,9,3376.1
social,0.0,0.9,8,83,25,9,3378.8
social,0.0,0.9,8,84,25,9,3406.0
social,0.0,0.9,8,85,25,9,3376.1
social,0.0,0.9,8,86,25,9,3241.0
social,0.0,0.9,8,87,25,9,3216.8
social,0.0,0.9,8,88,25,9,3247.5
social,0.0,0.9,8,89,25,9,3279.0
social,0.0,0.9,8,90,27,9,4314.5
social,0.0,0.9,8,91,27,9,4480.6
social,0.0,0.9,8,92,27,9,4456.2
social,0.0,0.9,8,93,27,9,4430.9
social,0.0,0.9,8,94,27,9,4284.6
social,0.0,0.9,8,95,27,9,4198.8
social,0.0,0.9,8,96,28,10,4698.4
social,0.0,0.9,8,97,29,10,5441.2
social,0.0,0.9,8,98,29,10,5470.3
social,0.0,0.9,8,99,29,10,5361.7
social,0.0,0.9,8,100,29,10,5368.4
social,0.0,0.9,8,101,29,10,4763.7
social,0.0,0.9,8,102,29,10,4884.3
social,0.0,0.9,8,103,29,10,4869.0
social,0.0,0.9,8,104,29,10,5302.7
social,0.0,0.9,8,105,29,10,5413.3
social,0.0,0.9,8,106,29,10,5531.1
social,0.0,0.9,8,107,29,10,5529.6
social,0.0,0.9,8,108,29,10,5592.1
social,0.0,0.9,8,109,29,10,5481.3
social,0.0,0.9,8,110,29,10,5354.3
social,0.0,0.9,8,111,29,10,5320.7
social,0.0,0.9,8,112,29,10,5290.0
social,0.0,0.9,8,113,29,10,5172.3
social,0.0,0.9,8,114,30,10,6219.6
social,0.0,0.9,8,115,30,10,6380.1
social,0.0,0.9,8,116,30,10,6532.7
social,0.0,0.9,8,117,30,10,6494.1
social,0.0,0.9,8,118,30,10,6494.8
social,0.0,0.9,8,119,30,10,6510.4
social,0.0,0.9,8,120,30,10,6679.0
social,0.0,0.9,8,121,30,10,6877.4
social,0.0,0.9,8,122,30,10,6692.1
social,0.0,0.9,8,123,30,10,6623.3
social,0.0,0.9,8,124,31,10,7641.3
social,0.0,0.9,8,125,31,10,7609.6
social,0.0,0.9,8,126,31,10,7577.3
social,0.0,0.9,8,127,32,10,7860.4
social,0.0,0.9,8,128,32,10,8204.0
social,0.0,0.9,8,129,33,10,8726.9
social,0.0,0.9,8,130,33,10,8420.8
social,0.0,0.9,8,131,33,10,8657.1
social,0.0,0.9,8,132,33,10,9020.9
social,0.0,0.9,8,133,33,10,9488.5
social,0.0,0.9,8,134,33,10,9348.3
social,0.0,0.9,8,135,33,10,8164.3
social,0.0,0.9,8,136,33,10,8334.7
social,0.0,0.9,8,137,33,10,8667.0
social,0.0,0.9,8,138,33,10,9192.3
social,0.0,0.9,8,139,33,10,9390.8
social,0.0,0.9,8,140,33,10,8940.9
social,0.0,0.9,8,141,33,10,8716.7
social,0.0,0.9,8,142,33,10,8414.2
social,0.0,0.9,8,143,33,10,8633.1
social,0.0,0.9,8,144,33,10,8947.0
social,0.0,0.9,8,145,33,10,9105.5
social,0.0,0.9,8,146,34,10,9803.8
social,0.0,0.9,8,147,34,10,9629.7
social,0.0,0.9,8,148,34,10,9462.2
social,0.0,0.9,8,149,34,10,9790.1
social,0.0,0.9,8,150,34,10,9699.6
social,0.0,0.9,9,0,0,0,0.0
social,0.0,0.9,9,1,3,1,45.0
social,0.0,0.9,9,2,3,1,45.0
social,0.0,0.9,9,3,6,4,72.9
social,0.0,0.9,9,4,6,4,90.0
social,0.0,0.9,9,5,8,5,170.0
social,0.0,0.9,9,6,10,6,197.3
social,0.0,0.9,9,7,12,7,323.1
social,0.0,0.9,9,8,12,7,330.0
social,0.0,0.9,9,9,12,7,330.0
social,0.0,0.9,9,10,12,7,330.0
social,0.0,0.9,9,11,13,7,420.3
social,0.0,0.9,9,12,13,7,545.0
social,0.0,0.9,9,13,13,7,545.0
social,0.0,0.9,9,14,13,7,545.0
social,0.0,0.9,9,15,13,7,545.0
social,0.0,0.9,9,16,15,7,1267.1
social,0.0,0.9,9,17,16,7,1426.8
social,0.0,0.9,9,18,16,7,1440.0
social,0.0,0.9,9,19,17,7,1895.0
social,0.0,0.9,9,20,17,7,1895.0
social,0.0,0.9,9,21,17,7,1895.0
social,0.0,0.9,9,22,17,7,1895.0
social,0.0,0.9,9,23,17,7,1781.3
social,0.0,0.9,9,24,18,7,1809.3
social,0.0,0.9,9,25,19,8,2267.6
social,0.0,0.9,9,26,20,8,3048.4
social,0.0,0.9,9,27,20,8,3159.6
social,0.0,0.9,9,28,20,8,3091.2
social,0.0,0.9,9,29,20,8,3097.3
social,0.0,0.9,9,30,20,8,2922.2
social,0.0,0.9,9,31,20,8,2854.8
social,0.0,0.9,9,32,20,8,2848.2
social,0.0,0.9,9,33,20,8,2754.2
social,0.0,0.9,9,34,20,8,2487.3
social,0.0,0.9,9,35,20,8,2283.2
social,0.0,0.9,9,36,20,8,2474.1
social,0.0,0.9,9,37,22,8,2616.6
social,0.0,0.9,9,38,22,8,2637.4
social,0.0,0.9,9,39,23,8,3272.7
social,0.0,0.9,9,40,25,8,4641.1
social,0.0,0.9,9,41,25,8,4733.8
social,0.0,0.9,9,42,25,8,5049.4
social,0.0,0.9,9,43,25,8,5200.3
social,0.0,0.9,9,44,26,8,6020.0
social,0.0,0.9,9,45,26,8,6020.0
social,0.0,0.9,9,46,26,8,6020.0
social,0.0,0.9,9,47,26,8,6020.0
social,0.0,0.9,9,48,26,8,5899.6
social,0.0,0.9,9,49,26,8,5781.6
social,0.0,0.9,9,50,26,8,5832.3
social,0.0,0.9,9,51,26,8,5842.9
social,0.0,0.9,9,52,26,8,5661.8
social,0.0,0.9,9,53,26,8,5652.4
social,0.0,0.9,9,54,26,8,5741.0
social,0.0,0.9,9,55,26,8,5827.3
social,0.0,0.9,9,56,26,8,5908.4
social,0.0,0.9,9,57,27,8,5929.1
social,0.0,0.9,9,58,27,8,5889.7
social,0.0,0.9,9,59,27,8,5844.5
social,0.0,0.9,9,60,27,8,5618.3
social,0.0,0.9,9,61,27,8,5776.9
social,0.0,0.9,9,62,27,8,5786.2
social,0.0,0.9,9,63,27,8,5639.9
social,0.0,0.9,9,64,28,8,6173.6
social,0.0,0.9,9,65,28,8,6282.1
social,0.0,0.9,9,66,28,8,6240.2
social,0.0,0.9,9,67,28,8,6218.9
social,0.0,0.9,9,68,28,8,6070.8
social,0.0,0.9,9,69,28,8,5855.0
social,0.0,0.9,9,70,28,8,5861.0
social,0.0,0.9,9,71,28,8,5286.1
social,0.0,0.9,9,72,28,8,5336.0
social,0.0,0.9,9,73,29,8,6309.6
social,0.0,0.9,9,74,29,8,6418.1
social,0.0,0.9,9,75,29,8,6679.9
social,0.0,0.9,9,76,29,8,6544.4
social,0.0,0.9,9,77,29,8,6606.0
social,0.0,0.9,9,78,29,8,6821.6
social,0.0,0.9,9,79,29,8,7042.0
social,0.0,0.9,9,80,29,8,7240.3
social,0.0,0.9,9,81,29,8,7364.4
social,0.0,0.9,9,82,30,8,8072.9
social,0.0,0.9,9,83,30,8,8093.8
social,0.0,0.9,9,84,30,8,8130.3
social,0.0,0.9,9,85,30,8,7877.3
social,0.0,0.9,9,86,30,8,7926.1
social,0.0,0.9,9,87,30,8,7810.0
social,0.0,0.9,9,88,30,8,7472.1
social,0.0,0.9,9,89,30,8,7664.3
social,0.0,0.9,9,90,31,8,8222.8
social,0.0,0.9,9,91,31,8,8654.4
social,0.0,0.9,9,92,31,8,8561.1
social,0.0,0.9,9,93,31,8,8086.3
social,0.0,0.9,9,94,31,8,7899.6
social,0.0,0.9,9,95,31,8,8180.9
social,0.0,0.9,9,96,31,8,8174.8
social,0.0,0.9,9,97,31,8,8252.8
social,0.0,0.9,9,98,31,8,8310.9
social,0.0,0.9,9,99,31,8,7860.2
social,0.0,0.9,9,100,31,8,7558.7
social,0.0,0.9,9,101,31,8,7447.8
social,0.0,0.9,9,102,31,8,7887.6
social,0.0,0.9,9,103,31,8,8174.7
social,0.0,0.9,9,104,31,8,8101.3
social,0.0,0.9,9,105,31,8,7667.4
social,0.0,0.9,9,106,31,8,7737.9
social,0.0,0.9,9,107,31,8,7041.9
social,0.0,0.9,9,108,31,8,7340.8
social,0.0,0.9,9,109,31,8,7747.9
social,0.0,0.9,9,110,31,8,8081.8
social,0.0,0.9,9,111,31,8,8232.0
social,0.0,0.9,9,112,31,8,8470.2
social,0.0,0.9,9,113,31,8,8536.7
social,0.0,0.9,9,114,31,8,7976.1
social,0.0,0.9,9,115,31,8,7892.8
social,0.0,0.9,9,116,31,8,8210.1
social,0.0,0.9,9,117,31,8,8687.8
social,0.0,0.9,9,118,31,8,8868.1
social,0.0,0.9,9,119,31,8,8736.7
social,0.0,0.9,9,120,31,8,8383.1
social,0.0,0.9,9,121,31,8,8242.9
social,0.0,0.9,9,122,31,8,8113.3
social,0.0,0.9,9,123,31,8,8164.7
social,0.0,0.9,9,124,31,8,8220.5
social,0.0,0.9,9,125,31,8,8344.5
social,0.0,0.9,9,126,31,8,8360.0
social,0.0,0.9,9,127,31,8,7963.9
social,0.0,0.9,9,128,31,8,8127.8
social,0.0,0.9,9,129,31,8,8024.1
social,0.0,0.9,9,130,31,8,8030.8
social,0.0,0.9,9,131,31,8,7423.3
social,0.0,0.9,9,132,31,8,7758.4
social,0.0,0.9,9,133,31,8,7755.3
social,0.0,0.9,9,134,31,8,8315.2
social,0.0,0.9,9,135,31,8,7978.3
social,0.0,0.9,9,136,31,8,8159.1
social,0.0,0.9,9,137,31,8,7997.4
social,0.0,0.9,9,138,31,8,8062.0
social,0.0,0.9,9,139,31,8,7987.8
social,0.0,0.9,9,140,31,8,7717.5
social,0.0,0.9,9,141,31,8,7905.4
social,0.0,0.9,9,142,31,8,7927.7
social,0.0,0.9,9,143,31,8,8086.5
social,0.0,0.9,9,144,31,8,8206.8
social,0.0,0.9,9,145,31,8,8142.3
social,0.0,0.9,9,146,31,8,8080.9
social,0.0,0.9,9,147,31,8,7940.9
social,0.0,0.9,9,148,31,8,7994.1
social,0.0,0.9,9,149,31,8,8295.1
social,0.0,0.9,9,150,31,8,8443.4
social,0.0,0.9,10,0,0,0,0.0
social,0.0,0.9,10,1,4,2,48.0
social,0.0,0.9,10,2,5,3,75.0
social,0.0,0.9,10,3,5,3,75.0
social,0.0,0.9,10,4,7,4,87.0
social,0.0,0.9,10,5,8,5,440.0
social,0.0,0.9,10,6,8,5,440.0
social,0.0,0.9,10,7,10,6,842.8
social,0.0,0.9,10,8,10,6,833.0
social,0.0,0.9,10,9,12,7,1359.6
social,0.0,0.9,10,10,13,8,1529.5
social,0.0,0.9,10,11,13,8,2095.0
social,0.0,0.9,10,12,13,8,2095.0
social,0.0,0.9,10,13,14,8,2210.0
social,0.0,0.9,10,14,15,8,2735.0
social,0.0,0.9,10,15,17,8,3396.8
social,0.0,0.9,10,16,18,8,3900.4
social,0.0,0.9,10,17,18,8,3909.5
social,0.0,0.9,10,18,18,8,3900.4
social,0.0,0.9,10,19,18,8,3917.1
social,0.0,0.9,10,20,19,8,4128.5
social,0.0,0.9,10,21,20,8,4831.4
social,0.0,0.9,10,22,21,8,5245.4
social,0.0,0.9,10,23,21,8,5395.5
social,0.0,0.9,10,24,21,8,5461.4
social,0.0,0.9,10,25,21,8,5385.1
social,0.0,0.9,10,26,21,8,5279.2
social,0.0,0.9,10,27,21,8,5264.4
social,0.0,0.9,10,28,21,8,5019.5
social,0.0,0.9,10,29,22,8,4592.4
social,0.0,0.9,10,30,22,8,4380.8
social,0.0,0.9,10,31,22,8,4838.8
social,0.0,0.9,10,32,23,8,5580.6
social,0.0,0.9,10,33,24,8,5829.5
social,0.0,0.9,10,34,24,8,6212.5
social,0.0,0.9,10,35,24,8,5332.1
social,0.0,0.9,10,36,24,8,4919.0
social,0.0,0.9,10,37,24,8,5132.6
social,0.0,0.9,10,38,24,8,5652.1
social,0.0,0.9,10,39,25,8,5882.2
social,0.0,0.9,10,40,25,8,6014.1
social,0.0,0.9,10,41,26,8,6595.6
social,0.0,0.9,10,42,27,8,7545.4
social,0.0,0.9,10,43,27,8,7635.1
social,0.0,0.9,10,44,27,8,7750.0
social,0.0,0.9,10,45,27,8,7903.6
social,0.0,0.9,10,46,27,8,7972.7
social,0.0,0.9,10,47,27,8,8015.0
social,0.0,0.9,10,48,27,8,8015.0
social,0.0,0.9,10,49,27,8,8015.0
social,0.0,0.9,10,50,27,8,8015.0
social,0.0,0.9,10,51,27,8,8015.0
social,0.0,0.9,10,52,27,8,8015.0
social,0.0,0.9,10,53,27,8,8015.0
social,0.0,0.9,10,54,27,8,7694.4
social,0.0,0.9,10,55,28,8,8183.4
social,0.0,0.9,10,56,28,8,7905.2
social,0.0,0.9,10,57,29,8,8642.9
social,0.0,0.9,10,58,29,8,9236.4
social,0.0,0.9,10,59,29,8,9083.6
social,0.0,0.9,10,60,29,8,9171.2
social,0.0,0.9,10,61,29,8,9309.1
social,0.0,0.9,10,62,29,8,9146.9
social,0.0,0.9,10,63,29,8,8984.4
social,0.0,0.9,10,64,29,8,8733.6
social,0.0,0.9,10,65,29,8,8010.1
social,0.0,0.9,10,66,29,8,7567.4
social,0.0,0.9,10,67,29,8,7133.2
social,0.0,0.9,10,68,29,8,6997.6
social,0.0,0.9,10,69,29,8,7346.6
social,0.0,0.9,10,70,29,8,8257.8
social,0.0,0.9,10,71,29,8,9108.0
social,0.0,0.9,10,72,29,8,8740.9
social,0.0,0.9,10,73,29,8,8419.7
social,0.0,0.9,10,74,30,8,8722.9
social,0.0,0.9,10,75,30,8,8471.9
social,0.0,0.9,10,76,30,8,8583.2
social,0.0,0.9,10,77,30,8,8568.5
social,0.0,0.9,10,78,30,8,8858.9
social,0.0,0.9,10,79,30,8,8960.8
social,0.0,0.9,10,80,30,8,8774.9
social,0.0,0.9,10,81,30,8,9003.3
social,0.0,0.9,10,82,30,8,9240.9
social,0.0,0.9,10,83,30,8,9454.6
social,0.0,0.9,10,84,30,8,8986.4
social,0.0,0.9,10,85,30,8,8994.5
social,0.0,0.9,10,86,30,8,9184.1
social,0.0,0.9,10,87,30,8,9255.7
social,0.0,0.9,10,88,30,8,8989.1
social,0.0,0.9,10,89,30,8,9033.9
social,0.0,0.9,10,90,30,8,8933.7
social,0.0,0.9,10,91,30,8,8778.5
social,0.0,0.9,10,92,30,8,8903.4
social,0.0,0.9,10,93,30,8,8803.0
social,0.0,0.9,10,94,30,8,8700.2
social,0.0,0.9,10,95,30,8,8733.6
social,0.0,0.9,10,96,30,8,9057.3
social,0.0,0.9,10,97,30,8,9178.3
social,0.0,0.9,10,98,30,8,8932.5
social,0.0,0.9,10,99,30,8,8119.8
social,0.0,0.9,10,100,30,8,7624.9
social,0.0,0.9,10,101,30,8,7453.4
social,0.0,0.9,10,102,30,8,7873.8
social,0.0,0.9,10,103,30,8,8476.2
social,0.0,0.9,10,104,30,8,8822.2
social,0.0,0.9,10,105,30,8,8996.8
social,0.0,0.9,10,106,30,8,9026.6
social,0.0,0.9,10,107,31,8,8066.7
social,0.0,0.9,10,108,31,8,7517.4
social,0.0,0.9,10,109,31,8,7882.9
social,0.0,0.9,10,110,31,8,8342.4
social,0.0,0.9,10,111,31,8,9076.1
social,0.0,0.9,10,112,31,8,9421.0
social,0.0,0.9,10,113,31,8,9350.2
social,0.0,0.9,10,114,31,8,9196.0
social,0.0,0.9,10,115,31,8,9250.6
social,0.0,0.9,10,116,31,8,9405.8
social,0.0,0.9,10,117,31,8,9149.7
social,0.0,0.9,10,118,31,8,8822.4
social,0.0,0.9,10,119,31,8,8592.7
social,0.0,0.9,10,120,31,8,8897.6
social,0.0,0.9,10,121,31,8,9099.7
social,0.0,0.9,10,122,31,8,9305.3
social,0.0,0.9,10,123,31,8,8847.7
social,0.0,0.9,10,124,31,8,8778.5
social,0.0,0.9,10,125,31,8,8826.8
social,0.0,0.9,10,126,31,8,8456.3
social,0.0,0.9,10,127,31,8,8456.9
social,0.0,0.9,10,128,31,8,8262.1
social,0.0,0.9,10,129,32,8,8724.0
social,0.0,0.9,10,130,32,8,9091.6
social,0.0,0.9,10,131,32,8,9012.5
social,0.0,0.9,10,132,32,8,9034.4
social,0.0,0.9,10,133,33,9,9439.1
social,0.0,0.9,10,134,33,9,9761.8
social,0.0,0.9,10,135,33,9,9423.0
social,0.0,0.9,10,136,33,9,9086.0
social,0.0,0.9,10,137,33,9,9027.5
social,0.0,0.9,10,138,33,9,8818.0
social,0.0,0.9,10,139,33,9,9496.7
social,0.0,0.9,10,140,33,9,9605.6
social,0.0,0.9,10,141,34,9,11015.0
social,0.0,0.9,10,142,34,9,11325.2
social,0.0,0.9,10,143,34,9,10819.4
social,0.0,0.9,10,144,34,9,10790.5
social,0.0,0.9,10,145,34,9,10177.6
social,0.0,0.9,10,146,35,9,10663.8
social,0.0,0.9,10,147,35,9,10993.1
social,0.0,0.9,10,148,35,9,10606.2
social,0.0,0.9,10,149,36,9,10310.9
social,0.0,0.9,10,150,36,9,10460.1
social,0.0,0.9,11,0,0,0,0.0
social,0.0,0.9,11,1,5,2,60.6
social,0.0,0.9,11,2,5,2,75.0
social,0.0,0.9,11,3,6,3,90.0
social,0.0,0.9,11,4,6,3,90.0
social,0.0,0.9,11,5,7,3,105.0
social,0.0,0.9,11,6,8,3,120.0
social,0.0,0.9,11,7,8,3,120.0
social,0.0,0.9,11,8,8,3,120.0
social,0.0,0.9,11,9,8,3,120.0
social,0.0,0.9,11,10,8,3,120.0
social,0.0,0.9,11,11,9,4,134.7
social,0.0,0.9,11,12,9,4,135.0
social,0.0,0.9,11,13,9,4,135.0
social,0.0,0.9,11,14,9,4,135.0
social,0.0,0.9,11,15,9,4,135.0
social,0.0,0.9,11,16,9,4,135.0
social,0.0,0.9,11,17,10,4,150.0
social,0.0,0.9,11,18,10,4,150.0
social,0.0,0.9,11,19,10,4,150.0
social,0.0,0.9,11,20,11,5,485.0
social,0.0,0.9,11,21,11,5,475.3
social,0.0,0.9,11,22,11,5,478.3
social,0.0,0.9,11,23,11,5,475.3
social,0.0,0.9,11,24,11,5,484.4
social,0.0,0.9,11,25,11,5,485.0
social,0.0,0.9,11,26,11,5,455.9
social,0.0,0.9,11,27,11,5,453.1
social,0.0,0.9,11,28,11,5,465.0
social,0.0,0.9,11,29,12,5,476.9
social,0.0,0.9,11,30,13,6,509.5
social,0.0,0.9,11,31,13,6,496.7
social,0.0,0.9,11,32,13,6,511.7
social,0.0,0.9,11,33,13,6,470.2
social,0.0,0.9,11,34,13,6,491.7
social,0.0,0.9,11,35,14,6,506.6
social,0.0,0.9,11,36,14,6,568.4
social,0.0,0.9,11,37,14,6,597.4
social,0.0,0.9,11,38,14,6,624.5
social,0.0,0.9,11,39,15,7,806.0
social,0.0,0.9,11,40,16,7,977.7
social,0.0,0.9,11,41,16,7,925.3
social,0.0,0.9,11,42,16,7,955.2
social,0.0,0.9,11,43,16,7,1051.6
social,0.0,0.9,11,44,16,7,1070.0
social,0.0,0.9,11,45,17,7,1085.0
social,0.0,0.9,11,46,17,7,1085.0
social,0.0,0.9,11,47,17,7,1085.0
social,0.0,0.9,11,48,17,7,1063.3
social,0.0,0.9,11,49,17,7,1072.7
social,0.0,0.9,11,50,17,7,1063.3
social,0.0,0.9,11,51,17,7,1065.7
social,0.0,0.9,11,52,17,7,1084.7
social,0.0,0.9,11,53,17,7,1085.0
social,0.0,0.9,11,54,17,7,1085.0
social,0.0,0.9,11,55,17,7,1085.0
social,0.0,0.9,11,56,18,7,1209.3
social,0.0,0.9,11,57,18,7,1234.1
social,0.0,0.9,11,58,18,7,1198.7
social,0.0,0.9,11,59,18,7,1213.1
social,0.0,0.9,11,60,18,7,1224.7
social,0.0,0.9,11,61,18,7,1227.4
social,0.0,0.9,11,62,18,7,1232.4
social,0.0,0.9,11,63,18,7,1209.1
social,0.0,0.9,11,64,18,7,1210.7
social,0.0,0.9,11,65,19,7,1558.6
social,0.0,0.9,11,66,19,7,1561.0
social,0.0,0.9,11,67,19,7,1496.4
social,0.0,0.9,11,68,19,7,1463.1
social,0.0,0.9,11,69,19,7,1536.4
social,0.0,0.9,11,70,19,7,1573.4
social,0.0,0.9,11,71,19,7,1562.1
social,0.0,0.9,11,72,19,7,1527.0
social,0.0,0.9,11,73,19,7,1573.6
social,0.0,0.9,11,74,19,7,1658.9
social,0.0,0.9,11,75,19,7,1585.7
social,0.0,0.9,11,76,19,7,1573.6
social,0.0,0.9,11,77,19,7,1617.2
social,0.0,0.9,11,78,19,7,1523.9
social,0.0,0.9,11,79,19,7,1587.8
social,0.0,0.9,11,80,19,7,1626.3
social,0.0,0.9,11,81,19,7,1635.6
social,0.0,0.9,11,82,19,7,1660.5
social,0.0,0.9,11,83,19,7,1562.4
social,0.0,0.9,11,84,19,7,1533.6
social,0.0,0.9,11,85,19,7,1590.2
social,0.0,0.9,11,86,19,7,1660.3
social,0.0,0.9,11,87,19,7,1690.5
social,0.0,0.9,11,88,19,7,1695.0
social,0.0,0.9,11,89,19,7,1627.2
social,0.0,0.9,11,90,19,7,1632.9
social,0.0,0.9,11,91,21,8,2644.6
social,0.0,0.9,11,92,21,8,2798.4
social,0.0,0.9,11,93,22,8,3169.9
social,0.0,0.9,11,94,25,8,4645.3
social,0.0,0.9,11,95,25,8,4705.7
social,0.0,0.9,11,96,25,8,4784.4
social,0.0,0.9,11,97,25,8,4568.6
social,0.0,0.9,11,98,26,8,4929.9
social,0.0,0.9,11,99,26,8,5611.9
social,0.0,0.9,11,100,26,8,5763.0
social,0.0,0.9,11,101,26,8,5556.8
social,0.0,0.9,11,102,26,8,5169.4
social,0.0,0.9,11,103,26,8,5365.3
social,0.0,0.9,11,104,26,8,5840.7
social,0.0,0.9,11,105,26,8,5670.4
social,0.0,0.9,11,106,26,8,5468.5
social,0.0,0.9,11,107,26,8,5096.3
social,0.0,0.9,11,108,26,8,4910.9
social,0.0,0.9,11,109,26,8,5212.4
social,0.0,0.9,11,110,26,8,5508.3
social,0.0,0.9,11,111,26,8,5720.3
social,0.0,0.9,11,112,27,8,6496.2
social,0.0,0.9,11,113,27,8,6414.4
social,0.0,0.9,11,114,27,8,6383.3
social,0.0,0.9,11,115,27,8,6498.1
social,0.0,0.9,11,116,27,8,6314.8
social,0.0,0.9,11,117,27,8,6250.3
social,0.0,0.9,11,118,27,8,6392.8
social,0.0,0.9,11,119,27,8,6664.8
social,0.0,0.9,11,120,27,8,6337.4
social,0.0,0.9,11,121,27,8,6114.0
social,0.0,0.9,11,122,28,8,6857.0
social,0.0,0.9,11,123,28,8,6992.3
social,0.0,0.9,11,124,28,8,6719.7
social,0.0,0.9,11,125,29,8,6995.2
social,0.0,0.9,11,126,29,8,7809.2
social,0.0,0.9,11,127,29,8,7798.0
social,0.0,0.9,11,128,29,8,7697.9
social,0.0,0.9,11,129,29,8,7436.6
social,0.0,0.9,11,130,29,8,7504.9
social,0.0,0.9,11,131,29,8,7584.0
social,0.0,0.9,11,132,29,8,7166.7
social,0.0,0.9,11,133,29,8,6828.5
social,0.0,0.9,11,134,30,8,7545.4
social,0.0,0.9,11,135,30,8,7806.3
social,0.0,0.9,11,136,30,8,8212.1
social,0.0,0.9,11,137,30,8,8151.1
social,0.0,0.9,11,138,31,8,8581.7
social,0.0,0.9,11,139,31,8,8661.1
social,0.0,0.9,11,140,31,8,8410.3
social,0.0,0.9,11,141,31,8,8574.3
social,0.0,0.9,11,142,31,8,8791.4
social,0.0,0.9,11,143,31,8,9114.1
social,0.0,0.9,11,144,31,8,8400.6
social,0.0,0.9,11,145,31,8,8580.4
social,0.0,0.9,11,146,31,8,8472.5
social,0.0,0.9,11,147,31,8,8821.4
social,0.0,0.9,11,148,31,8,8709.1
social,0.0,0.9,11,149,31,8,8763.4
social,0.0,0.9,11,150,31,8,8876.6
social,0.0,0.9,12,0,0,0,0.0
social,0.0,0.9,12,1,4,1,53.1
social,0.0,0.9,12,2,4,1,60.0
social,0.0,0.9,12,3,5,2,74.7
social,0.0,0.9,12,4,5,2,75.0
social,0.0,0.9,12,5,6,3,90.0
social,0.0,0.9,12,6,6,3,90.0
social,0.0,0.9,12,7,6,3,90.0
social,0.0,0.9,12,8,7,3,101.4
social,0.0,0.9,12,9,8,3,119.7
social,0.0,0.9,12,10,8,3,120.0
social,0.0,0.9,12,11,9,4,122.4
social,0.0,0.9,12,12,9,4,135.0
social,0.0,0.9,12,13,9,4,135.0
social,0.0,0.9,12,14,9,4,132.3
social,0.0,0.9,12,15,9,4,135.0
social,0.0,0.9,12,16,9,4,135.0
social,0.0,0.9,12,17,9,4,135.0
social,0.0,0.9,12,18,9,4,135.0
social,0.0,0.9,12,19,9,4,135.0
social,0.0,0.9,12,20,9,4,132.3
social,0.0,0.9,12,21,9,4,132.3
social,0.0,0.9,12,22,9,4,135.0
social,0.0,0.9,12,23,9,4,132.3
social,0.0,0.9,12,24,10,4,146.7
social,0.0,0.9,12,25,10,4,146.4
social,0.0,0.9,12,26,10,4,146.7
social,0.0,0.9,12,27,10,4,149.7
social,0.0,0.9,12,28,11,5,436.5
social,0.0,0.9,12,29,13,6,806.2
social,0.0,0.9,12,30,13,6,929.5
social,0.0,0.9,12,31,14,6,1038.8
social,0.0,0.9,12,32,15,7,1125.0
social,0.0,0.9,12,33,16,7,1077.8
social,0.0,0.9,12,34,16,7,1119.7
social,0.0,0.9,12,35,16,7,1121.2
social,0.0,0.9,12,36,17,7,1233.8
social,0.0,0.9,12,37,17,7,1294.2
social,0.0,0.9,12,38,17,7,1256.7
social,0.0,0.9,12,39,17,7,1305.9
social,0.0,0.9,12,40,17,7,1330.9
social,0.0,0.9,12,41,17,7,1288.2
social,0.0,0.9,12,42,17,7,1343.1
social,0.0,0.9,12,43,17,7,1405.9
social,0.0,0.9,12,44,17,7,1428.9
social,0.0,0.9,12,45,18,7,1440.6
social,0.0,0.9,12,46,18,7,1421.6
social,0.0,0.9,12,47,18,7,1443.3
social,0.0,0.9,12,48,18,7,1440.6
social,0.0,0.9,12,49,19,7,1965.3
social,0.0,0.9,12,50,20,7,2316.2
social,0.0,0.9,12,51,21,8,3029.9
social,0.0,0.9,12,52,21,8,3065.0
social,0.0,0.9,12,53,21,8,3065.0
social,0.0,0.9,12,54,22,8,3623.1
social,0.0,0.9,12,55,22,8,3727.2
social,0.0,0.9,12,56,22,8,3614.0
social,0.0,0.9,12,57,24,8,4121.1
social,0.0,0.9,12,58,24,8,3939.6
social,0.0,0.9,12,59,24,8,3953.6
social,0.0,0.9,12,60,24,8,4035.2
social,0.0,0.9,12,61,24,8,3974.2
social,0.0,0.9,12,62,24,8,3864.1
social,0.0,0.9,12,63,24,8,4007.5
social,0.0,0.9,12,64,25,8,4526.0
social,0.0,0.9,12,65,25,8,4848.5
social,0.0,0.9,12,66,26,8,5291.1
social,0.0,0.9,12,67,26,8,5387.9
social,0.0,0.9,12,68,27,8,6214.8
social,0.0,0.9,12,69,27,8,6037.4
social,0.0,0.9,12,70,27,8,5610.5
social,0.0,0.9,12,71,27,8,5673.5
social,0.0,0.9,12,72,27,8,5731.1
social,0.0,0.9,12,73,27,8,5859.9
social,0.0,0.9,12,74,27,8,5558.7
social,0.0,0.9,12,75,27,8,5290.0
social,0.0,0.9,12,76,27,8,5473.0
social,0.0,0.9,12,77,27,8,5925.2
social,0.0,0.9,12,78,27,8,6021.8
social,0.0,0.9,12,79,27,8,6048.1
social,0.0,0.9,12,80,28,8,6447.4
social,0.0,0.9,12,81,28,8,6473.5
social,0.0,0.9,12,82,28,8,6665.6
social,0.0,0.9,12,83,28,8,6861.1
social,0.0,0.9,12,84,28,8,6988.5
social,0.0,0.9,12,85,28,8,7026.9
social,0.0,0.9,12,86,28,8,6825.4
social,0.0,0.9,12,87,29,8,7167.8
social,0.0,0.9,12,88,29,8,7013.2
social,0.0,0.9,12,89,29,8,6765.0
social,0.0,0.9,12,90,29,8,6992.1
social,0.0,0.9,12,91,29,8,7214.0
social,0.0,0.9,12,92,29,8,7625.4
social,0.0,0.9,12,93,29,8,7531.6
social,0.0,0.9,12,94,29,8,7482.5
social,0.0,0.9,12,95,29,8,7439.5
social,0.0,0.9,12,96,30,8,8173.6
social,0.0,0.9,12,97,30,8,8180.4
social,0.0,0.9,12,98,30,8,7972.0
social,0.0,0.9,12,99,30,8,8145.7
social,0.0,0.9,12,100,30,8,8020.4
social,0.0,0.9,12,101,30,8,7595.2
social,0.0,0.9,12,102,30,8,7378.3
social,0.0,0.9,12,103,30,8,7603.4
social,0.0,0.9,12,104,30,8,8163.8
social,0.0,0.9,12,105,30,8,8116.6
social,0.0,0.9,12,106,30,8,8103.7
social,0.0,0.9,12,107,30,8,7912.0
social,0.0,0.9,12,108,30,8,7980.6
social,0.0,0.9,12,109,30,8,7846.5
social,0.0,0.9,12,110,30,8,7606.0
social,0.0,0.9,12,111,30,8,7498.0
social,0.0,0.9,12,112,30,8,7331.8
social,0.0,0.9,12,113,30,8,7434.4
social,0.0,0.9,12,114,30,8,7351.6
social,0.0,0.9,12,115,30,8,7674.9
social,0.0,0.9,12,116,30,8,7914.4
social,0.0,0.9,12,117,30,8,7984.3
social,0.0,0.9,12,118,30,8,7819.3
social,0.0,0.9,12,119,30,8,7800.3
social,0.0,0.9,12,120,30,8,8036.2
social,0.0,0.9,12,121,30,8,8170.6
social,0.0,0.9,12,122,30,8,8146.2
social,0.0,0.9,12,123,30,8,8375.9
social,0.0,0.9,12,124,30,8,8310.2
social,0.0,0.9,12,125,30,8,8431.9
social,0.0,0.9,12,126,30,8,7806.8
social,0.0,0.9,12,127,30,8,7780.9
social,0.0,0.9,12,128,30,8,7840.7
social,0.0,0.9,12,129,30,8,7899.8
social,0.0,0.9,12,130,30,8,8060.8
social,0.0,0.9,12,131,30,8,8074.0
social,0.0,0.9,12,132,30,8,8312.5
social,0.0,0.9,12,133,30,8,8486.6
social,0.0,0.9,12,134,30,8,8233.1
social,0.0,0.9,12,135,30,8,7964.7
social,0.0,0.9,12,136,30,8,7709.5
social,0.0,0.9,12,137,30,8,7485.9
social,0.0,0.9,12,138,30,8,7182.3
social,0.0,0.9,12,139,30,8,7563.4
social,0.0,0.9,12,140,30,8,7896.3
social,0.0,0.9,12,141,31,8,8527.4
social,0.0,0.9,12,142,31,8,8844.5
social,0.0,0.9,12,143,31,8,8380.4
social,0.0,0.9,12,144,31,8,7988.8
social,0.0,0.9,12,145,31,8,8079.2
social,0.0,0.9,12,146,31,8,8326.2
social,0.0,0.9,12,147,31,8,8369.9
social,0.0,0.9,12,148,31,8,8487.9
social,0.0,0.9,12,149,31,8,8639.2
social,0.0,0.9,12,150,31,8,8669.1
social,0.0,0.9,13,0,0,0,0.0
social,0.0,0.9,13,1,4,1,45.0
social,0.0,0.9,13,2,4,1,60.0
social,0.0,0.9,13,3,5,2,75.0
social,0.0,0.9,13,4,7,4,98.7
social,0.0,0.9,13,5,7,4,105.0
social,0.0,0.9,13,6,9,6,730.4
social,0.0,0.9,13,7,9,6,818.3
social,0.0,0.9,13,8,9,6,827.1
social,0.0,0.9,13,9,9,6,835.0
social,0.0,0.9,13,10,9,6,835.0
social,0.0,0.9,13,11,9,6,835.0
social,0.0,0.9,13,12,9,6,835.0
social,0.0,0.9,13,13,9,6,835.0
social,0.0,0.9,13,14,9,6,835.0
social,0.0,0.9,13,15,10,6,900.0
social,0.0,0.9,13,16,11,7,1320.0
social,0.0,0.9,13,17,12,7,1426.8
social,0.0,0.9,13,18,12,7,1411.2
social,0.0,0.9,13,19,12,7,1421.6
social,0.0,0.9,13,20,13,8,2074.5
social,0.0,0.9,13,21,14,8,2156.4
social,0.0,0.9,13,22,14,8,2185.4
social,0.0,0.9,13,23,14,8,2191.1
social,0.0,0.9,13,24,14,8,2185.4
social,0.0,0.9,13,25,14,8,2102.2
social,0.0,0.9,13,26,14,8,2072.0
social,0.0,0.9,13,27,15,8,2149.2
social,0.0,0.9,13,28,15,8,2155.2
social,0.0,0.9,13,29,16,8,2038.2
social,0.0,0.9,13,30,16,8,2053.1
social,0.0,0.9,13,31,16,8,2040.7
social,0.0,0.9,13,32,16,8,2160.2
social,0.0,0.9,13,33,16,8,2169.6
social,0.0,0.9,13,34,17,8,1963.5
social,0.0,0.9,13,35,17,8,1990.1
social,0.0,0.9,13,36,17,8,1916.7
social,0.0,0.9,13,37,17,8,1841.4
social,0.0,0.9,13,38,17,8,1921.5
social,0.0,0.9,13,39,17,8,1920.6
social,0.0,0.9,13,40,17,8,1963.0
social,0.0,0.9,13,41,17,8,2095.3
social,0.0,0.9,13,42,17,8,2193.4
social,0.0,0.9,13,43,19,8,3026.6
social,0.0,0.9,13,44,19,8,3445.8
social,0.0,0.9,13,45,19,8,3503.6
social,0.0,0.9,13,46,19,8,3515.0
social,0.0,0.9,13,47,19,8,3515.0
social,0.0,0.9,13,48,20,8,3970.0
social,0.0,0.9,13,49,21,8,4516.1
social,0.0,0.9,13,50,22,8,5178.3
social,0.0,0.9,13,51,22,8,5190.0
social,0.0,0.9,13,52,23,8,5828.0
social,0.0,0.9,13,53,24,8,6760.0
social,0.0,0.9,13,54,24,8,6624.8
social,0.0,0.9,13,55,24,8,6635.2
social,0.0,0.9,13,56,24,8,6679.8
social,0.0,0.9,13,57,24,8,6624.8
social,0.0,0.9,13,58,24,8,6357.4
social,0.0,0.9,13,59,24,8,6313.0
social,0.0,0.9,13,60,24,8,5752.0
social,0.0,0.9,13,61,24,8,5849.9
social,0.0,0.9,13,62,24,8,5853.0
social,0.0,0.9,13,63,24,8,6016.1
social,0.0,0.9,13,64,24,8,5881.4
social,0.0,0.9,13,65,25,8,6129.3
social,0.0,0.9,13,66,25,8,6157.2
social,0.0,0.9,13,67,25,8,6453.8
social,0.0,0.9,13,68,25,8,6251.1
social,0.0,0.9,13,69,25,8,6490.5
social,0.0,0.9,13,70,25,8,6487.9
social,0.0,0.9,13,71,25,8,6422.4
social,0.0,0.9,13,72,25,8,6231.6
social,0.0,0.9,13,73,25,8,6148.4
social,0.0,0.9,13,74,25,8,6125.4
social,0.0,0.9,13,75,25,8,6311.6
social,0.0,0.9,13,76,26,8,6379.0
social,0.0,0.9,13,77,26,8,6058.5
social,0.0,0.9,13,78,26,8,5962.4
social,0.0,0.9,13,79,26,8,6238.0
social,0.0,0.9,13,80,26,8,6537.7
social,0.0,0.9,13,81,26,8,6758.0
social,0.0,0.9,13,82,26,8,6936.2
social,0.0,0.9,13,83,26,8,6710.4
social,0.0,0.9,13,84,26,8,6576.0
social,0.0,0.9,13,85,26,8,6690.6
social,0.0,0.9,13,86,27,8,7469.4
social,0.0,0.9,13,87,27,8,7655.0
social,0.0,0.9,13,88,27,8,7655.0
social,0.0,0.9,13,89,27,8,7501.9
social,0.0,0.9,13,90,27,8,7518.6
social,0.0,0.9,13,91,27,8,7435.7
social,0.0,0.9,13,92,27,8,7505.6
social,0.0,0.9,13,93,27,8,6924.4
social,0.0,0.9,13,94,28,8,6808.2
social,0.0,0.9,13,95,28,8,6991.2
social,0.0,0.9,13,96,28,8,6539.0
social,0.0,0.9,13,97,28,8,6828.4
social,0.0,0.9,13,98,28,8,7106.0
social,0.0,0.9,13,99,28,8,7483.1
social,0.0,0.9,13,100,28,8,7320.9
social,0.0,0.9,13,101,28,8,7140.5
social,0.0,0.9,13,102,28,8,7195.5
social,0.0,0.9,13,103,28,8,7030.3
social,0.0,0.9,13,104,28,8,7148.5
social,0.0,0.9,13,105,28,8,6860.1
social,0.0,0.9,13,106,28,8,6826.0
social,0.0,0.9,13,107,28,8,6792.6
social,0.0,0.9,13,108,28,8,6897.1
social,0.0,0.9,13,109,28,8,6864.9
social,0.0,0.9,13,110,28,8,6874.3
social,0.0,0.9,13,111,28,8,7209.0
social,0.0,0.9,13,112,28,8,7118.5
social,0.0,0.9,13,113,28,8,7204.7
social,0.0,0.9,13,114,28,8,7147.2
social,0.0,0.9,13,115,28,8,7406.2
social,0.0,0.9,13,116,28,8,7616.5
social,0.0,0.9,13,117,28,8,7692.0
social,0.0,0.9,13,118,28,8,7423.9
social,0.0,0.9,13,119,28,8,7294.1
social,0.0,0.9,13,120,28,8,7574.7
social,0.0,0.9,13,121,28,8,7768.3
social,0.0,0.9,13,122,28,8,7705.2
social,0.0,0.9,13,123,28,8,7732.8
social,0.0,0.9,13,124,28,8,7489.7
social,0.0,0.9,13,125,28,8,7570.5
social,0.0,0.9,13,126,28,8,7460.5
social,0.0,0.9,13,127,28,8,7370.2
social,0.0,0.9,13,128,28,8,7319.7
social,0.0,0.9,13,129,28,8,7339.8
social,0.0,0.9,13,130,28,8,7112.4
social,0.0,0.9,13,131,28,8,7056.5
social,0.0,0.9,13,132,28,8,6853.2
social,0.0,0.9,13,133,28,8,7017.7
social,0.0,0.9,13,134,28,8,7272.8
social,0.0,0.9,13,135,28,8,7462.2
social,0.0,0.9,13,136,28,8,7276.0
social,0.0,0.9,13,137,28,8,6821.6
social,0.0,0.9,13,138,28,8,6606.1
social,0.0,0.9,13,139,29,8,7007.0
social,0.0,0.9,13,140,29,8,7453.9
social,0.0,0.9,13,141,29,8,7870.6
social,0.0,0.9,13,142,30,8,8400.1
social,0.0,0.9,13,143,30,8,8489.0
social,0.0,0.9,13,144,30,8,8222.6
social,0.0,0.9,13,145,30,8,7909.9
social,0.0,0.9,13,146,30,8,8403.4
social,0.0,0.9,13,147,30,8,8725.0
social,0.0,0.9,13,148,30,8,8921.4
social,0.0,0.9,13,149,30,8,8879.0
social,0.0,0.9,13,150,30,8,8825.3
social,0.0,0.9,14,0,0,0,0.0
social,0.0,0.9,14,1,2,1,30.0
social,0.0,0.9,14,2,6,3,80.1
social,0.0,0.9,14,3,7,4,104.7
social,0.0,0.9,14,4,8,5,292.6
social,0.0,0.9,14,5,8,5,440.0
social,0.0,0.9,14,6,9,5,505.0
social,0.0,0.9,14,7,10,6,520.0
social,0.0,0.9,14,8,10,6,520.0
social,0.0,0.9,14,9,11,6,857.2
social,0.0,0.9,14,10,11,6,898.8
social,0.0,0.9,14,11,11,6,915.0
social,0.0,0.9,14,12,12,7,1408.5
social,0.0,0.9,14,13,12,7,1440.0
social,0.0,0.9,14,14,12,7,1440.0
social,0.0,0.9,14,15,12,7,1411.2
social,0.0,0.9,14,16,12,7,1413.3
social,0.0,0.9,14,17,12,7,1440.0
social,0.0,0.9,14,18,12,7,1440.0
social,0.0,0.9,14,19,12,7,1440.0
social,0.0,0.9,14,20,12,7,1440.0
social,0.0,0.9,14,21,12,7,1440.0
social,0.0,0.9,14,22,12,7,1440.0
social,0.0,0.9,14,23,12,7,1411.2
social,0.0,0.9,14,24,12,7,1421.3
social,0.0,0.9,14,25,12,7,1440.0
social,0.0,0.9,14,26,12,7,1411.2
social,0.0,0.9,14,27,12,7,1334.9
social,0.0,0.9,14,28,12,7,1305.4
social,0.0,0.9,14,29,13,7,1266.4
social,0.0,0.9,14,30,13,7,1342.7
social,0.0,0.9,14,31,13,7,1399.2
social,0.0,0.9,14,32,14,7,1465.7
social,0.0,0.9,14,33,14,7,1390.0
social,0.0,0.9,14,34,14,7,1430.6
social,0.0,0.9,14,35,17,8,1614.2
social,0.0,0.9,14,36,18,8,2127.2
social,0.0,0.9,14,37,19,8,2732.8
social,0.0,0.9,14,38,19,8,3008.7
social,0.0,0.9,14,39,19,8,3009.2
social,0.0,0.9,14,40,19,8,2937.0
social,0.0,0.9,14,41,19,8,2944.8
social,0.0,0.9,14,42,19,8,3179.2
social,0.0,0.9,14,43,19,8,3419.0
social,0.0,0.9,14,44,19,8,3465.0
social,0.0,0.9,14,45,20,8,3480.0
social,0.0,0.9,14,46,20,8,3480.0
social,0.0,0.9,14,47,20,8,3480.0
social,0.0,0.9,14,48,20,8,3480.0
social,0.0,0.9,14,49,20,8,3480.0
social,0.0,0.9,14,50,20,8,3340.8
social,0.0,0.9,14,51,20,8,3290.0
social,0.0,0.9,14,52,21,8,3526.2
social,0.0,0.9,14,53,21,8,3620.1
social,0.0,0.9,14,54,22,8,4228.1
social,0.0,0.9,14,55,23,8,4895.0
social,0.0,0.9,14,56,24,8,5210.1
social,0.0,0.9,14,57,25,8,5419.2
social,0.0,0.9,14,58,25,8,5695.4
social,0.0,0.9,14,59,25,8,5848.4
social,0.0,0.9,14,60,26,8,6102.7
social,0.0,0.9,14,61,26,8,6165.1
social,0.0,0.9,14,62,27,8,6536.5
social,0.0,0.9,14,63,27,8,6668.7
social,0.0,0.9,14,64,27,8,6941.0
social,0.0,0.9,14,65,27,8,7188.3
social,0.0,0.9,14,66,27,8,6750.9
social,0.0,0.9,14,67,28,8,6982.2
social,0.0,0.9,14,68,29,8,7302.7
social,0.0,0.9,14,69,29,8,7650.0
social,0.0,0.9,14,70,29,8,7489.4
social,0.0,0.9,14,71,29,8,6242.3
social,0.0,0.9,14,72,29,8,6250.2
social,0.0,0.9,14,73,29,8,6818.1
social,0.0,0.9,14,74,29,8,7391.9
social,0.0,0.9,14,75,29,8,8052.7
social,0.0,0.9,14,76,29,8,8198.6
social,0.0,0.9,14,77,29,8,8313.7
social,0.0,0.9,14,78,29,8,8231.1
social,0.0,0.9,14,79,29,8,8226.9
social,0.0,0.9,14,80,29,8,8217.8
social,0.0,0.9,14,81,29,8,8261.9
social,0.0,0.9,14,82,29,8,8289.1
social,0.0,0.9,14,83,29,8,8427.1
social,0.0,0.9,14,84,29,8,8362.2
social,0.0,0.9,14,85,29,8,8489.0
social,0.0,0.9,14,86,29,8,8435.3
social,0.0,0.9,14,87,29,8,8357.4
social,0.0,0.9,14,88,29,8,8229.7
social,0.0,0.9,14,89,29,8,8071.3
social,0.0,0.9,14,90,29,8,8079.3
social,0.0,0.9,14,91,29,8,8137.1
social,0.0,0.9,14,92,29,8,8040.0
social,0.0,0.9,14,93,29,8,7837.4
social,0.0,0.9,14,94,29,8,8128.9
social,0.0,0.9,14,95,29,8,8111.1
social,0.0,0.9,14,96,29,8,8129.2
social,0.0,0.9,14,97,29,8,8107.3
social,0.0,0.9,14,98,29,8,8037.4
social,0.0,0.9,14,99,29,8,7763.8
social,0.0,0.9,14,100,29,8,7567.7
social,0.0,0.9,14,101,29,8,7809.4
social,0.0,0.9,14,102,29,8,7687.2
social,0.0,0.9,14,103,29,8,7853.6
social,0.0,0.9,14,104,29,8,7621.7
social,0.0,0.9,14,105,29,8,7713.2
social,0.0,0.9,14,106,29,8,7487.4
social,0.0,0.9,14,107,29,8,7573.2
social,0.0,0.9,14,108,29,8,7054.4
social,0.0,0.9,14,109,29,8,7349.1
social,0.0,0.9,14,110,29,8,7439.9
social,0.0,0.9,14,111,29,8,7904.1
social,0.0,0.9,14,112,29,8,7921.9
social,0.0,0.9,14,113,29,8,8268.0
social,0.0,0.9,14,114,29,8,8437.8
social,0.0,0.9,14,115,29,8,8628.4
social,0.0,0.9,14,116,29,8,8715.0
social,0.0,0.9,14,117,29,8,8366.4
social,0.0,0.9,14,118,29,8,8370.9
social,0.0,0.9,14,119,29,8,7974.0
social,0.0,0.9,14,120,29,8,7837.6
social,0.0,0.9,14,121,29,8,7684.0
social,0.0,0.9,14,122,29,8,7744.7
social,0.0,0.9,14,123,29,8,8090.0
social,0.0,0.9,14,124,29,8,8061.8
social,0.0,0.9,14,125,29,8,8344.2
social,0.0,0.9,14,126,29,8,8145.5
social,0.0,0.9,14,127,29,8,8305.9
social,0.0,0.9,14,128,29,8,7572.6
social,0.0,0.9,14,129,29,8,7308.0
social,0.0,0.9,14,130,29,8,7444.6
social,0.0,0.9,14,131,29,8,7892.4
social,0.0,0.9,14,132,29,8,8413.0
social,0.0,0.9,14,133,29,8,8583.6
social,0.0,0.9,14,134,29,8,8715.0
social,0.0,0.9,14,135,29,8,8540.7
social,0.0,0.9,14,136,29,8,8368.8
social,0.0,0.9,14,137,29,8,8122.1
social,0.0,0.9,14,138,29,8,7894.0
social,0.0,0.9,14,139,29,8,7445.1
social,0.0,0.9,14,140,29,8,7582.7
social,0.0,0.9,14,141,29,8,7629.8
social,0.0,0.9,14,142,29,8,7859.9
social,0.0,0.9,14,143,29,8,7963.8
social,0.0,0.9,14,144,30,8,8131.7
social,0.0,0.9,14,145,30,8,8412.9
social,0.0,0.9,14,146,31,8,8691.3
social,0.0,0.9,14,147,31,8,9125.9
social,0.0,0.9,14,148,31,8,8623.3
social,0.0,0.9,14,149,31,8,8731.7
social,0.0,0.9,14,150,31,8,8705.3
social,0.0,0.9,15,0,0,0,0.0
social,0.0,0.9,15,1,3,1,42.6
social,0.0,0.9,15,2,4,1,59.1
social,0.0,0.9,15,3,4,1,60.0
social,0.0,0.9,15,4,6,3,87.9
social,0.0,0.9,15,5,6,3,90.0
social,0.0,0.9,15,6,6,3,90.0
social,0.0,0.9,15,7,6,3,90.0
social,0.0,0.9,15,8,6,3,90.0
social,0.0,0.9,15,9,6,3,90.0
social,0.0,0.9,15,10,7,3,103.5
social,0.0,0.9,15,11,7,3,105.0
social,0.0,0.9,15,12,7,3,105.0
social,0.0,0.9,15,13,9,4,124.2
social,0.0,0.9,15,14,9,4,135.0
social,0.0,0.9,15,15,10,4,150.0
social,0.0,0.9,15,16,10,4,150.0
social,0.0,0.9,15,17,12,5,538.3
social,0.0,0.9,15,18,12,5,550.0
social,0.0,0.9,15,19,13,6,858.1
social,0.0,0.9,15,20,13,6,907.2
social,0.0,0.9,15,21,13,6,926.7
social,0.0,0.9,15,22,14,6,908.4
social,0.0,0.9,15,23,15,7,1004.4
social,0.0,0.9,15,24,16,7,1615.1
social,0.0,0.9,15,25,17,8,2587.2
social,0.0,0.9,15,26,18,8,3134.7
social,0.0,0.9,15,27,18,8,3050.2
social,0.0,0.9,15,28,18,8,3071.4
social,0.0,0.9,15,29,18,8,2987.0
social,0.0,0.9,15,30,18,8,2950.9
social,0.0,0.9,15,31,18,8,3098.0
social,0.0,0.9,15,32,19,8,3185.6
social,0.0,0.9,15,33,19,8,3520.3
social,0.0,0.9,15,34,19,8,3456.3
social,0.0,0.9,15,35,19,8,3580.1
social,0.0,0.9,15,36,20,8,3427.8
social,0.0,0.9,15,37,20,8,3254.6
social,0.0,0.9,15,38,20,8,3492.4
social,0.0,0.9,15,39,20,8,3587.5
social,0.0,0.9,15,40,20,8,3433.1
social,0.0,0.9,15,41,22,8,3973.4
social,0.0,0.9,15,42,22,8,4563.3
social,0.0,0.9,15,43,22,8,4809.9
social,0.0,0.9,15,44,22,8,4840.0
social,0.0,0.9,15,45,23,8,5065.0
social,0.0,0.9,15,46,23,8,5065.0
social,0.0,0.9,15,47,23,8,5065.0
social,0.0,0.9,15,48,23,8,5065.0
social,0.0,0.9,15,49,24,8,5422.0
social,0.0,0.9,15,50,24,8,5590.0
social,0.0,0.9,15,51,25,8,5684.6
social,0.0,0.9,15,52,26,8,5356.5
social,0.0,0.9,15,53,26,8,5416.0
social,0.0,0.9,15,54,26,8,5500.6
social,0.0,0.9,15,55,26,8,5480.2
social,0.0,0.9,15,56,27,8,5590.7
social,0.0,0.9,15,57,27,8,6238.2
social,0.0,0.9,15,58,27,8,6135.5
social,0.0,0.9,15,59,27,8,6160.3
social,0.0,0.9,15,60,27,8,6242.9
social,0.0,0.9,15,61,27,8,6252.2
social,0.0,0.9,15,62,27,8,5642.4
social,0.0,0.9,15,63,27,8,5475.9
social,0.0,0.9,15,64,27,8,5570.3
social,0.0,0.9,15,65,27,8,5936.4
social,0.0,0.9,15,66,27,8,5943.7
social,0.0,0.9,15,67,27,8,5782.3
social,0.0,0.9,15,68,27,8,5574.3
social,0.0,0.9,15,69,27,8,5464.8
social,0.0,0.9,15,70,27,8,5496.4
social,0.0,0.9,15,71,27,8,5551.9
social,0.0,0.9,15,72,27,8,5635.9
social,0.0,0.9,15,73,27,8,5252.4
social,0.0,0.9,15,74,27,8,5375.8
social,0.0,0.9,15,75,28,8,5943.9
social,0.0,0.9,15,76,28,8,6672.3
social,0.0,0.9,15,77,28,8,6800.2
social,0.0,0.9,15,78,28,8,6720.9
social,0.0,0.9,15,79,28,8,6724.7
social,0.0,0.9,15,80,28,8,6627.5
social,0.0,0.9,15,81,28,8,6819.4
social,0.0,0.9,15,82,28,8,7006.0
social,0.0,0.9,15,83,29,8,7742.6
social,0.0,0.9,15,84,29,8,7776.3
social,0.0,0.9,15,85,29,8,7461.0
social,0.0,0.9,15,86,29,8,7507.9
social,0.0,0.9,15,87,29,8,7344.9
social,0.0,0.9,15,88,29,8,7447.1
social,0.0,0.9,15,89,29,8,7414.3
social,0.0,0.9,15,90,30,8,7918.4
social,0.0,0.9,15,91,30,8,7938.2
social,0.0,0.9,15,92,30,8,7973.1
social,0.0,0.9,15,93,30,8,8146.6
social,0.0,0.9,15,94,30,8,8077.1
social,0.0,0.9,15,95,30,8,8040.5
social,0.0,0.9,15,96,31,8,8723.1
social,0.0,0.9,15,97,31,8,8623.3
social,0.0,0.9,15,98,31,8,8707.4
social,0.0,0.9,15,99,31,8,8364.7
social,0.0,0.9,15,100,31,8,8096.7
social,0.0,0.9,15,101,31,8,7730.6
social,0.0,0.9,15,102,31,8,7606.4
social,0.0,0.9,15,103,31,8,7826.2
social,0.0,0.9,15,104,31,8,8521.5
social,0.0,0.9,15,105,31,8,8780.1
social,0.0,0.9,15,106,31,8,8775.5
social,0.0,0.9,15,107,31,8,8347.1
social,0.0,0.9,15,108,32,8,8330.1
social,0.0,0.9,15,109,32,8,8435.7
social,0.0,0.9,15,110,32,8,8722.9
social,0.0,0.9,15,111,32,8,8398.9
social,0.0,0.9,15,112,32,8,8460.0
social,0.0,0.9,15,113,32,8,8618.0
social,0.0,0.9,15,114,32,8,9048.0
social,0.0,0.9,15,115,33,8,9379.9
social,0.0,0.9,15,116,33,8,9561.9
social,0.0,0.9,15,117,34,9,10711.4
social,0.0,0.9,15,118,34,9,10495.2
social,0.0,0.9,15,119,34,9,10147.1
social,0.0,0.9,15,120,34,9,10237.4
social,0.0,0.9,15,121,34,9,10210.8
social,0.0,0.9,15,122,34,9,10302.4
social,0.0,0.9,15,123,35,9,11329.7
social,0.0,0.9,15,124,35,9,11245.8
social,0.0,0.9,15,125,35,9,11471.2
social,0.0,0.9,15,126,35,9,11004.7
social,0.0,0.9,15,127,35,9,10973.3
social,0.0,0.9,15,128,35,9,10992.9
social,0.0,0.9,15,129,35,9,10552.9
social,0.0,0.9,15,130,35,9,10733.6
social,0.0,0.9,15,131,35,9,10870.6
social,0.0,0.9,15,132,36,9,11341.8
social,0.0,0.9,15,133,36,9,11993.0
social,0.0,0.9,15,134,36,9,11522.3
social,0.0,0.9,15,135,37,9,12151.9
social,0.0,0.9,15,136,37,9,11633.5
social,0.0,0.9,15,137,37,9,12190.6
social,0.0,0.9,15,138,37,9,12678.4
social,0.0,0.9,15,139,37,9,13040.9
social,0.0,0.9,15,140,38,9,13483.5
social,0.0,0.9,15,141,38,9,13033.4
social,0.0,0.9,15,142,38,9,12813.5
social,0.0,0.9,15,143,39,9,14140.9
social,0.0,0.9,15,144,40,9,15383.0
social,0.0,0.9,15,145,40,9,15911.1
social,0.0,0.9,15,146,40,9,15798.6
social,0.0,0.9,15,147,40,9,15900.5
social,0.0,0.9,15,148,40,9,15553.4
social,0.0,0.9,15,149,40,9,15406.4
social,0.0,0.9,15,150,40,9,15636.1
semantic,0.9,0.0,0,0,0,0,0.0
semantic,0.9,0.0,0,1,4,1,19.8
semantic,0.9,0.0,0,2,6,2,33.6
semantic,0.9,0.0,0,3,6,2,45.3
semantic,0.9,0.0,0,4,8,4,49.8
semantic,0.9,0.0,0,5,8,4,56.4
semantic,0.9,0.0,0,6,8,4,59.4
semantic,0.9,0.0,0,7,8,4,63.6
semantic,0.9,0.0,0,8,8,4,65.7
semantic,0.9,0.0,0,9,9,4,68.4
semantic,0.9,0.0,0,10,9,4,71.1
semantic,0.9,0.0,0,11,10,5,74.5
semantic,0.9,0.0,0,12,10,5,76.6
semantic,0.9,0.0,0,13,10,5,79.0
semantic,0.9,0.0,0,14,10,5,82.4
semantic,0.9,0.0,0,15,10,5,83.0
semantic,0.9,0.0,0,16,10,5,84.8
semantic,0.9,0.0,0,17,11,5,87.2
semantic,0.9,0.0,0,18,12,6,88.4
semantic,0.9,0.0,0,19,12,6,88.1
semantic,0.9,0.0,0,20,12,6,90.5
semantic,0.9,0.0,0,21,12,6,90.5
semantic,0.9,0.0,0,22,13,6,93.4
semantic,0.9,0.0,0,23,12,6,93.3
semantic,0.9,0.0,0,24,12,6,95.7
semantic,0.9,0.0,0,25,12,6,93.6
semantic,0.9,0.0,0,26,13,6,101.5
semantic,0.9,0.0,0,27,13,6,103.9
semantic,0.9,0.0,0,28,13,6,102.4
semantic,0.9,0.0,0,29,13,6,101.8
semantic,0.9,0.0,0,30,13,6,90.7
semantic,0.9,0.0,0,31,12,6,81.6
semantic,0.9,0.0,0,32,12,6,81.3
semantic,0.9,0.0,0,33,12,6,81.6
semantic,0.9,0.0,0,34,13,6,85.0
semantic,0.9,0.0,0,35,10,4,62.1
semantic,0.9,0.0,0,36,10,4,60.3
semantic,0.9,0.0,0,37,11,5,67.0
semantic,0.9,0.0,0,38,11,5,72.2
semantic,0.9,0.0,0,39,9,5,62.5
semantic,0.9,0.0,0,40,8,3,56.1
semantic,0.9,0.0,0,41,8,3,58.5
semantic,0.9,0.0,0,42,8,3,61.2
semantic,0.9,0.0,0,43,8,3,62.4
semantic,0.9,0.0,0,44,8,3,65.7
semantic,0.9,0.0,0,45,8,3,68.1
semantic,0.9,0.0,0,46,8,3,71.1
semantic,0.9,0.0,0,47,8,3,72.9
semantic,0.9,0.0,0,48,8,3,74.1
semantic,0.9,0.0,0,49,8,3,76.2
semantic,0.9,0.0,0,50,8,3,78.6
semantic,0.9,0.0,0,51,8,3,78.6
semantic,0.9,0.0,0,52,9,4,81.0
semantic,0.9,0.0,0,53,10,4,82.5
semantic,0.9,0.0,0,54,10,4,84.9
semantic,0.9,0.0,0,55,10,4,84.3
semantic,0.9,0.0,0,56,10,4,86.7
semantic,0.9,0.0,0,57,11,5,92.2
semantic,0.9,0.0,0,58,10,4,84.3
semantic,0.9,0.0,0,59,10,4,87.0
semantic,0.9,0.0,0,60,10,4,85.2
semantic,0.9,0.0,0,61,10,4,83.1
semantic,0.9,0.0,0,62,11,5,87.7
semantic,0.9,0.0,0,63,11,5,85.3
semantic,0.9,0.0,0,64,11,5,82.6
semantic,0.9,0.0,0,65,11,5,85.9
semantic,0.9,0.0,0,66,10,4,70.8
semantic,0.9,0.0,0,67,10,4,73.5
semantic,0.9,0.0,0,68,11,5,74.2
semantic,0.9,0.0,0,69,11,5,68.5
semantic,0.9,0.0,0,70,11,5,71.8
semantic,0.9,0.0,0,71,10,4,66.3
semantic,0.9,0.0,0,72,10,4,64.2
semantic,0.9,0.0,0,73,10,4,61.5
semantic,0.9,0.0,0,74,10,4,58.8
semantic,0.9,0.0,0,75,11,5,61.9
semantic,0.9,0.0,0,76,11,5,66.4
semantic,0.9,0.0,0,77,11,5,67.9
semantic,0.9,0.0,0,78,11,5,67.0
semantic,0.9,0.0,0,79,12,5,77.0
semantic,0.9,0.0,0,80,13,6,80.6
semantic,0.9,0.0,0,81,13,6,82.4
semantic,0.9,0.0,0,82,13,6,84.5
semantic,0.9,0.0,0,83,13,6,85.4
semantic,0.9,0.0,0,84,13,6,86.3
semantic,0.9,0.0,0,85,13,6,89.3
semantic,0.9,0.0,0,86,13,6,90.2
semantic,0.9,0.0,0,87,13,6,92.3
semantic,0.9,0.0,0,88,13,6,90.8
semantic,0.9,0.0,0,89,13,6,88.4
semantic,0.9,0.0,0,90,13,6,86.9
semantic,0.9,0.0,0,91,13,6,90.3
semantic,0.9,0.0,0,92,13,6,93.9
semantic,0.9,0.0,0,93,13,6,95.4
semantic,0.9,0.0,0,94,13,6,102.7
semantic,0.9,0.0,0,95,13,6,104.5
semantic,0.9,0.0,0,96,14,6,105.1
semantic,0.9,0.0,0,97,14,6,105.2
semantic,0.9,0.0,0,98,14,6,103.7
semantic,0.9,0.0,0,99,14,6,105.2
semantic,0.9,0.0,0,100,15,6,109.3
semantic,0.9,0.0,0,101,15,6,109.0
semantic,0.9,0.0,0,102,15,6,102.7
semantic,0.9,0.0,0,103,14,6,91.7
semantic,0.9,0.0,0,104,12,6,94.1
semantic,0.9,0.0,0,105,12,6,92.0
semantic,0.9,0.0,0,106,12,6,89.9
semantic,0.9,0.0,0,107,12,6,86.3
semantic,0.9,0.0,0,108,13,7,98.1
semantic,0.9,0.0,0,109,13,7,95.7
semantic,0.9,0.0,0,110,10,4,70.5
semantic,0.9,0.0,0,111,10,4,69.9
semantic,0.9,0.0,0,112,9,4,69.3
semantic,0.9,0.0,0,113,9,4,68.7
semantic,0.9,0.0,0,114,10,4,69.0
semantic,0.9,0.0,0,115,10,4,74.1
semantic,0.9,0.0,0,116,10,4,71.4
semantic,0.9,0.0,0,117,10,4,74.1
semantic,0.9,0.0,0,118,10,4,78.6
semantic,0.9,0.0,0,119,11,5,86.8
semantic,0.9,0.0,0,120,12,5,86.9
semantic,0.9,0.0,0,121,12,5,86.6
semantic,0.9,0.0,0,122,12,5,91.5
semantic,0.9,0.0,0,123,13,6,87.6
semantic,0.9,0.0,0,124,12,6,89.1
semantic,0.9,0.0,0,125,13,6,92.7
semantic,0.9,0.0,0,126,13,6,100.6
semantic,0.9,0.0,0,127,13,6,103.3
semantic,0.9,0.0,0,128,13,6,97.6
semantic,0.9,0.0,0,129,13,6,100.0
semantic,0.9,0.0,0,130,13,6,101.2
semantic,0.9,0.0,0,131,13,6,103.6
semantic,0.9,0.0,0,132,13,6,108.6
semantic,0.9,0.0,0,133,13,6,110.7
semantic,0.9,0.0,0,134,14,6,100.7
semantic,0.9,0.0,0,135,14,6,104.3
semantic,0.9,0.0,0,136,14,6,106.8
semantic,0.9,0.0,0,137,14,6,109.5
semantic,0.9,0.0,0,138,14,6,96.9
semantic,0.9,0.0,0,139,14,6,103.3
semantic,0.9,0.0,0,140,13,6,86.7
semantic,0.9,0.0,0,141,13,6,92.2
semantic,0.9,0.0,0,142,13,6,91.9
semantic,0.9,0.0,0,143,12,5,77.3
semantic,0.9,0.0,0,144,12,5,84.6
semantic,0.9,0.0,0,145,12,5,90.6
semantic,0.9,0.0,0,146,12,5,92.1
semantic,0.9,0.0,0,147,12,5,93.3
semantic,0.9,0.0,0,148,11,5,84.4
semantic,0.9,0.0,0,149,11,5,92.0
semantic,0.9,0.0,0,150,12,6,99.6
semantic,0.9,0.0,1,0,0,0,0.0
semantic,0.9,0.0,1,1,4,1,24.9
semantic,0.9,0.0,1,2,6,2,35.7
semantic,0.9,0.0,1,3,7,3,43.8
semantic,0.9,0.0,1,4,8,3,50.7
semantic,0.9,0.0,1,5,9,4,56.7
semantic,0.9,0.0,1,6,9,4,60.0
semantic,0.9,0.0,1,7,9,4,62.7
semantic,0.9,0.0,1,8,9,4,65.1
semantic,0.9,0.0,1,9,9,4,66.6
semantic,0.9,0.0,1,10,9,4,69.0
semantic,0.9,0.0,1,11,9,4,71.7
semantic,0.9,0.0,1,12,10,4,73.8
semantic,0.9,0.0,1,13,10,4,73.8
semantic,0.9,0.0,1,14,10,4,77.7
semantic,0.9,0.0,1,15,10,4,79.2
semantic,0.9,0.0,1,16,10,4,79.8
semantic,0.9,0.0,1,17,10,4,81.0
semantic,0.9,0.0,1,18,11,5,85.9
semantic,0.9,0.0,1,19,11,5,86.8
semantic,0.9,0.0,1,20,11,5,88.9
semantic,0.9,0.0,1,21,11,5,90.4
semantic,0.9,0.0,1,22,11,5,89.8
semantic,0.9,0.0,1,23,12,5,103.2
semantic,0.9,0.0,1,24,12,5,101.1
semantic,0.9,0.0,1,25,12,5,100.5
semantic,0.9,0.0,1,26,12,5,103.9
semantic,0.9,0.0,1,27,12,5,106.3
semantic,0.9,0.0,1,28,12,5,106.9
semantic,0.9,0.0,1,29,12,5,103.3
semantic,0.9,0.0,1,30,13,6,102.0
semantic,0.9,0.0,1,31,14,6,112.1
semantic,0.9,0.0,1,32,12,5,86.1
semantic,0.9,0.0,1,33,12,5,87.0
semantic,0.9,0.0,1,34,12,5,79.5
semantic,0.9,0.0,1,35,12,5,81.6
semantic,0.9,0.0,1,36,12,5,83.2
semantic,0.9,0.0,1,37,12,5,82.9
semantic,0.9,0.0,1,38,10,4,62.4
semantic,0.9,0.0,1,39,10,4,60.3
semantic,0.9,0.0,1,40,9,4,57.6
semantic,0.9,0.0,1,41,8,3,53.7
semantic,0.9,0.0,1,42,8,3,59.1
semantic,0.9,0.0,1,43,9,4,62.7
semantic,0.9,0.0,1,44,9,4,66.9
semantic,0.9,0.0,1,45,9,4,68.7
semantic,0.9,0.0,1,46,9,4,70.5
semantic,0.9,0.0,1,47,9,4,73.5
semantic,0.9,0.0,1,48,10,4,73.8
semantic,0.9,0.0,1,49,10,5,76.3
semantic,0.9,0.0,1,50,10,5,80.2
semantic,0.9,0.0,1,51,10,5,80.8
semantic,0.9,0.0,1,52,11,5,89.9
semantic,0.9,0.0,1,53,11,5,90.2
semantic,0.9,0.0,1,54,11,5,91.4
semantic,0.9,0.0,1,55,11,5,90.8
semantic,0.9,0.0,1,56,11,5,93.8
semantic,0.9,0.0,1,57,13,6,102.3
semantic,0.9,0.0,1,58,14,6,102.9
semantic,0.9,0.0,1,59,14,6,101.5
semantic,0.9,0.0,1,60,14,6,97.9
semantic,0.9,0.0,1,61,14,6,98.2
semantic,0.9,0.0,1,62,14,6,96.4
semantic,0.9,0.0,1,63,14,6,93.7
semantic,0.9,0.0,1,64,14,6,107.1
semantic,0.9,0.0,1,65,14,6,109.2
semantic,0.9,0.0,1,66,14,6,107.2
semantic,0.9,0.0,1,67,14,6,111.0
semantic,0.9,0.0,1,68,14,6,118.2
semantic,0.9,0.0,1,69,14,6,102.8
semantic,0.9,0.0,1,70,15,7,116.3
semantic,0.9,0.0,1,71,16,8,119.2
semantic,0.9,0.0,1,72,16,8,119.5
semantic,0.9,0.0,1,73,16,8,117.8
semantic,0.9,0.0,1,74,16,8,119.3
semantic,0.9,0.0,1,75,16,8,114.4
semantic,0.9,0.0,1,76,13,6,75.2
semantic,0.9,0.0,1,77,14,7,83.6
semantic,0.9,0.0,1,78,13,7,83.3
semantic,0.9,0.0,1,79,11,5,77.0
semantic,0.9,0.0,1,80,11,5,76.7
semantic,0.9,0.0,1,81,9,4,66.9
semantic,0.9,0.0,1,82,9,4,70.2
semantic,0.9,0.0,1,83,9,4,71.7
semantic,0.9,0.0,1,84,9,4,72.9
semantic,0.9,0.0,1,85,9,4,69.9
semantic,0.9,0.0,1,86,9,4,72.0
semantic,0.9,0.0,1,87,9,4,74.1
semantic,0.9,0.0,1,88,9,4,77.1
semantic,0.9,0.0,1,89,9,4,78.6
semantic,0.9,0.0,1,90,9,4,79.5
semantic,0.9,0.0,1,91,10,4,81.9
semantic,0.9,0.0,1,92,11,5,84.4
semantic,0.9,0.0,1,93,11,5,84.8
semantic,0.9,0.0,1,94,11,5,84.5
semantic,0.9,0.0,1,95,11,5,81.4
semantic,0.9,0.0,1,96,12,5,92.3
semantic,0.9,0.0,1,97,12,5,91.4
semantic,0.9,0.0,1,98,11,5,86.6
semantic,0.9,0.0,1,99,11,5,83.9
semantic,0.9,0.0,1,100,11,5,83.0
semantic,0.9,0.0,1,101,11,5,81.4
semantic,0.9,0.0,1,102,11,5,78.1
semantic,0.9,0.0,1,103,11,5,77.5
semantic,0.9,0.0,1,104,11,5,73.3
semantic,0.9,0.0,1,105,10,5,69.2
semantic,0.9,0.0,1,106,14,6,75.8
semantic,0.9,0.0,1,107,14,6,76.9
semantic,0.9,0.0,1,108,14,6,77.8
semantic,0.9,0.0,1,109,15,7,84.5
semantic,0.9,0.0,1,110,15,7,87.8
semantic,0.9,0.0,1,111,14,7,81.2
semantic,0.9,0.0,1,112,14,7,84.2
semantic,0.9,0.0,1,113,12,6,73.5
semantic,0.9,0.0,1,114,12,6,79.8
semantic,0.9,0.0,1,115,12,6,78.0
semantic,0.9,0.0,1,116,12,6,81.9
semantic,0.9,0.0,1,117,12,6,85.5
semantic,0.9,0.0,1,118,12,6,87.0
semantic,0.9,0.0,1,119,12,6,90.3
semantic,0.9,0.0,1,120,12,6,88.8
semantic,0.9,0.0,1,121,12,6,87.9
semantic,0.9,0.0,1,122,12,6,85.5
semantic,0.9,0.0,1,123,12,6,88.5
semantic,0.9,0.0,1,124,12,6,87.9
semantic,0.9,0.0,1,125,13,6,87.0
semantic,0.9,0.0,1,126,12,6,85.2
semantic,0.9,0.0,1,127,12,6,84.9
semantic,0.9,0.0,1,128,12,6,90.8
semantic,0.9,0.0,1,129,13,6,92.9
semantic,0.9,0.0,1,130,13,6,91.4
semantic,0.9,0.0,1,131,13,6,92.9
semantic,0.9,0.0,1,132,13,6,92.6
semantic,0.9,0.0,1,133,14,6,90.5
semantic,0.9,0.0,1,134,14,6,91.1
semantic,0.9,0.0,1,135,14,6,96.6
semantic,0.9,0.0,1,136,14,7,86.6
semantic,0.9,0.0,1,137,14,7,83.3
semantic,0.9,0.0,1,138,14,7,86.2
semantic,0.9,0.0,1,139,14,7,74.4
semantic,0.9,0.0,1,140,14,7,75.0
semantic,0.9,0.0,1,141,14,7,78.9
semantic,0.9,0.0,1,142,11,5,71.5
semantic,0.9,0.0,1,143,11,5,68.5
semantic,0.9,0.0,1,144,11,5,70.3
semantic,0.9,0.0,1,145,11,5,70.3
semantic,0.9,0.0,1,146,11,5,69.1
semantic,0.9,0.0,1,147,11,5,72.7
semantic,0.9,0.0,1,148,11,5,78.1
semantic,0.9,0.0,1,149,11,5,75.7
semantic,0.9,0.0,1,150,10,4,72.6
semantic,0.9,0.0,2,0,0,0,0.0
semantic,0.9,0.0,2,1,6,2,21.6
semantic,0.9,0.0,2,2,7,3,33.3
semantic,0.9,0.0,2,3,8,3,44.4
semantic,0.9,0.0,2,4,8,3,49.8
semantic,0.9,0.0,2,5,8,3,53.1
semantic,0.9,0.0,2,6,8,3,57.0
semantic,0.9,0.0,2,7,8,3,59.7
semantic,0.9,0.0,2,8,8,3,63.9
semantic,0.9,0.0,2,9,8,3,67.2
semantic,0.9,0.0,2,10,8,3,69.3
semantic,0.9,0.0,2,11,8,3,71.1
semantic,0.9,0.0,2,12,9,4,73.8
semantic,0.9,0.0,2,13,9,4,75.9
semantic,0.9,0.0,2,14,10,4,77.7
semantic,0.9,0.0,2,15,10,4,80.7
semantic,0.9,0.0,2,16,10,4,83.1
semantic,0.9,0.0,2,17,10,4,83.7
semantic,0.9,0.0,2,18,10,4,83.7
semantic,0.9,0.0,2,19,10,4,87.3
semantic,0.9,0.0,2,20,10,4,89.7
semantic,0.9,0.0,2,21,10,4,89.7
semantic,0.9,0.0,2,22,11,5,97.0
semantic,0.9,0.0,2,23,11,5,96.4
semantic,0.9,0.0,2,24,11,5,94.9
semantic,0.9,0.0,2,25,11,5,105.8
semantic,0.9,0.0,2,26,11,5,114.0
semantic,0.9,0.0,2,27,11,5,112.8
semantic,0.9,0.0,2,28,11,5,111.9
semantic,0.9,0.0,2,29,11,5,104.1
semantic,0.9,0.0,2,30,11,5,108.3
semantic,0.9,0.0,2,31,11,5,93.8
semantic,0.9,0.0,2,32,11,5,93.5
semantic,0.9,0.0,2,33,11,5,88.1
semantic,0.9,0.0,2,34,10,4,68.7
semantic,0.9,0.0,2,35,11,5,72.1
semantic,0.9,0.0,2,36,11,5,68.2
semantic,0.9,0.0,2,37,9,4,63.3
semantic,0.9,0.0,2,38,9,4,60.3
semantic,0.9,0.0,2,39,9,4,52.2
semantic,0.9,0.0,2,40,7,3,51.9
semantic,0.9,0.0,2,41,7,3,54.6
semantic,0.9,0.0,2,42,7,3,60.0
semantic,0.9,0.0,2,43,8,4,64.5
semantic,0.9,0.0,2,44,9,5,75.7
semantic,0.9,0.0,2,45,11,6,88.1
semantic,0.9,0.0,2,46,11,6,89.3
semantic,0.9,0.0,2,47,11,6,90.8
semantic,0.9,0.0,2,48,11,6,92.9
semantic,0.9,0.0,2,49,11,6,92.6
semantic,0.9,0.0,2,50,11,6,92.9
semantic,0.9,0.0,2,51,11,6,93.5
semantic,0.9,0.0,2,52,9,4,76.2
semantic,0.9,0.0,2,53,9,4,80.4
semantic,0.9,0.0,2,54,10,5,88.3
semantic,0.9,0.0,2,55,10,5,90.7
semantic,0.9,0.0,2,56,10,5,92.2
semantic,0.9,0.0,2,57,10,5,90.1
semantic,0.9,0.0,2,58,11,5,90.1
semantic,0.9,0.0,2,59,11,5,91.3
semantic,0.9,0.0,2,60,11,5,89.2
semantic,0.9,0.0,2,61,11,5,91.6
semantic,0.9,0.0,2,62,11,5,93.7
semantic,0.9,0.0,2,63,11,5,94.0
semantic,0.9,0.0,2,64,11,5,94.3
semantic,0.9,0.0,2,65,11,5,91.6
semantic,0.9,0.0,2,66,11,5,86.2
semantic,0.9,0.0,2,67,10,5,82.0
semantic,0.9,0.0,2,68,10,4,70.8
semantic,0.9,0.0,2,69,10,4,69.9
semantic,0.9,0.0,2,70,10,4,70.2
semantic,0.9,0.0,2,71,11,5,67.9
semantic,0.9,0.0,2,72,11,5,71.5
semantic,0.9,0.0,2,73,11,5,65.2
semantic,0.9,0.0,2,74,12,5,67.1
semantic,0.9,0.0,2,75,10,5,65.6
semantic,0.9,0.0,2,76,10,5,71.0
semantic,0.9,0.0,2,77,11,5,71.6
semantic,0.9,0.0,2,78,10,5,73.0
semantic,0.9,0.0,2,79,10,5,73.6
semantic,0.9,0.0,2,80,10,5,73.6
semantic,0.9,0.0,2,81,11,5,76.6
semantic,0.9,0.0,2,82,11,5,79.9
semantic,0.9,0.0,2,83,11,5,80.5
semantic,0.9,0.0,2,84,11,5,84.1
semantic,0.9,0.0,2,85,11,5,85.6
semantic,0.9,0.0,2,86,10,4,74.1
semantic,0.9,0.0,2,87,10,4,72.9
semantic,0.9,0.0,2,88,9,4,72.3
semantic,0.9,0.0,2,89,9,4,75.9
semantic,0.9,0.0,2,90,9,4,76.8
semantic,0.9,0.0,2,91,10,4,78.3
semantic,0.9,0.0,2,92,11,5,84.7
semantic,0.9,0.0,2,93,11,5,85.9
semantic,0.9,0.0,2,94,11,5,83.8
semantic,0.9,0.0,2,95,11,5,87.4
semantic,0.9,0.0,2,96,11,5,89.2
semantic,0.9,0.0,2,97,11,5,88.9
semantic,0.9,0.0,2,98,12,5,91.0
semantic,0.9,0.0,2,99,12,5,87.1
semantic,0.9,0.0,2,100,12,5,88.3
semantic,0.9,0.0,2,101,12,5,85.3
semantic,0.9,0.0,2,102,12,5,85.0
semantic,0.9,0.0,2,103,12,5,87.7
semantic,0.9,0.0,2,104,12,5,81.7
semantic,0.9,0.0,2,105,14,6,85.1
semantic,0.9,0.0,2,106,14,6,84.0
semantic,0.9,0.0,2,107,15,6,93.4
semantic,0.9,0.0,2,108,15,6,97.0
semantic,0.9,0.0,2,109,14,6,93.7
semantic,0.9,0.0,2,110,12,6,81.5
semantic,0.9,0.0,2,111,12,6,80.9
semantic,0.9,0.0,2,112,12,6,76.0
semantic,0.9,0.0,2,113,12,6,77.8
semantic,0.9,0.0,2,114,12,6,81.1
semantic,0.9,0.0,2,115,9,4,72.9
semantic,0.9,0.0,2,116,9,4,74.4
semantic,0.9,0.0,2,117,9,4,74.7
semantic,0.9,0.0,2,118,10,5,83.8
semantic,0.9,0.0,2,119,10,5,91.4
semantic,0.9,0.0,2,120,10,5,92.3
semantic,0.9,0.0,2,121,10,5,92.3
semantic,0.9,0.0,2,122,11,5,95.3
semantic,0.9,0.0,2,123,11,5,96.2
semantic,0.9,0.0,2,124,11,5,95.6
semantic,0.9,0.0,2,125,11,5,90.4
semantic,0.9,0.0,2,126,10,4,75.6
semantic,0.9,0.0,2,127,10,4,80.4
semantic,0.9,0.0,2,128,10,4,80.7
semantic,0.9,0.0,2,129,10,4,83.1
semantic,0.9,0.0,2,130,11,5,82.3
semantic,0.9,0.0,2,131,11,5,85.0
semantic,0.9,0.0,2,132,11,5,86.6
semantic,0.9,0.0,2,133,11,5,85.7
semantic,0.9,0.0,2,134,11,5,81.5
semantic,0.9,0.0,2,135,11,5,83.3
semantic,0.9,0.0,2,136,11,5,79.6
semantic,0.9,0.0,2,137,12,6,84.4
semantic,0.9,0.0,2,138,12,6,82.3
semantic,0.9,0.0,2,139,12,6,79.0
semantic,0.9,0.0,2,140,12,6,79.3
semantic,0.9,0.0,2,141,12,6,80.6
semantic,0.9,0.0,2,142,11,5,70.0
semantic,0.9,0.0,2,143,11,5,73.0
semantic,0.9,0.0,2,144,11,5,76.1
semantic,0.9,0.0,2,145,11,5,76.1
semantic,0.9,0.0,2,146,11,5,75.8
semantic,0.9,0.0,2,147,12,6,77.5
semantic,0.9,0.0,2,148,13,6,85.4
semantic,0.9,0.0,2,149,13,6,83.0
semantic,0.9,0.0,2,150,13,6,83.3
semantic,0.9,0.0,3,0,0,0,0.0
semantic,0.9,0.0,3,1,5,2,21.9
semantic,0.9,0.0,3,2,6,2,34.2
semantic,0.9,0.0,3,3,7,3,45.6
semantic,0.9,0.0,3,4,7,3,51.6
semantic,0.9,0.0,3,5,8,3,56.4
semantic,0.9,0.0,3,6,8,3,60.9
semantic,0.9,0.0,3,7,8,3,63.3
semantic,0.9,0.0,3,8,9,4,66.3
semantic,0.9,0.0,3,9,9,4,69.0
semantic,0.9,0.0,3,10,9,4,71.7
semantic,0.9,0.0,3,11,9,4,73.8
semantic,0.9,0.0,3,12,10,4,76.2
semantic,0.9,0.0,3,13,10,4,79.8
semantic,0.9,0.0,3,14,10,4,81.9
semantic,0.9,0.0,3,15,10,4,83.7
semantic,0.9,0.0,3,16,10,4,85.5
semantic,0.9,0.0,3,17,10,4,87.6
semantic,0.9,0.0,3,18,10,4,88.5
semantic,0.9,0.0,3,19,10,4,90.0
semantic,0.9,0.0,3,20,10,4,89.1
semantic,0.9,0.0,3,21,10,4,90.3
semantic,0.9,0.0,3,22,12,6,93.6
semantic,0.9,0.0,3,23,12,6,95.1
semantic,0.9,0.0,3,24,12,6,97.2
semantic,0.9,0.0,3,25,12,6,96.6
semantic,0.9,0.0,3,26,13,6,104.2
semantic,0.9,0.0,3,27,13,6,103.7
semantic,0.9,0.0,3,28,13,6,108.6
semantic,0.9,0.0,3,29,13,6,102.2
semantic,0.9,0.0,3,30,13,6,97.1
semantic,0.9,0.0,3,31,13,6,89.8
semantic,0.9,0.0,3,32,11,5,79.6
semantic,0.9,0.0,3,33,11,5,87.8
semantic,0.9,0.0,3,34,12,5,73.7
semantic,0.9,0.0,3,35,12,5,71.3
semantic,0.9,0.0,3,36,12,5,78.5
semantic,0.9,0.0,3,37,12,5,68.2
semantic,0.9,0.0,3,38,12,5,65.5
semantic,0.9,0.0,3,39,11,5,67.3
semantic,0.9,0.0,3,40,11,5,65.5
semantic,0.9,0.0,3,41,8,3,57.6
semantic,0.9,0.0,3,42,9,4,59.7
semantic,0.9,0.0,3,43,9,4,64.2
semantic,0.9,0.0,3,44,9,4,65.7
semantic,0.9,0.0,3,45,9,4,68.4
semantic,0.9,0.0,3,46,9,4,70.2
semantic,0.9,0.0,3,47,9,4,73.8
semantic,0.9,0.0,3,48,9,4,77.1
semantic,0.9,0.0,3,49,9,4,79.8
semantic,0.9,0.0,3,50,9,4,81.3
semantic,0.9,0.0,3,51,9,4,82.5
semantic,0.9,0.0,3,52,9,4,81.3
semantic,0.9,0.0,3,53,9,4,82.5
semantic,0.9,0.0,3,54,10,4,85.2
semantic,0.9,0.0,3,55,10,4,85.5
semantic,0.9,0.0,3,56,10,4,86.4
semantic,0.9,0.0,3,57,11,5,93.7
semantic,0.9,0.0,3,58,11,5,91.9
semantic,0.9,0.0,3,59,11,5,91.0
semantic,0.9,0.0,3,60,11,5,90.4
semantic,0.9,0.0,3,61,11,5,92.2
semantic,0.9,0.0,3,62,11,5,98.6
semantic,0.9,0.0,3,63,11,5,97.4
semantic,0.9,0.0,3,64,12,5,103.3
semantic,0.9,0.0,3,65,12,5,101.2
semantic,0.9,0.0,3,66,12,5,79.4
semantic,0.9,0.0,3,67,11,5,70.0
semantic,0.9,0.0,3,68,13,6,71.1
semantic,0.9,0.0,3,69,13,6,72.0
semantic,0.9,0.0,3,70,13,6,70.8
semantic,0.9,0.0,3,71,13,6,70.5
semantic,0.9,0.0,3,72,13,6,67.2
semantic,0.9,0.0,3,73,13,6,68.4
semantic,0.9,0.0,3,74,13,6,67.2
semantic,0.9,0.0,3,75,13,6,61.2
semantic,0.9,0.0,3,76,13,6,67.8
semantic,0.9,0.0,3,77,13,6,72.0
semantic,0.9,0.0,3,78,13,6,72.9
semantic,0.9,0.0,3,79,14,7,72.0
semantic,0.9,0.0,3,80,10,4,69.0
semantic,0.9,0.0,3,81,10,4,72.6
semantic,0.9,0.0,3,82,10,4,72.6
semantic,0.9,0.0,3,83,10,4,74.4
semantic,0.9,0.0,3,84,10,4,75.3
semantic,0.9,0.0,3,85,10,4,76.8
semantic,0.9,0.0,3,86,10,4,78.6
semantic,0.9,0.0,3,87,10,4,77.1
semantic,0.9,0.0,3,88,10,4,79.8
semantic,0.9,0.0,3,89,10,4,79.8
semantic,0.9,0.0,3,90,10,4,82.8
semantic,0.9,0.0,3,91,10,4,79.2
semantic,0.9,0.0,3,92,11,5,83.8
semantic,0.9,0.0,3,93,11,5,82.9
semantic,0.9,0.0,3,94,11,5,85.3
semantic,0.9,0.0,3,95,11,5,84.7
semantic,0.9,0.0,3,96,12,5,90.8
semantic,0.9,0.0,3,97,13,6,91.3
semantic,0.9,0.0,3,98,13,6,91.3
semantic,0.9,0.0,3,99,13,6,91.0
semantic,0.9,0.0,3,100,13,6,96.2
semantic,0.9,0.0,3,101,11,5,81.1
semantic,0.9,0.0,3,102,11,5,75.7
semantic,0.9,0.0,3,103,10,4,68.4
semantic,0.9,0.0,3,104,10,4,66.6
semantic,0.9,0.0,3,105,10,4,66.0
semantic,0.9,0.0,3,106,10,4,68.1
semantic,0.9,0.0,3,107,10,4,66.6
semantic,0.9,0.0,3,108,10,4,68.1
semantic,0.9,0.0,3,109,11,5,69.1
semantic,0.9,0.0,3,110,10,5,66.4
semantic,0.9,0.0,3,111,10,5,68.5
semantic,0.9,0.0,3,112,10,5,70.9
semantic,0.9,0.0,3,113,10,5,75.4
semantic,0.9,0.0,3,114,10,5,77.2
semantic,0.9,0.0,3,115,11,5,79.6
semantic,0.9,0.0,3,116,11,5,82.3
semantic,0.9,0.0,3,117,11,5,85.9
semantic,0.9,0.0,3,118,11,5,87.2
semantic,0.9,0.0,3,119,11,5,89.6
semantic,0.9,0.0,3,120,11,5,82.0
semantic,0.9,0.0,3,121,11,5,80.2
semantic,0.9,0.0,3,122,12,5,86.4
semantic,0.9,0.0,3,123,12,5,88.2
semantic,0.9,0.0,3,124,12,5,89.1
semantic,0.9,0.0,3,125,12,5,88.2
semantic,0.9,0.0,3,126,12,5,90.3
semantic,0.9,0.0,3,127,12,5,91.8
semantic,0.9,0.0,3,128,12,5,89.3
semantic,0.9,0.0,3,129,12,5,92.3
semantic,0.9,0.0,3,130,11,5,85.3
semantic,0.9,0.0,3,131,11,5,84.7
semantic,0.9,0.0,3,132,11,5,81.7
semantic,0.9,0.0,3,133,11,5,85.0
semantic,0.9,0.0,3,134,11,5,83.5
semantic,0.9,0.0,3,135,12,5,83.9
semantic,0.9,0.0,3,136,11,5,78.7
semantic,0.9,0.0,3,137,10,4,72.0
semantic,0.9,0.0,3,138,10,4,77.7
semantic,0.9,0.0,3,139,10,4,80.1
semantic,0.9,0.0,3,140,10,4,78.0
semantic,0.9,0.0,3,141,10,4,79.2
semantic,0.9,0.0,3,142,10,4,78.3
semantic,0.9,0.0,3,143,10,4,80.1
semantic,0.9,0.0,3,144,11,5,82.9
semantic,0.9,0.0,3,145,12,6,100.2
semantic,0.9,0.0,3,146,12,6,102.3
semantic,0.9,0.0,3,147,13,6,107.2
semantic,0.9,0.0,3,148,13,6,110.6
semantic,0.9,0.0,3,149,14,6,117.8
semantic,0.9,0.0,3,150,14,6,127.2
semantic,0.9,0.0,4,0,0,0,0.0
semantic,0.9,0.0,4,1,4,1,22.8
semantic,0.9,0.0,4,2,6,3,36.0
semantic,0.9,0.0,4,3,6,3,43.2
semantic,0.9,0.0,4,4,7,3,51.6
semantic,0.9,0.0,4,5,7,3,54.0
semantic,0.9,0.0,4,6,9,4,57.9
semantic,0.9,0.0,4,7,9,4,63.0
semantic,0.9,0.0,4,8,9,4,65.1
semantic,0.9,0.0,4,9,9,4,69.3
semantic,0.9,0.0,4,10,9,4,72.0
semantic,0.9,0.0,4,11,9,4,75.6
semantic,0.9,0.0,4,12,9,4,77.1
semantic,0.9,0.0,4,13,9,4,79.8
semantic,0.9,0.0,4,14,10,5,82.3
semantic,0.9,0.0,4,15,12,5,90.8
semantic,0.9,0.0,4,16,12,5,92.3
semantic,0.9,0.0,4,17,13,6,96.4
semantic,0.9,0.0,4,18,13,6,97.6
semantic,0.9,0.0,4,19,13,6,98.3
semantic,0.9,0.0,4,20,13,6,99.2
semantic,0.9,0.0,4,21,13,6,101.0
semantic,0.9,0.0,4,22,13,6,104.4
semantic,0.9,0.0,4,23,14,7,116.6
semantic,0.9,0.0,4,24,14,7,123.9
semantic,0.9,0.0,4,25,14,7,127.3
semantic,0.9,0.0,4,26,14,7,130.3
semantic,0.9,0.0,4,27,15,7,136.4
semantic,0.9,0.0,4,28,15,7,129.2
semantic,0.9,0.0,4,29,15,7,145.9
semantic,0.9,0.0,4,30,15,7,142.9
semantic,0.9,0.0,4,31,15,7,143.8
semantic,0.9,0.0,4,32,15,7,133.5
semantic,0.9,0.0,4,33,15,7,128.4
semantic,0.9,0.0,4,34,15,7,128.7
semantic,0.9,0.0,4,35,16,7,143.1
semantic,0.9,0.0,4,36,15,7,104.3
semantic,0.9,0.0,4,37,15,7,98.9
semantic,0.9,0.0,4,38,15,7,96.5
semantic,0.9,0.0,4,39,15,7,82.0
semantic,0.9,0.0,4,40,16,7,86.8
semantic,0.9,0.0,4,41,16,7,90.4
semantic,0.9,0.0,4,42,15,7,87.3
semantic,0.9,0.0,4,43,10,4,64.2
semantic,0.9,0.0,4,44,10,4,65.1
semantic,0.9,0.0,4,45,10,4,69.6
semantic,0.9,0.0,4,46,10,4,71.4
semantic,0.9,0.0,4,47,10,4,74.4
semantic,0.9,0.0,4,48,10,4,76.8
semantic,0.9,0.0,4,49,10,4,79.5
semantic,0.9,0.0,4,50,10,4,80.7
semantic,0.9,0.0,4,51,10,4,82.8
semantic,0.9,0.0,4,52,10,4,83.7
semantic,0.9,0.0,4,53,10,4,85.2
semantic,0.9,0.0,4,54,10,4,84.9
semantic,0.9,0.0,4,55,10,4,87.0
semantic,0.9,0.0,4,56,10,4,84.9
semantic,0.9,0.0,4,57,10,4,83.7
semantic,0.9,0.0,4,58,10,4,80.7
semantic,0.9,0.0,4,59,10,4,76.5
semantic,0.9,0.0,4,60,10,4,81.0
semantic,0.9,0.0,4,61,10,4,80.4
semantic,0.9,0.0,4,62,10,4,81.0
semantic,0.9,0.0,4,63,11,5,86.2
semantic,0.9,0.0,4,64,11,5,84.4
semantic,0.9,0.0,4,65,11,5,84.4
semantic,0.9,0.0,4,66,11,5,85.3
semantic,0.9,0.0,4,67,11,5,82.6
semantic,0.9,0.0,4,68,11,5,82.9
semantic,0.9,0.0,4,69,10,4,66.9
semantic,0.9,0.0,4,70,10,4,68.4
semantic,0.9,0.0,4,71,11,5,74.5
semantic,0.9,0.0,4,72,11,5,75.1
semantic,0.9,0.0,4,73,11,5,74.2
semantic,0.9,0.0,4,74,12,5,82.4
semantic,0.9,0.0,4,75,12,5,80.6
semantic,0.9,0.0,4,76,10,4,72.0
semantic,0.9,0.0,4,77,10,4,72.6
semantic,0.9,0.0,4,78,10,4,70.8
semantic,0.9,0.0,4,79,10,4,73.8
semantic,0.9,0.0,4,80,10,4,70.8
semantic,0.9,0.0,4,81,10,4,72.3
semantic,0.9,0.0,4,82,9,4,73.8
semantic,0.9,0.0,4,83,9,4,75.0
semantic,0.9,0.0,4,84,9,4,76.2
semantic,0.9,0.0,4,85,11,5,90.3
semantic,0.9,0.0,4,86,11,5,84.2
semantic,0.9,0.0,4,87,11,5,82.4
semantic,0.9,0.0,4,88,11,5,85.4
semantic,0.9,0.0,4,89,10,5,77.2
semantic,0.9,0.0,4,90,10,5,77.8
semantic,0.9,0.0,4,91,10,5,79.9
semantic,0.9,0.0,4,92,10,5,75.1
semantic,0.9,0.0,4,93,10,5,76.6
semantic,0.9,0.0,4,94,11,6,80.1
semantic,0.9,0.0,4,95,11,6,76.8
semantic,0.9,0.0,4,96,10,5,73.9
semantic,0.9,0.0,4,97,10,5,74.2
semantic,0.9,0.0,4,98,10,5,73.0
semantic,0.9,0.0,4,99,10,5,75.8
semantic,0.9,0.0,4,100,11,5,79.1
semantic,0.9,0.0,4,101,11,5,77.6
semantic,0.9,0.0,4,102,11,5,76.3
semantic,0.9,0.0,4,103,11,5,79.9
semantic,0.9,0.0,4,104,11,5,80.8
semantic,0.9,0.0,4,105,11,5,77.5
semantic,0.9,0.0,4,106,11,5,77.8
semantic,0.9,0.0,4,107,12,6,77.1
semantic,0.9,0.0,4,108,12,6,79.8
semantic,0.9,0.0,4,109,12,6,82.8
semantic,0.9,0.0,4,110,13,7,83.7
semantic,0.9,0.0,4,111,14,7,91.0
semantic,0.9,0.0,4,112,14,7,92.5
semantic,0.9,0.0,4,113,11,5,85.3
semantic,0.9,0.0,4,114,11,5,86.5
semantic,0.9,0.0,4,115,11,5,90.7
semantic,0.9,0.0,4,116,11,5,86.8
semantic,0.9,0.0,4,117,12,5,83.9
semantic,0.9,0.0,4,118,11,5,85.7
semantic,0.9,0.0,4,119,12,5,89.0
semantic,0.9,0.0,4,120,13,6,92.0
semantic,0.9,0.0,4,121,11,5,87.7
semantic,0.9,0.0,4,122,11,5,88.6
semantic,0.9,0.0,4,123,11,5,89.8
semantic,0.9,0.0,4,124,11,5,87.4
semantic,0.9,0.0,4,125,11,5,91.0
semantic,0.9,0.0,4,126,11,5,86.5
semantic,0.9,0.0,4,127,12,5,82.4
semantic,0.9,0.0,4,128,11,5,79.0
semantic,0.9,0.0,4,129,11,5,79.6
semantic,0.9,0.0,4,130,11,5,82.9
semantic,0.9,0.0,4,131,10,4,73.5
semantic,0.9,0.0,4,132,10,4,75.0
semantic,0.9,0.0,4,133,9,4,74.4
semantic,0.9,0.0,4,134,10,4,74.7
semantic,0.9,0.0,4,135,10,4,79.8
semantic,0.9,0.0,4,136,10,4,77.1
semantic,0.9,0.0,4,137,10,4,77.7
semantic,0.9,0.0,4,138,10,4,77.1
semantic,0.9,0.0,4,139,10,4,78.6
semantic,0.9,0.0,4,140,10,4,80.7
semantic,0.9,0.0,4,141,10,4,79.2
semantic,0.9,0.0,4,142,11,5,88.0
semantic,0.9,0.0,4,143,11,5,83.6
semantic,0.9,0.0,4,144,10,5,75.7
semantic,0.9,0.0,4,145,10,5,76.9
semantic,0.9,0.0,4,146,10,5,81.4
semantic,0.9,0.0,4,147,10,5,87.0
semantic,0.9,0.0,4,148,10,5,85.8
semantic,0.9,0.0,4,149,10,5,86.7
semantic,0.9,0.0,4,150,11,5,85.1
semantic,0.9,0.0,5,0,0,0,0.0
semantic,0.9,0.0,5,1,4,1,20.7
semantic,0.9,0.0,5,2,5,2,32.1
semantic,0.9,0.0,5,3,7,3,41.1
semantic,0.9,0.0,5,4,7,3,47.4
semantic,0.9,0.0,5,5,8,3,52.2
semantic,0.9,0.0,5,6,8,3,54.9
semantic,0.9,0.0,5,7,8,3,60.3
semantic,0.9,0.0,5,8,8,3,63.6
semantic,0.9,0.0,5,9,8,3,66.9
semantic,0.9,0.0,5,10,8,3,69.6
semantic,0.9,0.0,5,11,8,3,73.5
semantic,0.9,0.0,5,12,8,3,76.5
semantic,0.9,0.0,5,13,8,3,78.0
semantic,0.9,0.0,5,14,8,3,79.5
semantic,0.9,0.0,5,15,8,3,81.9
semantic,0.9,0.0,5,16,9,4,84.0
semantic,0.9,0.0,5,17,9,4,84.0
semantic,0.9,0.0,5,18,9,4,86.1
semantic,0.9,0.0,5,19,9,4,89.1
semantic,0.9,0.0,5,20,9,4,91.2
semantic,0.9,0.0,5,21,9,4,91.8
semantic,0.9,0.0,5,22,9,4,90.3
semantic,0.9,0.0,5,23,11,5,100.1
semantic,0.9,0.0,5,24,12,5,106.8
semantic,0.9,0.0,5,25,12,5,108.6
semantic,0.9,0.0,5,26,12,5,110.4
semantic,0.9,0.0,5,27,12,5,113.2
semantic,0.9,0.0,5,28,12,5,106.9
semantic,0.9,0.0,5,29,11,5,105.1
semantic,0.9,0.0,5,30,12,5,106.7
semantic,0.9,0.0,5,31,12,5,108.6
semantic,0.9,0.0,5,32,12,5,99.2
semantic,0.9,0.0,5,33,12,5,91.3
semantic,0.9,0.0,5,34,12,5,87.4
semantic,0.9,0.0,5,35,12,6,94.7
semantic,0.9,0.0,5,36,12,6,87.5
semantic,0.9,0.0,5,37,12,6,82.9
semantic,0.9,0.0,5,38,12,6,69.6
semantic,0.9,0.0,5,39,8,3,52.2
semantic,0.9,0.0,5,40,8,3,56.7
semantic,0.9,0.0,5,41,8,3,58.2
semantic,0.9,0.0,5,42,8,3,61.5
semantic,0.9,0.0,5,43,9,4,66.0
semantic,0.9,0.0,5,44,9,4,67.8
semantic,0.9,0.0,5,45,10,5,77.8
semantic,0.9,0.0,5,46,10,5,81.4
semantic,0.9,0.0,5,47,10,5,83.5
semantic,0.9,0.0,5,48,11,5,85.6
semantic,0.9,0.0,5,49,12,6,94.7
semantic,0.9,0.0,5,50,12,6,94.7
semantic,0.9,0.0,5,51,12,6,96.2
semantic,0.9,0.0,5,52,12,6,98.3
semantic,0.9,0.0,5,53,12,6,99.2
semantic,0.9,0.0,5,54,12,6,101.0
semantic,0.9,0.0,5,55,12,6,101.6
semantic,0.9,0.0,5,56,12,6,99.2
semantic,0.9,0.0,5,57,12,6,101.3
semantic,0.9,0.0,5,58,12,6,100.4
semantic,0.9,0.0,5,59,14,7,111.3
semantic,0.9,0.0,5,60,14,7,111.0
semantic,0.9,0.0,5,61,14,7,103.2
semantic,0.9,0.0,5,62,13,7,96.2
semantic,0.9,0.0,5,63,13,7,95.3
semantic,0.9,0.0,5,64,13,7,97.7
semantic,0.9,0.0,5,65,14,7,100.8
semantic,0.9,0.0,5,66,11,5,76.3
semantic,0.9,0.0,5,67,12,5,79.7
semantic,0.9,0.0,5,68,12,5,80.3
semantic,0.9,0.0,5,69,11,5,73.6
semantic,0.9,0.0,5,70,11,5,73.0
semantic,0.9,0.0,5,71,11,5,73.6
semantic,0.9,0.0,5,72,12,6,72.4
semantic,0.9,0.0,5,73,12,6,74.5
semantic,0.9,0.0,5,74,12,6,70.6
semantic,0.9,0.0,5,75,12,6,71.8
semantic,0.9,0.0,5,76,10,4,64.2
semantic,0.9,0.0,5,77,10,4,64.2
semantic,0.9,0.0,5,78,10,4,66.6
semantic,0.9,0.0,5,79,10,4,66.6
semantic,0.9,0.0,5,80,10,4,69.6
semantic,0.9,0.0,5,81,10,4,70.2
semantic,0.9,0.0,5,82,10,4,72.9
semantic,0.9,0.0,5,83,10,4,72.0
semantic,0.9,0.0,5,84,10,4,68.7
semantic,0.9,0.0,5,85,10,4,70.5
semantic,0.9,0.0,5,86,10,4,72.9
semantic,0.9,0.0,5,87,10,4,76.5
semantic,0.9,0.0,5,88,10,4,77.1
semantic,0.9,0.0,5,89,10,4,78.6
semantic,0.9,0.0,5,90,10,4,80.7
semantic,0.9,0.0,5,91,11,5,84.4
semantic,0.9,0.0,5,92,11,5,88.6
semantic,0.9,0.0,5,93,11,5,86.5
semantic,0.9,0.0,5,94,10,4,83.4
semantic,0.9,0.0,5,95,10,4,81.3
semantic,0.9,0.0,5,96,10,4,74.4
semantic,0.9,0.0,5,97,10,4,79.8
semantic,0.9,0.0,5,98,10,4,81.0
semantic,0.9,0.0,5,99,10,4,78.0
semantic,0.9,0.0,5,100,10,4,79.2
semantic,0.9,0.0,5,101,10,4,77.7
semantic,0.9,0.0,5,102,11,5,83.8
semantic,0.9,0.0,5,103,11,5,79.3
semantic,0.9,0.0,5,104,11,5,84.2
semantic,0.9,0.0,5,105,11,5,80.0
semantic,0.9,0.0,5,106,11,5,81.8
semantic,0.9,0.0,5,107,11,5,88.1
semantic,0.9,0.0,5,108,11,5,87.5
semantic,0.9,0.0,5,109,11,5,89.0
semantic,0.9,0.0,5,110,12,5,87.0
semantic,0.9,0.0,5,111,12,5,92.1
semantic,0.9,0.0,5,112,9,4,75.0
semantic,0.9,0.0,5,113,9,4,75.0
semantic,0.9,0.0,5,114,9,4,78.6
semantic,0.9,0.0,5,115,9,4,79.5
semantic,0.9,0.0,5,116,9,4,81.9
semantic,0.9,0.0,5,117,10,4,83.7
semantic,0.9,0.0,5,118,10,4,85.8
semantic,0.9,0.0,5,119,10,4,83.1
semantic,0.9,0.0,5,120,10,4,83.7
semantic,0.9,0.0,5,121,10,4,83.7
semantic,0.9,0.0,5,122,10,4,85.8
semantic,0.9,0.0,5,123,10,4,82.5
semantic,0.9,0.0,5,124,10,4,81.6
semantic,0.9,0.0,5,125,10,4,84.9
semantic,0.9,0.0,5,126,10,4,83.1
semantic,0.9,0.0,5,127,10,4,85.8
semantic,0.9,0.0,5,128,10,4,85.8
semantic,0.9,0.0,5,129,11,5,88.3
semantic,0.9,0.0,5,130,12,6,89.8
semantic,0.9,0.0,5,131,12,6,84.4
semantic,0.9,0.0,5,132,12,6,85.0
semantic,0.9,0.0,5,133,12,6,86.5
semantic,0.9,0.0,5,134,14,6,102.7
semantic,0.9,0.0,5,135,15,7,105.7
semantic,0.9,0.0,5,136,12,6,102.6
semantic,0.9,0.0,5,137,12,6,102.3
semantic,0.9,0.0,5,138,12,6,93.8
semantic,0.9,0.0,5,139,12,6,95.6
semantic,0.9,0.0,5,140,12,6,94.1
semantic,0.9,0.0,5,141,12,6,91.1
semantic,0.9,0.0,5,142,12,6,83.6
semantic,0.9,0.0,5,143,12,6,85.1
semantic,0.9,0.0,5,144,13,7,101.0
semantic,0.9,0.0,5,145,13,7,103.7
semantic,0.9,0.0,5,146,10,4,78.3
semantic,0.9,0.0,5,147,10,4,78.0
semantic,0.9,0.0,5,148,10,4,76.2
semantic,0.9,0.0,5,149,10,4,77.4
semantic,0.9,0.0,5,150,10,4,78.6
semantic,0.9,0.0,6,0,0,0,0.0
semantic,0.9,0.0,6,1,5,2,24.6
semantic,0.9,0.0,6,2,6,3,37.8
semantic,0.9,0.0,6,3,6,3,43.2
semantic,0.9,0.0,6,4,7,3,49.8
semantic,0.9,0.0,6,5,8,3,54.9
semantic,0.9,0.0,6,6,8,3,58.8
semantic,0.9,0.0,6,7,8,3,62.7
semantic,0.9,0.0,6,8,9,4,65.1
semantic,0.9,0.0,6,9,9,4,68.1
semantic,0.9,0.0,6,10,9,4,71.7
semantic,0.9,0.0,6,11,10,4,76.2
semantic,0.9,0.0,6,12,10,4,80.4
semantic,0.9,0.0,6,13,10,4,83.1
semantic,0.9,0.0,6,14,10,4,84.9
semantic,0.9,0.0,6,15,10,4,86.4
semantic,0.9,0.0,6,16,10,4,87.6
semantic,0.9,0.0,6,17,11,5,89.2
semantic,0.9,0.0,6,18,12,6,93.6
semantic,0.9,0.0,6,19,12,6,94.5
semantic,0.9,0.0,6,20,12,6,95.7
semantic,0.9,0.0,6,21,13,6,101.8
semantic,0.9,0.0,6,22,13,6,110.9
semantic,0.9,0.0,6,23,13,6,110.1
semantic,0.9,0.0,6,24,13,6,105.3
semantic,0.9,0.0,6,25,13,6,106.2
semantic,0.9,0.0,6,26,13,6,105.3
semantic,0.9,0.0,6,27,13,6,99.5
semantic,0.9,0.0,6,28,13,6,96.2
semantic,0.9,0.0,6,29,13,6,101.4
semantic,0.9,0.0,6,30,13,6,101.3
semantic,0.9,0.0,6,31,13,6,99.8
semantic,0.9,0.0,6,32,13,6,101.9
semantic,0.9,0.0,6,33,14,6,103.2
semantic,0.9,0.0,6,34,14,6,88.4
semantic,0.9,0.0,6,35,14,6,82.7
semantic,0.9,0.0,6,36,12,6,62.4
semantic,0.9,0.0,6,37,9,4,54.0
semantic,0.9,0.0,6,38,9,4,58.2
semantic,0.9,0.0,6,39,9,4,53.1
semantic,0.9,0.0,6,40,9,4,55.8
semantic,0.9,0.0,6,41,10,4,57.3
semantic,0.9,0.0,6,42,10,4,61.2
semantic,0.9,0.0,6,43,11,5,71.5
semantic,0.9,0.0,6,44,11,5,73.3
semantic,0.9,0.0,6,45,11,5,75.7
semantic,0.9,0.0,6,46,11,5,78.1
semantic,0.9,0.0,6,47,11,5,81.7
semantic,0.9,0.0,6,48,11,5,84.7
semantic,0.9,0.0,6,49,11,5,87.1
semantic,0.9,0.0,6,50,11,5,91.9
semantic,0.9,0.0,6,51,11,5,100.1
semantic,0.9,0.0,6,52,11,5,99.8
semantic,0.9,0.0,6,53,11,5,100.4
semantic,0.9,0.0,6,54,11,5,103.4
semantic,0.9,0.0,6,55,11,5,105.5
semantic,0.9,0.0,6,56,11,5,104.3
semantic,0.9,0.0,6,57,11,5,103.4
semantic,0.9,0.0,6,58,11,5,104.3
semantic,0.9,0.0,6,59,11,5,103.1
semantic,0.9,0.0,6,60,11,5,105.8
semantic,0.9,0.0,6,61,11,5,90.7
semantic,0.9,0.0,6,62,11,5,86.5
semantic,0.9,0.0,6,63,11,5,93.5
semantic,0.9,0.0,6,64,11,5,89.0
semantic,0.9,0.0,6,65,12,5,92.4
semantic,0.9,0.0,6,66,12,5,88.2
semantic,0.9,0.0,6,67,12,5,91.3
semantic,0.9,0.0,6,68,13,6,93.1
semantic,0.9,0.0,6,69,12,5,78.4
semantic,0.9,0.0,6,70,12,5,78.4
semantic,0.9,0.0,6,71,12,5,86.9
semantic,0.9,0.0,6,72,12,5,79.6
semantic,0.9,0.0,6,73,12,5,84.7
semantic,0.9,0.0,6,74,12,5,79.3
semantic,0.9,0.0,6,75,11,5,71.0
semantic,0.9,0.0,6,76,12,5,72.5
semantic,0.9,0.0,6,77,10,4,66.0
semantic,0.9,0.0,6,78,9,4,64.8
semantic,0.9,0.0,6,79,8,3,64.2
semantic,0.9,0.0,6,80,8,3,68.4
semantic,0.9,0.0,6,81,8,3,69.9
semantic,0.9,0.0,6,82,9,4,72.9
semantic,0.9,0.0,6,83,9,4,75.6
semantic,0.9,0.0,6,84,8,3,74.4
semantic,0.9,0.0,6,85,9,4,77.4
semantic,0.9,0.0,6,86,9,4,78.6
semantic,0.9,0.0,6,87,9,4,81.0
semantic,0.9,0.0,6,88,9,4,81.0
semantic,0.9,0.0,6,89,9,4,81.6
semantic,0.9,0.0,6,90,9,4,81.6
semantic,0.9,0.0,6,91,9,4,81.6
semantic,0.9,0.0,6,92,11,6,92.6
semantic,0.9,0.0,6,93,12,6,102.6
semantic,0.9,0.0,6,94,12,6,94.1
semantic,0.9,0.0,6,95,12,6,92.3
semantic,0.9,0.0,6,96,13,7,101.6
semantic,0.9,0.0,6,97,14,7,98.4
semantic,0.9,0.0,6,98,13,7,98.3
semantic,0.9,0.0,6,99,13,7,96.2
semantic,0.9,0.0,6,100,13,7,101.9
semantic,0.9,0.0,6,101,14,7,104.4
semantic,0.9,0.0,6,102,11,5,78.4
semantic,0.9,0.0,6,103,11,5,78.7
semantic,0.9,0.0,6,104,12,5,81.2
semantic,0.9,0.0,6,105,12,5,85.7
semantic,0.9,0.0,6,106,12,5,80.0
semantic,0.9,0.0,6,107,12,5,76.7
semantic,0.9,0.0,6,108,12,5,80.3
semantic,0.9,0.0,6,109,12,5,83.6
semantic,0.9,0.0,6,110,11,5,80.9
semantic,0.9,0.0,6,111,11,5,88.5
semantic,0.9,0.0,6,112,12,5,89.4
semantic,0.9,0.0,6,113,12,5,89.7
semantic,0.9,0.0,6,114,12,5,90.0
semantic,0.9,0.0,6,115,11,5,82.3
semantic,0.9,0.0,6,116,10,4,75.6
semantic,0.9,0.0,6,117,10,4,75.9
semantic,0.9,0.0,6,118,11,5,79.0
semantic,0.9,0.0,6,119,10,4,77.7
semantic,0.9,0.0,6,120,10,4,78.0
semantic,0.9,0.0,6,121,10,4,79.5
semantic,0.9,0.0,6,122,10,4,80.4
semantic,0.9,0.0,6,123,10,4,84.3
semantic,0.9,0.0,6,124,10,4,83.7
semantic,0.9,0.0,6,125,10,4,84.0
semantic,0.9,0.0,6,126,10,4,84.3
semantic,0.9,0.0,6,127,10,4,75.9
semantic,0.9,0.0,6,128,10,4,80.1
semantic,0.9,0.0,6,129,10,4,76.2
semantic,0.9,0.0,6,130,12,6,80.5
semantic,0.9,0.0,6,131,12,6,79.6
semantic,0.9,0.0,6,132,12,6,82.4
semantic,0.9,0.0,6,133,12,6,83.6
semantic,0.9,0.0,6,134,13,6,91.8
semantic,0.9,0.0,6,135,13,6,92.1
semantic,0.9,0.0,6,136,13,6,94.0
semantic,0.9,0.0,6,137,13,6,94.6
semantic,0.9,0.0,6,138,13,6,85.8
semantic,0.9,0.0,6,139,13,6,89.4
semantic,0.9,0.0,6,140,13,6,86.4
semantic,0.9,0.0,6,141,13,6,91.3
semantic,0.9,0.0,6,142,11,5,75.8
semantic,0.9,0.0,6,143,11,5,80.6
semantic,0.9,0.0,6,144,12,5,76.5
semantic,0.9,0.0,6,145,12,6,66.0
semantic,0.9,0.0,6,146,13,6,69.0
semantic,0.9,0.0,6,147,13,6,73.2
semantic,0.9,0.0,6,148,13,6,75.0
semantic,0.9,0.0,6,149,13,6,74.7
semantic,0.9,0.0,6,150,13,6,78.3
semantic,0.9,0.0,7,0,0,0,0.0
semantic,0.9,0.0,7,1,4,1,21.3
semantic,0.9,0.0,7,2,5,2,31.8
semantic,0.9,0.0,7,3,6,2,37.8
semantic,0.9,0.0,7,4,6,2,45.0
semantic,0.9,0.0,7,5,7,3,48.6
semantic,0.9,0.0,7,6,7,3,53.1
semantic,0.9,0.0,7,7,7,3,57.3
semantic,0.9,0.0,7,8,7,3,60.6
semantic,0.9,0.0,7,9,7,3,63.0
semantic,0.9,0.0,7,10,7,3,64.5
semantic,0.9,0.0,7,11,7,3,67.2
semantic,0.9,0.0,7,12,8,3,68.7
semantic,0.9,0.0,7,13,8,3,70.5
semantic,0.9,0.0,7,14,8,3,72.0
semantic,0.9,0.0,7,15,8,3,72.9
semantic,0.9,0.0,7,16,8,3,75.3
semantic,0.9,0.0,7,17,9,4,77.4
semantic,0.9,0.0,7,18,9,4,78.0
semantic,0.9,0.0,7,19,9,4,79.2
semantic,0.9,0.0,7,20,9,4,80.7
semantic,0.9,0.0,7,21,9,4,82.8
semantic,0.9,0.0,7,22,10,4,84.9
semantic,0.9,0.0,7,23,10,4,83.1
semantic,0.9,0.0,7,24,10,4,85.8
semantic,0.9,0.0,7,25,10,4,85.5
semantic,0.9,0.0,7,26,10,4,83.7
semantic,0.9,0.0,7,27,10,4,80.7
semantic,0.9,0.0,7,28,10,4,82.5
semantic,0.9,0.0,7,29,10,4,74.4
semantic,0.9,0.0,7,30,10,4,77.4
semantic,0.9,0.0,7,31,9,4,76.8
semantic,0.9,0.0,7,32,9,4,70.8
semantic,0.9,0.0,7,33,9,4,71.1
semantic,0.9,0.0,7,34,9,4,68.1
semantic,0.9,0.0,7,35,9,4,67.2
semantic,0.9,0.0,7,36,9,4,65.7
semantic,0.9,0.0,7,37,9,4,62.1
semantic,0.9,0.0,7,38,9,4,56.7
semantic,0.9,0.0,7,39,9,4,54.3
semantic,0.9,0.0,7,40,9,4,59.1
semantic,0.9,0.0,7,41,9,4,61.2
semantic,0.9,0.0,7,42,7,3,61.5
semantic,0.9,0.0,7,43,7,3,64.2
semantic,0.9,0.0,7,44,7,3,68.4
semantic,0.9,0.0,7,45,7,3,70.5
semantic,0.9,0.0,7,46,8,4,73.2
semantic,0.9,0.0,7,47,9,4,76.5
semantic,0.9,0.0,7,48,9,4,77.7
semantic,0.9,0.0,7,49,10,5,83.5
semantic,0.9,0.0,7,50,10,5,93.8
semantic,0.9,0.0,7,51,10,5,96.5
semantic,0.9,0.0,7,52,10,5,99.2
semantic,0.9,0.0,7,53,11,5,99.6
semantic,0.9,0.0,7,54,11,5,100.5
semantic,0.9,0.0,7,55,11,5,101.4
semantic,0.9,0.0,7,56,11,5,104.5
semantic,0.9,0.0,7,57,11,5,105.1
semantic,0.9,0.0,7,58,12,6,114.5
semantic,0.9,0.0,7,59,13,6,116.6
semantic,0.9,0.0,7,60,13,6,112.8
semantic,0.9,0.0,7,61,13,6,106.7
semantic,0.9,0.0,7,62,13,6,116.4
semantic,0.9,0.0,7,63,14,6,121.5
semantic,0.9,0.0,7,64,14,6,131.2
semantic,0.9,0.0,7,65,12,5,105.5
semantic,0.9,0.0,7,66,13,6,106.4
semantic,0.9,0.0,7,67,13,6,106.7
semantic,0.9,0.0,7,68,13,6,104.6
semantic,0.9,0.0,7,69,12,6,93.9
semantic,0.9,0.0,7,70,12,6,96.0
semantic,0.9,0.0,7,71,12,6,89.1
semantic,0.9,0.0,7,72,12,6,92.4
semantic,0.9,0.0,7,73,11,6,92.1
semantic,0.9,0.0,7,74,11,6,101.8
semantic,0.9,0.0,7,75,12,6,102.2
semantic,0.9,0.0,7,76,11,5,75.8
semantic,0.9,0.0,7,77,9,4,65.1
semantic,0.9,0.0,7,78,10,5,67.9
semantic,0.9,0.0,7,79,10,5,71.8
semantic,0.9,0.0,7,80,10,5,72.1
semantic,0.9,0.0,7,81,10,5,73.6
semantic,0.9,0.0,7,82,10,5,77.5
semantic,0.9,0.0,7,83,12,6,77.5
semantic,0.9,0.0,7,84,12,6,77.2
semantic,0.9,0.0,7,85,12,6,78.7
semantic,0.9,0.0,7,86,12,6,78.4
semantic,0.9,0.0,7,87,12,6,82.0
semantic,0.9,0.0,7,88,12,6,84.7
semantic,0.9,0.0,7,89,12,6,86.8
semantic,0.9,0.0,7,90,12,6,87.7
semantic,0.9,0.0,7,91,11,6,82.0
semantic,0.9,0.0,7,92,11,6,84.1
semantic,0.9,0.0,7,93,11,6,84.1
semantic,0.9,0.0,7,94,11,6,85.9
semantic,0.9,0.0,7,95,12,6,84.4
semantic,0.9,0.0,7,96,10,4,81.0
semantic,0.9,0.0,7,97,10,4,81.9
semantic,0.9,0.0,7,98,11,5,82.6
semantic,0.9,0.0,7,99,11,5,80.8
semantic,0.9,0.0,7,100,12,5,88.4
semantic,0.9,0.0,7,101,12,5,79.7
semantic,0.9,0.0,7,102,12,5,79.1
semantic,0.9,0.0,7,103,12,5,79.4
semantic,0.9,0.0,7,104,13,6,89.7
semantic,0.9,0.0,7,105,13,6,91.2
semantic,0.9,0.0,7,106,13,6,93.9
semantic,0.9,0.0,7,107,13,6,86.4
semantic,0.9,0.0,7,108,11,5,70.0
semantic,0.9,0.0,7,109,11,5,67.3
semantic,0.9,0.0,7,110,9,4,64.5
semantic,0.9,0.0,7,111,9,4,66.0
semantic,0.9,0.0,7,112,9,4,67.5
semantic,0.9,0.0,7,113,10,4,66.6
semantic,0.9,0.0,7,114,10,4,68.1
semantic,0.9,0.0,7,115,10,4,69.9
semantic,0.9,0.0,7,116,9,4,68.7
semantic,0.9,0.0,7,117,9,4,71.1
semantic,0.9,0.0,7,118,9,4,72.6
semantic,0.9,0.0,7,119,9,4,75.3
semantic,0.9,0.0,7,120,9,4,75.9
semantic,0.9,0.0,7,121,9,4,77.7
semantic,0.9,0.0,7,122,10,5,83.6
semantic,0.9,0.0,7,123,10,5,86.3
semantic,0.9,0.0,7,124,11,5,91.7
semantic,0.9,0.0,7,125,12,5,91.4
semantic,0.9,0.0,7,126,12,5,87.8
semantic,0.9,0.0,7,127,13,6,91.4
semantic,0.9,0.0,7,128,13,6,95.0
semantic,0.9,0.0,7,129,13,6,90.5
semantic,0.9,0.0,7,130,13,6,93.5
semantic,0.9,0.0,7,131,13,6,91.4
semantic,0.9,0.0,7,132,13,6,90.5
semantic,0.9,0.0,7,133,13,6,83.9
semantic,0.9,0.0,7,134,13,6,80.6
semantic,0.9,0.0,7,135,13,6,81.5
semantic,0.9,0.0,7,136,14,6,81.2
semantic,0.9,0.0,7,137,14,6,83.6
semantic,0.9,0.0,7,138,12,6,81.8
semantic,0.9,0.0,7,139,12,6,82.7
semantic,0.9,0.0,7,140,12,6,79.1
semantic,0.9,0.0,7,141,12,6,81.9
semantic,0.9,0.0,7,142,11,6,74.5
semantic,0.9,0.0,7,143,12,6,79.6
semantic,0.9,0.0,7,144,12,6,82.3
semantic,0.9,0.0,7,145,13,7,80.2
semantic,0.9,0.0,7,146,14,7,84.2
semantic,0.9,0.0,7,147,14,7,82.4
semantic,0.9,0.0,7,148,11,5,76.9
semantic,0.9,0.0,7,149,11,5,79.6
semantic,0.9,0.0,7,150,11,5,84.7
semantic,0.9,0.0,8,0,0,0,0.0
semantic,0.9,0.0,8,1,6,2,21.6
semantic,0.9,0.0,8,2,7,3,33.3
semantic,0.9,0.0,8,3,7,3,41.7
semantic,0.9,0.0,8,4,7,3,47.7
semantic,0.9,0.0,8,5,7,3,53.1
semantic,0.9,0.0,8,6,7,3,57.0
semantic,0.9,0.0,8,7,8,3,60.3
semantic,0.9,0.0,8,8,9,4,63.6
semantic,0.9,0.0,8,9,9,4,66.9
semantic,0.9,0.0,8,10,10,5,70.3
semantic,0.9,0.0,8,11,10,5,72.7
semantic,0.9,0.0,8,12,11,5,83.3
semantic,0.9,0.0,8,13,11,5,85.1
semantic,0.9,0.0,8,14,11,5,87.8
semantic,0.9,0.0,8,15,12,5,91.1
semantic,0.9,0.0,8,16,12,5,92.6
semantic,0.9,0.0,8,17,12,5,101.7
semantic,0.9,0.0,8,18,12,5,109.0
semantic,0.9,0.0,8,19,12,5,117.8
semantic,0.9,0.0,8,20,12,5,118.1
semantic,0.9,0.0,8,21,12,5,118.7
semantic,0.9,0.0,8,22,13,6,128.2
semantic,0.9,0.0,8,23,14,6,132.3
semantic,0.9,0.0,8,24,14,6,133.5
semantic,0.9,0.0,8,25,14,6,140.3
semantic,0.9,0.0,8,26,14,6,143.0
semantic,0.9,0.0,8,27,16,7,148.2
semantic,0.9,0.0,8,28,17,7,153.4
semantic,0.9,0.0,8,29,17,7,160.7
semantic,0.9,0.0,8,30,17,7,158.9
semantic,0.9,0.0,8,31,17,7,159.2
semantic,0.9,0.0,8,32,17,7,147.3
semantic,0.9,0.0,8,33,17,7,144.3
semantic,0.9,0.0,8,34,17,7,141.6
semantic,0.9,0.0,8,35,17,7,136.8
semantic,0.9,0.0,8,36,17,7,125.3
semantic,0.9,0.0,8,37,13,6,73.1
semantic,0.9,0.0,8,38,9,4,58.5
semantic,0.9,0.0,8,39,9,4,54.3
semantic,0.9,0.0,8,40,8,3,54.9
semantic,0.9,0.0,8,41,8,3,61.8
semantic,0.9,0.0,8,42,8,3,64.5
semantic,0.9,0.0,8,43,9,4,68.1
semantic,0.9,0.0,8,44,9,4,71.1
semantic,0.9,0.0,8,45,10,5,79.6
semantic,0.9,0.0,8,46,10,5,82.0
semantic,0.9,0.0,8,47,10,5,84.7
semantic,0.9,0.0,8,48,10,5,86.8
semantic,0.9,0.0,8,49,10,5,88.6
semantic,0.9,0.0,8,50,10,5,90.7
semantic,0.9,0.0,8,51,10,5,89.8
semantic,0.9,0.0,8,52,11,6,98.0
semantic,0.9,0.0,8,53,11,6,99.8
semantic,0.9,0.0,8,54,11,6,100.7
semantic,0.9,0.0,8,55,12,6,101.6
semantic,0.9,0.0,8,56,12,6,105.6
semantic,0.9,0.0,8,57,12,6,109.2
semantic,0.9,0.0,8,58,13,6,109.9
semantic,0.9,0.0,8,59,13,6,112.6
semantic,0.9,0.0,8,60,13,6,111.1
semantic,0.9,0.0,8,61,13,6,117.2
semantic,0.9,0.0,8,62,13,6,125.5
semantic,0.9,0.0,8,63,13,6,128.4
semantic,0.9,0.0,8,64,13,6,136.9
semantic,0.9,0.0,8,65,13,6,138.4
semantic,0.9,0.0,8,66,13,6,142.4
semantic,0.9,0.0,8,67,13,6,146.1
semantic,0.9,0.0,8,68,13,6,147.6
semantic,0.9,0.0,8,69,13,6,148.2
semantic,0.9,0.0,8,70,14,6,112.3
semantic,0.9,0.0,8,71,14,6,115.3
semantic,0.9,0.0,8,72,14,6,101.0
semantic,0.9,0.0,8,73,13,6,80.3
semantic,0.9,0.0,8,74,13,6,80.9
semantic,0.9,0.0,8,75,8,3,63.3
semantic,0.9,0.0,8,76,8,3,66.6
semantic,0.9,0.0,8,77,8,3,66.3
semantic,0.9,0.0,8,78,8,3,68.7
semantic,0.9,0.0,8,79,8,3,69.3
semantic,0.9,0.0,8,80,9,4,70.5
semantic,0.9,0.0,8,81,9,4,72.9
semantic,0.9,0.0,8,82,10,4,75.6
semantic,0.9,0.0,8,83,10,4,75.3
semantic,0.9,0.0,8,84,10,4,76.2
semantic,0.9,0.0,8,85,10,4,76.5
semantic,0.9,0.0,8,86,10,4,79.8
semantic,0.9,0.0,8,87,11,5,81.1
semantic,0.9,0.0,8,88,12,6,80.8
semantic,0.9,0.0,8,89,12,6,79.3
semantic,0.9,0.0,8,90,12,6,81.1
semantic,0.9,0.0,8,91,12,6,82.3
semantic,0.9,0.0,8,92,12,6,82.3
semantic,0.9,0.0,8,93,13,6,85.5
semantic,0.9,0.0,8,94,10,4,76.2
semantic,0.9,0.0,8,95,11,5,78.4
semantic,0.9,0.0,8,96,11,5,74.2
semantic,0.9,0.0,8,97,11,5,75.7
semantic,0.9,0.0,8,98,11,5,76.0
semantic,0.9,0.0,8,99,11,5,76.6
semantic,0.9,0.0,8,100,11,5,78.7
semantic,0.9,0.0,8,101,11,5,79.3
semantic,0.9,0.0,8,102,11,5,79.0
semantic,0.9,0.0,8,103,12,6,84.9
semantic,0.9,0.0,8,104,11,6,75.9
semantic,0.9,0.0,8,105,11,6,68.4
semantic,0.9,0.0,8,106,11,6,70.8
semantic,0.9,0.0,8,107,9,4,65.4
semantic,0.9,0.0,8,108,10,5,76.9
semantic,0.9,0.0,8,109,10,5,78.4
semantic,0.9,0.0,8,110,10,5,75.7
semantic,0.9,0.0,8,111,10,5,80.8
semantic,0.9,0.0,8,112,10,5,84.1
semantic,0.9,0.0,8,113,10,5,90.8
semantic,0.9,0.0,8,114,10,5,88.7
semantic,0.9,0.0,8,115,10,5,88.7
semantic,0.9,0.0,8,116,10,5,91.1
semantic,0.9,0.0,8,117,10,5,96.2
semantic,0.9,0.0,8,118,11,5,89.0
semantic,0.9,0.0,8,119,11,5,80.5
semantic,0.9,0.0,8,120,11,5,92.3
semantic,0.9,0.0,8,121,11,5,88.7
semantic,0.9,0.0,8,122,12,5,93.3
semantic,0.9,0.0,8,123,12,5,102.1
semantic,0.9,0.0,8,124,12,5,101.5
semantic,0.9,0.0,8,125,12,5,105.1
semantic,0.9,0.0,8,126,12,5,107.8
semantic,0.9,0.0,8,127,12,5,104.5
semantic,0.9,0.0,8,128,12,5,106.3
semantic,0.9,0.0,8,129,12,5,101.2
semantic,0.9,0.0,8,130,12,5,106.6
semantic,0.9,0.0,8,131,11,5,103.2
semantic,0.9,0.0,8,132,11,5,104.4
semantic,0.9,0.0,8,133,11,5,95.9
semantic,0.9,0.0,8,134,11,5,86.8
semantic,0.9,0.0,8,135,11,5,85.6
semantic,0.9,0.0,8,136,11,5,87.4
semantic,0.9,0.0,8,137,11,5,88.3
semantic,0.9,0.0,8,138,9,4,71.1
semantic,0.9,0.0,8,139,9,4,76.2
semantic,0.9,0.0,8,140,9,4,76.2
semantic,0.9,0.0,8,141,10,4,77.1
semantic,0.9,0.0,8,142,10,4,79.8
semantic,0.9,0.0,8,143,10,4,78.6
semantic,0.9,0.0,8,144,10,4,78.3
semantic,0.9,0.0,8,145,10,4,78.0
semantic,0.9,0.0,8,146,10,4,74.4
semantic,0.9,0.0,8,147,10,4,75.9
semantic,0.9,0.0,8,148,10,4,77.4
semantic,0.9,0.0,8,149,10,4,77.1
semantic,0.9,0.0,8,150,10,4,78.0
semantic,0.9,0.0,9,0,0,0,0.0
semantic,0.9,0.0,9,1,4,1,24.6
semantic,0.9,0.0,9,2,7,3,35.1
semantic,0.9,0.0,9,3,7,3,41.7
semantic,0.9,0.0,9,4,7,3,48.0
semantic,0.9,0.0,9,5,7,3,51.9
semantic,0.9,0.0,9,6,9,4,56.7
semantic,0.9,0.0,9,7,10,5,62.5
semantic,0.9,0.0,9,8,10,5,62.2
semantic,0.9,0.0,9,9,10,5,64.9
semantic,0.9,0.0,9,10,11,5,67.0
semantic,0.9,0.0,9,11,12,6,70.3
semantic,0.9,0.0,9,12,13,6,79.4
semantic,0.9,0.0,9,13,13,6,80.3
semantic,0.9,0.0,9,14,13,6,82.7
semantic,0.9,0.0,9,15,13,6,85.1
semantic,0.9,0.0,9,16,13,6,87.2
semantic,0.9,0.0,9,17,13,6,88.4
semantic,0.9,0.0,9,18,13,6,88.4
semantic,0.9,0.0,9,19,12,6,84.2
semantic,0.9,0.0,9,20,12,6,86.9
semantic,0.9,0.0,9,21,12,6,89.6
semantic,0.9,0.0,9,22,14,7,98.1
semantic,0.9,0.0,9,23,15,7,109.5
semantic,0.9,0.0,9,24,15,7,114.5
semantic,0.9,0.0,9,25,15,7,113.3
semantic,0.9,0.0,9,26,14,7,107.0
semantic,0.9,0.0,9,27,15,8,108.5
semantic,0.9,0.0,9,28,15,8,111.9
semantic,0.9,0.0,9,29,15,8,112.5
semantic,0.9,0.0,9,30,15,8,110.1
semantic,0.9,0.0,9,31,15,8,109.8
semantic,0.9,0.0,9,32,15,8,96.7
semantic,0.9,0.0,9,33,15,8,96.7
semantic,0.9,0.0,9,34,12,5,83.6
semantic,0.9,0.0,9,35,12,5,80.6
semantic,0.9,0.0,9,36,13,6,80.9
semantic,0.9,0.0,9,37,13,6,79.4
semantic,0.9,0.0,9,38,13,6,80.9
semantic,0.9,0.0,9,39,13,6,77.3
semantic,0.9,0.0,9,40,13,6,76.4
semantic,0.9,0.0,9,41,13,6,75.8
semantic,0.9,0.0,9,42,10,5,67.6
semantic,0.9,0.0,9,43,9,4,61.8
semantic,0.9,0.0,9,44,9,4,66.6
semantic,0.9,0.0,9,45,9,4,69.6
semantic,0.9,0.0,9,46,10,4,72.6
semantic,0.9,0.0,9,47,10,4,75.0
semantic,0.9,0.0,9,48,11,5,84.4
semantic,0.9,0.0,9,49,11,5,100.8
semantic,0.9,0.0,9,50,11,5,102.0
semantic,0.9,0.0,9,51,11,5,101.1
semantic,0.9,0.0,9,52,11,5,95.0
semantic,0.9,0.0,9,53,11,5,87.7
semantic,0.9,0.0,9,54,11,5,89.2
semantic,0.9,0.0,9,55,11,5,91.3
semantic,0.9,0.0,9,56,12,6,96.5
semantic,0.9,0.0,9,57,12,6,98.0
semantic,0.9,0.0,9,58,12,6,102.9
semantic,0.9,0.0,9,59,12,6,103.5
semantic,0.9,0.0,9,60,14,7,112.9
semantic,0.9,0.0,9,61,14,7,109.3
semantic,0.9,0.0,9,62,14,7,111.7
semantic,0.9,0.0,9,63,14,7,107.5
semantic,0.9,0.0,9,64,14,7,110.8
semantic,0.9,0.0,9,65,14,7,113.8
semantic,0.9,0.0,9,66,15,7,120.6
semantic,0.9,0.0,9,67,15,7,120.5
semantic,0.9,0.0,9,68,15,7,118.7
semantic,0.9,0.0,9,69,15,7,121.5
semantic,0.9,0.0,9,70,15,7,125.7
semantic,0.9,0.0,9,71,12,5,86.7
semantic,0.9,0.0,9,72,12,5,87.0
semantic,0.9,0.0,9,73,13,6,85.8
semantic,0.9,0.0,9,74,13,6,79.8
semantic,0.9,0.0,9,75,13,6,85.0
semantic,0.9,0.0,9,76,13,6,88.3
semantic,0.9,0.0,9,77,11,6,68.8
semantic,0.9,0.0,9,78,11,6,71.8
semantic,0.9,0.0,9,79,11,6,74.2
semantic,0.9,0.0,9,80,12,6,76.3
semantic,0.9,0.0,9,81,12,6,75.1
semantic,0.9,0.0,9,82,9,4,72.6
semantic,0.9,0.0,9,83,10,4,75.6
semantic,0.9,0.0,9,84,11,5,79.3
semantic,0.9,0.0,9,85,12,5,87.8
semantic,0.9,0.0,9,86,12,5,89.9
semantic,0.9,0.0,9,87,12,5,87.5
semantic,0.9,0.0,9,88,12,5,84.2
semantic,0.9,0.0,9,89,12,5,84.8
semantic,0.9,0.0,9,90,12,5,83.9
semantic,0.9,0.0,9,91,12,5,81.2
semantic,0.9,0.0,9,92,12,5,80.6
semantic,0.9,0.0,9,93,13,6,84.8
semantic,0.9,0.0,9,94,13,6,86.6
semantic,0.9,0.0,9,95,13,6,89.9
semantic,0.9,0.0,9,96,13,6,88.7
semantic,0.9,0.0,9,97,13,6,92.0
semantic,0.9,0.0,9,98,13,6,87.3
semantic,0.9,0.0,9,99,13,6,90.9
semantic,0.9,0.0,9,100,13,6,88.8
semantic,0.9,0.0,9,101,13,6,91.2
semantic,0.9,0.0,9,102,13,6,85.2
semantic,0.9,0.0,9,103,13,6,86.1
semantic,0.9,0.0,9,104,13,6,96.1
semantic,0.9,0.0,9,105,13,6,99.5
semantic,0.9,0.0,9,106,14,6,107.3
semantic,0.9,0.0,9,107,13,6,110.6
semantic,0.9,0.0,9,108,13,6,97.9
semantic,0.9,0.0,9,109,13,6,94.6
semantic,0.9,0.0,9,110,14,6,105.2
semantic,0.9,0.0,9,111,14,6,111.2
semantic,0.9,0.0,9,112,12,6,97.7
semantic,0.9,0.0,9,113,12,6,91.0
semantic,0.9,0.0,9,114,12,6,88.0
semantic,0.9,0.0,9,115,12,6,90.1
semantic,0.9,0.0,9,116,12,6,95.2
semantic,0.9,0.0,9,117,12,6,94.9
semantic,0.9,0.0,9,118,12,6,102.5
semantic,0.9,0.0,9,119,13,6,109.6
semantic,0.9,0.0,9,120,13,6,120.5
semantic,0.9,0.0,9,121,13,6,106.4
semantic,0.9,0.0,9,122,12,6,89.6
semantic,0.9,0.0,9,123,12,6,90.8
semantic,0.9,0.0,9,124,12,6,94.4
semantic,0.9,0.0,9,125,12,6,91.4
semantic,0.9,0.0,9,126,12,6,99.3
semantic,0.9,0.0,9,127,12,6,102.0
semantic,0.9,0.0,9,128,13,7,108.9
semantic,0.9,0.0,9,129,13,7,112.2
semantic,0.9,0.0,9,130,14,7,113.5
semantic,0.9,0.0,9,131,15,7,116.6
semantic,0.9,0.0,9,132,15,7,121.1
semantic,0.9,0.0,9,133,15,7,124.4
semantic,0.9,0.0,9,134,15,7,128.3
semantic,0.9,0.0,9,135,15,7,126.2
semantic,0.9,0.0,9,136,14,7,121.0
semantic,0.9,0.0,9,137,14,7,120.7
semantic,0.9,0.0,9,138,15,8,146.3
semantic,0.9,0.0,9,139,15,8,152.1
semantic,0.9,0.0,9,140,15,8,149.1
semantic,0.9,0.0,9,141,11,5,79.0
semantic,0.9,0.0,9,142,11,5,75.7
semantic,0.9,0.0,9,143,12,5,77.5
semantic,0.9,0.0,9,144,12,5,78.4
semantic,0.9,0.0,9,145,12,5,84.2
semantic,0.9,0.0,9,146,12,5,86.6
semantic,0.9,0.0,9,147,12,5,89.3
semantic,0.9,0.0,9,148,12,5,86.0
semantic,0.9,0.0,9,149,11,5,88.1
semantic,0.9,0.0,9,150,11,5,92.9
semantic,0.9,0.0,10,0,0,0,0.0
semantic,0.9,0.0,10,1,6,2,21.3
semantic,0.9,0.0,10,2,8,3,34.5
semantic,0.9,0.0,10,3,8,3,41.7
semantic,0.9,0.0,10,4,8,3,46.5
semantic,0.9,0.0,10,5,8,3,52.8
semantic,0.9,0.0,10,6,8,3,56.4
semantic,0.9,0.0,10,7,8,3,60.0
semantic,0.9,0.0,10,8,9,4,65.7
semantic,0.9,0.0,10,9,9,4,69.0
semantic,0.9,0.0,10,10,9,4,74.1
semantic,0.9,0.0,10,11,9,4,76.5
semantic,0.9,0.0,10,12,9,4,78.9
semantic,0.9,0.0,10,13,9,4,81.9
semantic,0.9,0.0,10,14,10,5,86.8
semantic,0.9,0.0,10,15,10,5,89.9
semantic,0.9,0.0,10,16,10,5,89.3
semantic,0.9,0.0,10,17,12,5,100.3
semantic,0.9,0.0,10,18,13,6,116.1
semantic,0.9,0.0,10,19,13,6,124.3
semantic,0.9,0.0,10,20,13,6,125.8
semantic,0.9,0.0,10,21,13,6,126.7
semantic,0.9,0.0,10,22,14,6,126.4
semantic,0.9,0.0,10,23,14,6,127.0
semantic,0.9,0.0,10,24,15,7,129.5
semantic,0.9,0.0,10,25,15,7,126.2
semantic,0.9,0.0,10,26,15,7,123.8
semantic,0.9,0.0,10,27,15,7,129.3
semantic,0.9,0.0,10,28,15,7,132.6
semantic,0.9,0.0,10,29,15,7,125.3
semantic,0.9,0.0,10,30,16,7,121.7
semantic,0.9,0.0,10,31,16,7,101.4
semantic,0.9,0.0,10,32,15,7,90.9
semantic,0.9,0.0,10,33,15,7,93.6
semantic,0.9,0.0,10,34,15,7,91.4
semantic,0.9,0.0,10,35,15,7,90.2
semantic,0.9,0.0,10,36,15,7,85.0
semantic,0.9,0.0,10,37,15,7,80.2
semantic,0.9,0.0,10,38,12,6,60.7
semantic,0.9,0.0,10,39,11,6,61.9
semantic,0.9,0.0,10,40,12,7,60.4
semantic,0.9,0.0,10,41,8,3,59.4
semantic,0.9,0.0,10,42,8,3,63.9
semantic,0.9,0.0,10,43,8,3,65.7
semantic,0.9,0.0,10,44,8,3,68.1
semantic,0.9,0.0,10,45,8,3,69.6
semantic,0.9,0.0,10,46,8,3,72.6
semantic,0.9,0.0,10,47,8,3,75.0
semantic,0.9,0.0,10,48,9,4,77.4
semantic,0.9,0.0,10,49,10,5,83.5
semantic,0.9,0.0,10,50,10,5,86.2
semantic,0.9,0.0,10,51,10,5,86.5
semantic,0.9,0.0,10,52,10,5,88.6
semantic,0.9,0.0,10,53,10,5,88.6
semantic,0.9,0.0,10,54,10,5,88.6
semantic,0.9,0.0,10,55,10,5,86.2
semantic,0.9,0.0,10,56,11,5,91.1
semantic,0.9,0.0,10,57,12,5,93.5
semantic,0.9,0.0,10,58,11,5,86.5
semantic,0.9,0.0,10,59,12,6,86.7
semantic,0.9,0.0,10,60,12,6,85.2
semantic,0.9,0.0,10,61,12,6,85.5
semantic,0.9,0.0,10,62,14,7,99.5
semantic,0.9,0.0,10,63,14,7,105.9
semantic,0.9,0.0,10,64,14,7,102.9
semantic,0.9,0.0,10,65,14,7,102.3
semantic,0.9,0.0,10,66,14,7,104.4
semantic,0.9,0.0,10,67,15,7,102.3
semantic,0.9,0.0,10,68,15,7,105.6
semantic,0.9,0.0,10,69,10,4,65.1
semantic,0.9,0.0,10,70,10,4,65.1
semantic,0.9,0.0,10,71,10,4,69.3
semantic,0.9,0.0,10,72,11,5,65.5
semantic,0.9,0.0,10,73,11,5,70.0
semantic,0.9,0.0,10,74,11,5,74.2
semantic,0.9,0.0,10,75,10,5,67.9
semantic,0.9,0.0,10,76,11,5,71.5
semantic,0.9,0.0,10,77,12,6,71.4
semantic,0.9,0.0,10,78,10,4,69.0
semantic,0.9,0.0,10,79,10,4,66.6
semantic,0.9,0.0,10,80,10,4,72.3
semantic,0.9,0.0,10,81,10,4,74.1
semantic,0.9,0.0,10,82,10,4,70.5
semantic,0.9,0.0,10,83,11,5,81.4
semantic,0.9,0.0,10,84,11,5,84.7
semantic,0.9,0.0,10,85,11,5,87.4
semantic,0.9,0.0,10,86,11,5,88.0
semantic,0.9,0.0,10,87,12,6,98.0
semantic,0.9,0.0,10,88,12,6,98.9
semantic,0.9,0.0,10,89,12,6,98.3
semantic,0.9,0.0,10,90,12,6,100.1
semantic,0.9,0.0,10,91,12,6,100.1
semantic,0.9,0.0,10,92,12,6,101.3
semantic,0.9,0.0,10,93,12,6,102.5
semantic,0.9,0.0,10,94,12,6,101.3
semantic,0.9,0.0,10,95,13,6,104.4
semantic,0.9,0.0,10,96,13,6,106.8
semantic,0.9,0.0,10,97,13,6,103.8
semantic,0.9,0.0,10,98,14,7,114.3
semantic,0.9,0.0,10,99,14,7,110.7
semantic,0.9,0.0,10,100,14,7,111.6
semantic,0.9,0.0,10,101,14,7,107.4
semantic,0.9,0.0,10,102,14,7,107.5
semantic,0.9,0.0,10,103,14,7,99.9
semantic,0.9,0.0,10,104,14,7,103.0
semantic,0.9,0.0,10,105,14,7,106.0
semantic,0.9,0.0,10,106,13,7,96.5
semantic,0.9,0.0,10,107,13,7,99.8
semantic,0.9,0.0,10,108,13,7,95.6
semantic,0.9,0.0,10,109,13,7,97.7
semantic,0.9,0.0,10,110,14,7,103.8
semantic,0.9,0.0,10,111,11,5,75.1
semantic,0.9,0.0,10,112,11,5,76.3
semantic,0.9,0.0,10,113,11,5,77.8
semantic,0.9,0.0,10,114,10,4,76.5
semantic,0.9,0.0,10,115,10,4,74.7
semantic,0.9,0.0,10,116,10,4,77.1
semantic,0.9,0.0,10,117,10,4,75.6
semantic,0.9,0.0,10,118,10,4,78.6
semantic,0.9,0.0,10,119,11,5,83.8
semantic,0.9,0.0,10,120,11,5,99.0
semantic,0.9,0.0,10,121,11,5,99.6
semantic,0.9,0.0,10,122,11,5,103.2
semantic,0.9,0.0,10,123,12,6,113.5
semantic,0.9,0.0,10,124,12,6,114.7
semantic,0.9,0.0,10,125,13,6,117.5
semantic,0.9,0.0,10,126,13,6,117.5
semantic,0.9,0.0,10,127,13,6,114.2
semantic,0.9,0.0,10,128,12,5,99.6
semantic,0.9,0.0,10,129,12,5,102.0
semantic,0.9,0.0,10,130,12,5,93.5
semantic,0.9,0.0,10,131,11,5,85.3
semantic,0.9,0.0,10,132,11,5,87.1
semantic,0.9,0.0,10,133,10,4,76.8
semantic,0.9,0.0,10,134,10,4,77.4
semantic,0.9,0.0,10,135,10,4,76.8
semantic,0.9,0.0,10,136,10,4,78.3
semantic,0.9,0.0,10,137,10,4,72.6
semantic,0.9,0.0,10,138,11,5,76.6
semantic,0.9,0.0,10,139,12,5,79.4
semantic,0.9,0.0,10,140,13,6,89.7
semantic,0.9,0.0,10,141,14,6,92.2
semantic,0.9,0.0,10,142,14,6,97.6
semantic,0.9,0.0,10,143,15,7,102.0
semantic,0.9,0.0,10,144,15,7,99.4
semantic,0.9,0.0,10,145,15,7,100.6
semantic,0.9,0.0,10,146,15,7,103.3
semantic,0.9,0.0,10,147,15,7,104.2
semantic,0.9,0.0,10,148,14,7,104.5
semantic,0.9,0.0,10,149,14,7,98.8
semantic,0.9,0.0,10,150,14,7,100.6
semantic,0.9,0.0,11,0,0,0,0.0
semantic,0.9,0.0,11,1,5,2,21.6
semantic,0.9,0.0,11,2,6,3,31.8
semantic,0.9,0.0,11,3,8,3,39.3
semantic,0.9,0.0,11,4,8,3,46.8
semantic,0.9,0.0,11,5,8,3,53.7
semantic,0.9,0.0,11,6,8,3,57.3
semantic,0.9,0.0,11,7,9,4,60.6
semantic,0.9,0.0,11,8,9,4,65.4
semantic,0.9,0.0,11,9,9,4,68.7
semantic,0.9,0.0,11,10,9,4,71.7
semantic,0.9,0.0,11,11,10,4,74.1
semantic,0.9,0.0,11,12,10,4,76.8
semantic,0.9,0.0,11,13,10,4,80.4
semantic,0.9,0.0,11,14,10,4,82.8
semantic,0.9,0.0,11,15,11,5,98.3
semantic,0.9,0.0,11,16,11,5,100.4
semantic,0.9,0.0,11,17,11,5,102.5
semantic,0.9,0.0,11,18,11,5,103.7
semantic,0.9,0.0,11,19,11,5,105.2
semantic,0.9,0.0,11,20,11,5,112.8
semantic,0.9,0.0,11,21,12,5,113.5
semantic,0.9,0.0,11,22,12,5,115.0
semantic,0.9,0.0,11,23,12,5,122.9
semantic,0.9,0.0,11,24,12,5,136.1
semantic,0.9,0.0,11,25,12,5,125.8
semantic,0.9,0.0,11,26,13,5,124.0
semantic,0.9,0.0,11,27,13,5,125.3
semantic,0.9,0.0,11,28,13,5,127.2
semantic,0.9,0.0,11,29,13,5,129.9
semantic,0.9,0.0,11,30,13,5,129.0
semantic,0.9,0.0,11,31,13,5,122.4
semantic,0.9,0.0,11,32,13,5,121.5
semantic,0.9,0.0,11,33,13,5,107.8
semantic,0.9,0.0,11,34,13,5,89.3
semantic,0.9,0.0,11,35,14,6,100.9
semantic,0.9,0.0,11,36,14,6,91.1
semantic,0.9,0.0,11,37,13,6,98.2
semantic,0.9,0.0,11,38,13,6,78.4
semantic,0.9,0.0,11,39,13,6,59.9
semantic,0.9,0.0,11,40,9,4,54.6
semantic,0.9,0.0,11,41,9,4,59.7
semantic,0.9,0.0,11,42,9,4,62.7
semantic,0.9,0.0,11,43,9,4,63.9
semantic,0.9,0.0,11,44,9,4,65.4
semantic,0.9,0.0,11,45,10,4,67.8
semantic,0.9,0.0,11,46,10,4,70.2
semantic,0.9,0.0,11,47,10,4,74.7
semantic,0.9,0.0,11,48,10,4,76.2
semantic,0.9,0.0,11,49,10,4,78.9
semantic,0.9,0.0,11,50,11,5,89.2
semantic,0.9,0.0,11,51,11,5,91.6
semantic,0.9,0.0,11,52,12,5,95.4
semantic,0.9,0.0,11,53,12,5,103.6
semantic,0.9,0.0,11,54,13,6,107.7
semantic,0.9,0.0,11,55,14,6,110.1
semantic,0.9,0.0,11,56,14,6,111.9
semantic,0.9,0.0,11,57,14,6,117.7
semantic,0.9,0.0,11,58,14,6,118.0
semantic,0.9,0.0,11,59,14,6,117.7
semantic,0.9,0.0,11,60,14,6,121.7
semantic,0.9,0.0,11,61,14,6,123.3
semantic,0.9,0.0,11,62,14,6,126.7
semantic,0.9,0.0,11,63,14,6,130.2
semantic,0.9,0.0,11,64,14,6,124.8
semantic,0.9,0.0,11,65,14,6,120.6
semantic,0.9,0.0,11,66,14,6,122.0
semantic,0.9,0.0,11,67,14,6,121.4
semantic,0.9,0.0,11,68,14,6,105.4
semantic,0.9,0.0,11,69,13,6,102.4
semantic,0.9,0.0,11,70,13,6,102.4
semantic,0.9,0.0,11,71,13,6,88.8
semantic,0.9,0.0,11,72,13,6,77.9
semantic,0.9,0.0,11,73,13,6,75.4
semantic,0.9,0.0,11,74,13,6,86.0
semantic,0.9,0.0,11,75,13,6,72.7
semantic,0.9,0.0,11,76,13,6,75.7
semantic,0.9,0.0,11,77,13,6,80.2
semantic,0.9,0.0,11,78,9,4,69.6
semantic,0.9,0.0,11,79,9,4,71.4
semantic,0.9,0.0,11,80,9,4,74.4
semantic,0.9,0.0,11,81,9,4,77.7
semantic,0.9,0.0,11,82,10,4,80.4
semantic,0.9,0.0,11,83,10,4,81.6
semantic,0.9,0.0,11,84,10,4,84.3
semantic,0.9,0.0,11,85,10,4,87.0
semantic,0.9,0.0,11,86,10,4,89.4
semantic,0.9,0.0,11,87,10,4,89.1
semantic,0.9,0.0,11,88,11,5,91.9
semantic,0.9,0.0,11,89,11,5,95.0
semantic,0.9,0.0,11,90,11,5,90.4
semantic,0.9,0.0,11,91,11,5,90.1
semantic,0.9,0.0,11,92,12,5,97.1
semantic,0.9,0.0,11,93,12,5,101.3
semantic,0.9,0.0,11,94,11,5,104.0
semantic,0.9,0.0,11,95,11,5,102.5
semantic,0.9,0.0,11,96,11,5,101.0
semantic,0.9,0.0,11,97,12,5,102.6
semantic,0.9,0.0,11,98,12,5,99.6
semantic,0.9,0.0,11,99,12,5,98.4
semantic,0.9,0.0,11,100,13,6,102.4
semantic,0.9,0.0,11,101,14,7,110.8
semantic,0.9,0.0,11,102,14,7,111.7
semantic,0.9,0.0,11,103,14,7,115.0
semantic,0.9,0.0,11,104,14,7,102.9
semantic,0.9,0.0,11,105,14,7,104.4
semantic,0.9,0.0,11,106,14,7,108.7
semantic,0.9,0.0,11,107,14,7,106.0
semantic,0.9,0.0,11,108,12,5,80.3
semantic,0.9,0.0,11,109,11,5,73.6
semantic,0.9,0.0,11,110,11,5,76.9
semantic,0.9,0.0,11,111,11,5,75.4
semantic,0.9,0.0,11,112,10,4,69.9
semantic,0.9,0.0,11,113,10,4,71.1
semantic,0.9,0.0,11,114,10,4,72.6
semantic,0.9,0.0,11,115,11,5,78.7
semantic,0.9,0.0,11,116,11,5,82.3
semantic,0.9,0.0,11,117,11,5,83.5
semantic,0.9,0.0,11,118,11,5,85.9
semantic,0.9,0.0,11,119,11,5,87.4
semantic,0.9,0.0,11,120,11,5,90.1
semantic,0.9,0.0,11,121,11,5,92.2
semantic,0.9,0.0,11,122,11,5,91.9
semantic,0.9,0.0,11,123,11,5,92.8
semantic,0.9,0.0,11,124,11,5,95.5
semantic,0.9,0.0,11,125,11,5,94.3
semantic,0.9,0.0,11,126,11,5,91.9
semantic,0.9,0.0,11,127,11,5,90.7
semantic,0.9,0.0,11,128,11,5,91.3
semantic,0.9,0.0,11,129,11,5,94.9
semantic,0.9,0.0,11,130,10,5,92.2
semantic,0.9,0.0,11,131,11,5,92.8
semantic,0.9,0.0,11,132,11,5,90.7
semantic,0.9,0.0,11,133,11,5,86.5
semantic,0.9,0.0,11,134,11,5,83.2
semantic,0.9,0.0,11,135,10,4,78.9
semantic,0.9,0.0,11,136,10,4,73.5
semantic,0.9,0.0,11,137,10,4,69.6
semantic,0.9,0.0,11,138,10,4,72.0
semantic,0.9,0.0,11,139,10,4,70.8
semantic,0.9,0.0,11,140,10,4,72.0
semantic,0.9,0.0,11,141,10,4,73.2
semantic,0.9,0.0,11,142,11,5,77.2
semantic,0.9,0.0,11,143,11,5,78.7
semantic,0.9,0.0,11,144,12,5,82.6
semantic,0.9,0.0,11,145,13,5,91.4
semantic,0.9,0.0,11,146,13,5,89.0
semantic,0.9,0.0,11,147,13,5,84.5
semantic,0.9,0.0,11,148,13,5,87.5
semantic,0.9,0.0,11,149,14,6,91.6
semantic,0.9,0.0,11,150,14,6,89.5
semantic,0.9,0.0,12,0,0,0,0.0
semantic,0.9,0.0,12,1,4,1,18.9
semantic,0.9,0.0,12,2,4,1,32.4
semantic,0.9,0.0,12,3,6,3,43.2
semantic,0.9,0.0,12,4,7,3,49.2
semantic,0.9,0.0,12,5,7,3,54.0
semantic,0.9,0.0,12,6,7,3,57.6
semantic,0.9,0.0,12,7,7,3,62.1
semantic,0.9,0.0,12,8,7,3,65.7
semantic,0.9,0.0,12,9,8,4,68.4
semantic,0.9,0.0,12,10,8,4,70.2
semantic,0.9,0.0,12,11,8,4,74.4
semantic,0.9,0.0,12,12,8,4,75.9
semantic,0.9,0.0,12,13,8,4,77.7
semantic,0.9,0.0,12,14,10,5,86.8
semantic,0.9,0.0,12,15,11,5,86.6
semantic,0.9,0.0,12,16,11,5,88.1
semantic,0.9,0.0,12,17,11,5,90.0
semantic,0.9,0.0,12,18,11,5,91.2
semantic,0.9,0.0,12,19,11,5,94.0
semantic,0.9,0.0,12,20,12,5,97.6
semantic,0.9,0.0,12,21,12,5,105.8
semantic,0.9,0.0,12,22,12,5,105.5
semantic,0.9,0.0,12,23,13,6,120.1
semantic,0.9,0.0,12,24,13,6,121.6
semantic,0.9,0.0,12,25,13,6,115.9
semantic,0.9,0.0,12,26,14,6,117.9
semantic,0.9,0.0,12,27,14,6,116.1
semantic,0.9,0.0,12,28,14,6,115.2
semantic,0.9,0.0,12,29,14,6,112.0
semantic,0.9,0.0,12,30,14,6,110.8
semantic,0.9,0.0,12,31,14,6,103.6
semantic,0.9,0.0,12,32,14,6,92.0
semantic,0.9,0.0,12,33,14,6,95.6
semantic,0.9,0.0,12,34,14,6,98.3
semantic,0.9,0.0,12,35,13,6,92.0
semantic,0.9,0.0,12,36,13,6,82.2
semantic,0.9,0.0,12,37,13,6,78.6
semantic,0.9,0.0,12,38,13,6,78.3
semantic,0.9,0.0,12,39,13,6,83.4
semantic,0.9,0.0,12,40,13,6,80.1
semantic,0.9,0.0,12,41,10,4,66.3
semantic,0.9,0.0,12,42,10,4,67.5
semantic,0.9,0.0,12,43,10,4,69.0
semantic,0.9,0.0,12,44,10,4,70.8
semantic,0.9,0.0,12,45,10,4,74.1
semantic,0.9,0.0,12,46,11,5,77.5
semantic,0.9,0.0,12,47,11,5,80.5
semantic,0.9,0.0,12,48,11,5,78.1
semantic,0.9,0.0,12,49,11,5,79.9
semantic,0.9,0.0,12,50,11,5,80.5
semantic,0.9,0.0,12,51,12,6,85.8
semantic,0.9,0.0,12,52,12,6,85.5
semantic,0.9,0.0,12,53,13,6,90.7
semantic,0.9,0.0,12,54,13,6,94.0
semantic,0.9,0.0,12,55,12,6,87.3
semantic,0.9,0.0,12,56,13,6,88.9
semantic,0.9,0.0,12,57,13,6,90.4
semantic,0.9,0.0,12,58,13,6,94.0
semantic,0.9,0.0,12,59,13,6,94.6
semantic,0.9,0.0,12,60,13,6,96.1
semantic,0.9,0.0,12,61,13,6,93.7
semantic,0.9,0.0,12,62,13,6,92.5
semantic,0.9,0.0,12,63,12,6,79.8
semantic,0.9,0.0,12,64,12,6,78.6
semantic,0.9,0.0,12,65,12,6,73.2
semantic,0.9,0.0,12,66,12,6,71.1
semantic,0.9,0.0,12,67,10,4,69.0
semantic,0.9,0.0,12,68,10,4,71.1
semantic,0.9,0.0,12,69,10,4,74.1
semantic,0.9,0.0,12,70,11,5,76.3
semantic,0.9,0.0,12,71,11,5,73.3
semantic,0.9,0.0,12,72,11,5,70.6
semantic,0.9,0.0,12,73,11,5,73.6
semantic,0.9,0.0,12,74,11,5,73.0
semantic,0.9,0.0,12,75,11,5,73.0
semantic,0.9,0.0,12,76,11,5,71.8
semantic,0.9,0.0,12,77,12,6,75.3
semantic,0.9,0.0,12,78,12,6,76.8
semantic,0.9,0.0,12,79,12,6,75.6
semantic,0.9,0.0,12,80,12,6,77.4
semantic,0.9,0.0,12,81,12,6,79.2
semantic,0.9,0.0,12,82,12,6,79.8
semantic,0.9,0.0,12,83,12,6,84.6
semantic,0.9,0.0,12,84,13,6,98.6
semantic,0.9,0.0,12,85,13,6,104.1
semantic,0.9,0.0,12,86,13,6,105.6
semantic,0.9,0.0,12,87,13,6,108.3
semantic,0.9,0.0,12,88,13,6,99.8
semantic,0.9,0.0,12,89,14,6,105.9
semantic,0.9,0.0,12,90,14,6,105.6
semantic,0.9,0.0,12,91,14,6,105.0
semantic,0.9,0.0,12,92,15,6,105.0
semantic,0.9,0.0,12,93,15,6,113.2
semantic,0.9,0.0,12,94,15,6,111.7
semantic,0.9,0.0,12,95,15,6,110.8
semantic,0.9,0.0,12,96,12,6,89.6
semantic,0.9,0.0,12,97,12,6,89.9
semantic,0.9,0.0,12,98,12,6,92.3
semantic,0.9,0.0,12,99,12,6,94.7
semantic,0.9,0.0,12,100,10,4,78.3
semantic,0.9,0.0,12,101,10,4,77.4
semantic,0.9,0.0,12,102,10,5,78.4
semantic,0.9,0.0,12,103,10,5,79.3
semantic,0.9,0.0,12,104,11,5,74.8
semantic,0.9,0.0,12,105,11,5,79.3
semantic,0.9,0.0,12,106,11,5,74.5
semantic,0.9,0.0,12,107,11,5,71.2
semantic,0.9,0.0,12,108,11,5,83.6
semantic,0.9,0.0,12,109,11,5,84.8
semantic,0.9,0.0,12,110,11,5,82.7
semantic,0.9,0.0,12,111,11,5,84.8
semantic,0.9,0.0,12,112,11,5,88.7
semantic,0.9,0.0,12,113,11,5,81.7
semantic,0.9,0.0,12,114,12,5,85.4
semantic,0.9,0.0,12,115,12,5,80.9
semantic,0.9,0.0,12,116,12,5,94.2
semantic,0.9,0.0,12,117,12,5,96.6
semantic,0.9,0.0,12,118,13,6,106.6
semantic,0.9,0.0,12,119,13,6,106.3
semantic,0.9,0.0,12,120,12,5,87.8
semantic,0.9,0.0,12,121,12,5,88.4
semantic,0.9,0.0,12,122,12,5,91.1
semantic,0.9,0.0,12,123,12,5,92.4
semantic,0.9,0.0,12,124,12,5,89.0
semantic,0.9,0.0,12,125,12,5,91.1
semantic,0.9,0.0,12,126,12,5,90.8
semantic,0.9,0.0,12,127,12,5,89.6
semantic,0.9,0.0,12,128,12,5,92.6
semantic,0.9,0.0,12,129,12,5,91.1
semantic,0.9,0.0,12,130,10,4,75.6
semantic,0.9,0.0,12,131,10,4,75.3
semantic,0.9,0.0,12,132,10,4,78.9
semantic,0.9,0.0,12,133,10,4,78.6
semantic,0.9,0.0,12,134,10,4,74.1
semantic,0.9,0.0,12,135,10,4,75.9
semantic,0.9,0.0,12,136,10,4,78.0
semantic,0.9,0.0,12,137,10,4,75.9
semantic,0.9,0.0,12,138,10,4,79.5
semantic,0.9,0.0,12,139,10,4,74.1
semantic,0.9,0.0,12,140,10,4,75.9
semantic,0.9,0.0,12,141,9,4,67.8
semantic,0.9,0.0,12,142,10,4,68.1
semantic,0.9,0.0,12,143,10,4,71.7
semantic,0.9,0.0,12,144,9,4,67.8
semantic,0.9,0.0,12,145,9,4,71.7
semantic,0.9,0.0,12,146,9,4,73.2
semantic,0.9,0.0,12,147,9,4,70.8
semantic,0.9,0.0,12,148,9,4,69.0
semantic,0.9,0.0,12,149,11,5,76.3
semantic,0.9,0.0,12,150,11,5,78.7
semantic,0.9,0.0,13,0,0,0,0.0
semantic,0.9,0.0,13,1,4,1,23.4
semantic,0.9,0.0,13,2,6,3,33.6
semantic,0.9,0.0,13,3,6,3,42.0
semantic,0.9,0.0,13,4,7,3,48.0
semantic,0.9,0.0,13,5,7,3,51.3
semantic,0.9,0.0,13,6,7,3,55.5
semantic,0.9,0.0,13,7,8,4,58.2
semantic,0.9,0.0,13,8,8,4,60.9
semantic,0.9,0.0,13,9,8,4,62.7
semantic,0.9,0.0,13,10,10,5,66.1
semantic,0.9,0.0,13,11,10,5,69.7
semantic,0.9,0.0,13,12,10,5,72.7
semantic,0.9,0.0,13,13,10,5,74.8
semantic,0.9,0.0,13,14,10,5,78.1
semantic,0.9,0.0,13,15,11,5,88.8
semantic,0.9,0.0,13,16,12,6,106.1
semantic,0.9,0.0,13,17,12,6,108.2
semantic,0.9,0.0,13,18,13,6,111.0
semantic,0.9,0.0,13,19,13,6,120.1
semantic,0.9,0.0,13,20,13,6,121.6
semantic,0.9,0.0,13,21,13,6,124.1
semantic,0.9,0.0,13,22,13,6,125.3
semantic,0.9,0.0,13,23,13,6,124.7
semantic,0.9,0.0,13,24,14,6,128.8
semantic,0.9,0.0,13,25,14,6,129.1
semantic,0.9,0.0,13,26,14,6,141.8
semantic,0.9,0.0,13,27,14,6,133.0
semantic,0.9,0.0,13,28,14,6,125.5
semantic,0.9,0.0,13,29,14,6,130.0
semantic,0.9,0.0,13,30,14,6,119.7
semantic,0.9,0.0,13,31,14,6,117.9
semantic,0.9,0.0,13,32,14,6,115.8
semantic,0.9,0.0,13,33,14,6,103.4
semantic,0.9,0.0,13,34,13,6,93.9
semantic,0.9,0.0,13,35,13,6,87.8
semantic,0.9,0.0,13,36,12,5,64.4
semantic,0.9,0.0,13,37,9,4,56.4
semantic,0.9,0.0,13,38,9,4,55.8
semantic,0.9,0.0,13,39,8,3,48.6
semantic,0.9,0.0,13,40,8,3,53.1
semantic,0.9,0.0,13,41,8,3,56.1
semantic,0.9,0.0,13,42,8,3,59.7
semantic,0.9,0.0,13,43,8,3,62.1
semantic,0.9,0.0,13,44,9,4,66.0
semantic,0.9,0.0,13,45,11,6,73.5
semantic,0.9,0.0,13,46,11,6,76.8
semantic,0.9,0.0,13,47,13,6,85.3
semantic,0.9,0.0,13,48,13,6,85.6
semantic,0.9,0.0,13,49,13,6,87.7
semantic,0.9,0.0,13,50,13,6,89.8
semantic,0.9,0.0,13,51,13,6,91.3
semantic,0.9,0.0,13,52,9,4,81.6
semantic,0.9,0.0,13,53,9,4,81.3
semantic,0.9,0.0,13,54,10,4,84.6
semantic,0.9,0.0,13,55,10,4,86.4
semantic,0.9,0.0,13,56,11,5,89.2
semantic,0.9,0.0,13,57,11,5,91.3
semantic,0.9,0.0,13,58,11,5,88.0
semantic,0.9,0.0,13,59,11,5,89.8
semantic,0.9,0.0,13,60,11,5,88.9
semantic,0.9,0.0,13,61,11,5,91.3
semantic,0.9,0.0,13,62,11,5,88.3
semantic,0.9,0.0,13,63,11,5,89.2
semantic,0.9,0.0,13,64,11,5,88.0
semantic,0.9,0.0,13,65,11,5,88.3
semantic,0.9,0.0,13,66,11,5,86.8
semantic,0.9,0.0,13,67,11,5,84.1
semantic,0.9,0.0,13,68,11,5,82.0
semantic,0.9,0.0,13,69,11,5,77.5
semantic,0.9,0.0,13,70,12,5,79.4
semantic,0.9,0.0,13,71,12,5,76.4
semantic,0.9,0.0,13,72,12,5,68.9
semantic,0.9,0.0,13,73,12,5,77.1
semantic,0.9,0.0,13,74,11,5,78.2
semantic,0.9,0.0,13,75,11,5,72.8
semantic,0.9,0.0,13,76,10,5,63.1
semantic,0.9,0.0,13,77,10,5,67.9
semantic,0.9,0.0,13,78,11,5,71.2
semantic,0.9,0.0,13,79,11,5,75.1
semantic,0.9,0.0,13,80,9,4,71.1
semantic,0.9,0.0,13,81,9,4,72.0
semantic,0.9,0.0,13,82,9,4,73.8
semantic,0.9,0.0,13,83,9,4,76.2
semantic,0.9,0.0,13,84,9,4,74.4
semantic,0.9,0.0,13,85,9,4,75.9
semantic,0.9,0.0,13,86,9,4,75.3
semantic,0.9,0.0,13,87,9,4,78.3
semantic,0.9,0.0,13,88,9,4,79.2
semantic,0.9,0.0,13,89,9,4,81.0
semantic,0.9,0.0,13,90,9,4,82.8
semantic,0.9,0.0,13,91,10,4,85.5
semantic,0.9,0.0,13,92,10,4,84.3
semantic,0.9,0.0,13,93,9,4,79.5
semantic,0.9,0.0,13,94,10,4,79.2
semantic,0.9,0.0,13,95,10,4,78.9
semantic,0.9,0.0,13,96,10,4,82.2
semantic,0.9,0.0,13,97,10,4,78.9
semantic,0.9,0.0,13,98,10,4,80.7
semantic,0.9,0.0,13,99,10,4,80.7
semantic,0.9,0.0,13,100,10,4,77.1
semantic,0.9,0.0,13,101,11,5,73.0
semantic,0.9,0.0,13,102,11,5,75.4
semantic,0.9,0.0,13,103,11,5,73.9
semantic,0.9,0.0,13,104,11,5,78.0
semantic,0.9,0.0,13,105,12,6,77.1
semantic,0.9,0.0,13,106,12,6,77.1
semantic,0.9,0.0,13,107,12,6,76.5
semantic,0.9,0.0,13,108,13,6,74.6
semantic,0.9,0.0,13,109,13,6,75.2
semantic,0.9,0.0,13,110,14,6,84.0
semantic,0.9,0.0,13,111,14,6,81.2
semantic,0.9,0.0,13,112,13,6,81.5
semantic,0.9,0.0,13,113,14,6,83.0
semantic,0.9,0.0,13,114,14,6,85.5
semantic,0.9,0.0,13,115,14,6,92.2
semantic,0.9,0.0,13,116,13,6,92.2
semantic,0.9,0.0,13,117,13,6,99.7
semantic,0.9,0.0,13,118,13,6,103.3
semantic,0.9,0.0,13,119,13,6,109.4
semantic,0.9,0.0,13,120,14,6,121.8
semantic,0.9,0.0,13,121,14,6,121.5
semantic,0.9,0.0,13,122,14,6,120.9
semantic,0.9,0.0,13,123,15,6,120.9
semantic,0.9,0.0,13,124,15,6,123.9
semantic,0.9,0.0,13,125,14,6,101.7
semantic,0.9,0.0,13,126,14,6,104.7
semantic,0.9,0.0,13,127,14,6,103.8
semantic,0.9,0.0,13,128,13,6,99.0
semantic,0.9,0.0,13,129,13,6,94.2
semantic,0.9,0.0,13,130,13,6,97.0
semantic,0.9,0.0,13,131,13,6,91.6
semantic,0.9,0.0,13,132,13,6,90.9
semantic,0.9,0.0,13,133,13,6,91.5
semantic,0.9,0.0,13,134,11,5,76.9
semantic,0.9,0.0,13,135,11,5,69.7
semantic,0.9,0.0,13,136,12,5,81.2
semantic,0.9,0.0,13,137,12,5,87.3
semantic,0.9,0.0,13,138,13,6,98.8
semantic,0.9,0.0,13,139,13,6,96.7
semantic,0.9,0.0,13,140,13,6,100.0
semantic,0.9,0.0,13,141,13,6,95.8
semantic,0.9,0.0,13,142,11,5,80.5
semantic,0.9,0.0,13,143,10,5,79.0
semantic,0.9,0.0,13,144,11,5,79.7
semantic,0.9,0.0,13,145,11,5,79.7
semantic,0.9,0.0,13,146,11,5,80.6
semantic,0.9,0.0,13,147,12,5,82.7
semantic,0.9,0.0,13,148,12,5,88.5
semantic,0.9,0.0,13,149,12,5,91.8
semantic,0.9,0.0,13,150,12,5,84.2
semantic,0.9,0.0,14,0,0,0,0.0
semantic,0.9,0.0,14,1,4,1,20.4
semantic,0.9,0.0,14,2,6,3,32.4
semantic,0.9,0.0,14,3,7,3,40.8
semantic,0.9,0.0,14,4,7,3,48.0
semantic,0.9,0.0,14,5,7,3,53.1
semantic,0.9,0.0,14,6,7,3,57.9
semantic,0.9,0.0,14,7,7,3,61.2
semantic,0.9,0.0,14,8,8,3,65.7
semantic,0.9,0.0,14,9,8,3,67.8
semantic,0.9,0.0,14,10,8,3,70.2
semantic,0.9,0.0,14,11,9,4,72.9
semantic,0.9,0.0,14,12,9,4,74.4
semantic,0.9,0.0,14,13,9,4,75.9
semantic,0.9,0.0,14,14,9,4,75.9
semantic,0.9,0.0,14,15,9,4,79.5
semantic,0.9,0.0,14,16,10,4,81.0
semantic,0.9,0.0,14,17,10,4,81.9
semantic,0.9,0.0,14,18,10,4,84.6
semantic,0.9,0.0,14,19,10,4,85.8
semantic,0.9,0.0,14,20,10,4,86.7
semantic,0.9,0.0,14,21,10,4,86.4
semantic,0.9,0.0,14,22,11,5,92.8
semantic,0.9,0.0,14,23,11,5,93.4
semantic,0.9,0.0,14,24,11,5,95.8
semantic,0.9,0.0,14,25,11,5,96.7
semantic,0.9,0.0,14,26,12,6,102.8
semantic,0.9,0.0,14,27,12,6,102.8
semantic,0.9,0.0,14,28,12,6,102.8
semantic,0.9,0.0,14,29,12,6,105.0
semantic,0.9,0.0,14,30,12,6,115.6
semantic,0.9,0.0,14,31,13,6,105.4
semantic,0.9,0.0,14,32,13,6,100.6
semantic,0.9,0.0,14,33,13,6,95.5
semantic,0.9,0.0,14,34,14,6,88.5
semantic,0.9,0.0,14,35,11,5,60.7
semantic,0.9,0.0,14,36,11,5,61.9
semantic,0.9,0.0,14,37,12,5,70.1
semantic,0.9,0.0,14,38,12,5,71.4
semantic,0.9,0.0,14,39,11,5,61.0
semantic,0.9,0.0,14,40,11,5,63.1
semantic,0.9,0.0,14,41,11,5,68.5
semantic,0.9,0.0,14,42,11,5,69.4
semantic,0.9,0.0,14,43,11,5,73.0
semantic,0.9,0.0,14,44,11,5,76.3
semantic,0.9,0.0,14,45,11,5,79.3
semantic,0.9,0.0,14,46,11,5,80.8
semantic,0.9,0.0,14,47,11,5,82.0
semantic,0.9,0.0,14,48,11,5,83.2
semantic,0.9,0.0,14,49,11,5,83.6
semantic,0.9,0.0,14,50,11,5,85.4
semantic,0.9,0.0,14,51,11,5,88.7
semantic,0.9,0.0,14,52,11,5,90.2
semantic,0.9,0.0,14,53,11,5,89.6
semantic,0.9,0.0,14,54,11,5,93.2
semantic,0.9,0.0,14,55,12,6,92.6
semantic,0.9,0.0,14,56,12,6,90.2
semantic,0.9,0.0,14,57,12,6,93.2
semantic,0.9,0.0,14,58,13,7,95.0
semantic,0.9,0.0,14,59,13,7,95.0
semantic,0.9,0.0,14,60,13,7,97.7
semantic,0.9,0.0,14,61,11,5,93.2
semantic,0.9,0.0,14,62,11,5,95.6
semantic,0.9,0.0,14,63,12,5,96.3
semantic,0.9,0.0,14,64,12,5,92.4
semantic,0.9,0.0,14,65,12,5,92.7
semantic,0.9,0.0,14,66,12,5,89.2
semantic,0.9,0.0,14,67,12,5,84.9
semantic,0.9,0.0,14,68,13,6,87.9
semantic,0.9,0.0,14,69,14,6,82.4
semantic,0.9,0.0,14,70,11,5,68.8
semantic,0.9,0.0,14,71,11,5,74.5
semantic,0.9,0.0,14,72,10,5,73.0
semantic,0.9,0.0,14,73,11,6,79.4
semantic,0.9,0.0,14,74,11,6,82.1
semantic,0.9,0.0,14,75,11,6,81.2
semantic,0.9,0.0,14,76,11,6,78.2
semantic,0.9,0.0,14,77,11,6,77.6
semantic,0.9,0.0,14,78,11,6,82.7
semantic,0.9,0.0,14,79,11,6,84.8
semantic,0.9,0.0,14,80,11,6,87.2
semantic,0.9,0.0,14,81,11,6,84.2
semantic,0.9,0.0,14,82,8,3,71.1
semantic,0.9,0.0,14,83,9,4,75.3
semantic,0.9,0.0,14,84,9,4,74.1
semantic,0.9,0.0,14,85,9,4,75.6
semantic,0.9,0.0,14,86,10,4,77.4
semantic,0.9,0.0,14,87,10,4,81.0
semantic,0.9,0.0,14,88,9,4,78.3
semantic,0.9,0.0,14,89,10,4,81.0
semantic,0.9,0.0,14,90,10,4,82.8
semantic,0.9,0.0,14,91,10,4,85.8
semantic,0.9,0.0,14,92,10,4,82.2
semantic,0.9,0.0,14,93,9,4,78.9
semantic,0.9,0.0,14,94,10,4,79.2
semantic,0.9,0.0,14,95,10,4,76.2
semantic,0.9,0.0,14,96,10,4,77.7
semantic,0.9,0.0,14,97,10,4,78.3
semantic,0.9,0.0,14,98,10,4,75.6
semantic,0.9,0.0,14,99,10,4,75.9
semantic,0.9,0.0,14,100,10,4,78.6
semantic,0.9,0.0,14,101,11,5,78.1
semantic,0.9,0.0,14,102,11,5,74.2
semantic,0.9,0.0,14,103,12,5,81.8
semantic,0.9,0.0,14,104,10,4,73.2
semantic,0.9,0.0,14,105,10,4,76.5
semantic,0.9,0.0,14,106,11,5,87.4
semantic,0.9,0.0,14,107,12,5,87.5
semantic,0.9,0.0,14,108,11,5,79.9
semantic,0.9,0.0,14,109,11,5,79.6
semantic,0.9,0.0,14,110,11,5,87.8
semantic,0.9,0.0,14,111,11,5,89.6
semantic,0.9,0.0,14,112,11,5,91.4
semantic,0.9,0.0,14,113,12,5,84.8
semantic,0.9,0.0,14,114,12,5,85.7
semantic,0.9,0.0,14,115,12,5,86.0
semantic,0.9,0.0,14,116,12,5,86.6
semantic,0.9,0.0,14,117,12,5,87.2
semantic,0.9,0.0,14,118,12,5,88.4
semantic,0.9,0.0,14,119,11,5,86.2
semantic,0.9,0.0,14,120,11,5,85.9
semantic,0.9,0.0,14,121,12,5,95.7
semantic,0.9,0.0,14,122,12,5,96.3
semantic,0.9,0.0,14,123,12,5,92.1
semantic,0.9,0.0,14,124,12,5,94.9
semantic,0.9,0.0,14,125,12,5,98.5
semantic,0.9,0.0,14,126,12,5,99.4
semantic,0.9,0.0,14,127,12,5,92.0
semantic,0.9,0.0,14,128,12,5,95.0
semantic,0.9,0.0,14,129,12,5,94.4
semantic,0.9,0.0,14,130,12,5,91.8
semantic,0.9,0.0,14,131,11,5,82.3
semantic,0.9,0.0,14,132,11,5,80.8
semantic,0.9,0.0,14,133,11,5,81.7
semantic,0.9,0.0,14,134,10,4,74.1
semantic,0.9,0.0,14,135,10,4,73.8
semantic,0.9,0.0,14,136,11,5,77.8
semantic,0.9,0.0,14,137,11,5,81.7
semantic,0.9,0.0,14,138,11,5,81.7
semantic,0.9,0.0,14,139,11,5,84.1
semantic,0.9,0.0,14,140,11,5,85.9
semantic,0.9,0.0,14,141,11,5,79.1
semantic,0.9,0.0,14,142,11,5,79.4
semantic,0.9,0.0,14,143,11,5,78.5
semantic,0.9,0.0,14,144,11,5,76.4
semantic,0.9,0.0,14,145,11,5,73.1
semantic,0.9,0.0,14,146,11,5,77.9
semantic,0.9,0.0,14,147,11,5,88.5
semantic,0.9,0.0,14,148,11,5,90.9
semantic,0.9,0.0,14,149,11,5,88.8
semantic,0.9,0.0,14,150,12,5,91.8
semantic,0.9,0.0,15,0,0,0,0.0
semantic,0.9,0.0,15,1,4,1,17.7
semantic,0.9,0.0,15,2,5,2,30.6
semantic,0.9,0.0,15,3,6,3,39.3
semantic,0.9,0.0,15,4,7,3,45.3
semantic,0.9,0.0,15,5,7,3,51.9
semantic,0.9,0.0,15,6,7,3,55.8
semantic,0.9,0.0,15,7,8,3,59.7
semantic,0.9,0.0,15,8,8,3,63.6
semantic,0.9,0.0,15,9,8,3,66.3
semantic,0.9,0.0,15,10,9,4,70.2
semantic,0.9,0.0,15,11,9,4,71.4
semantic,0.9,0.0,15,12,10,4,75.6
semantic,0.9,0.0,15,13,10,4,78.3
semantic,0.9,0.0,15,14,10,4,80.4
semantic,0.9,0.0,15,15,10,4,82.2
semantic,0.9,0.0,15,16,10,4,85.2
semantic,0.9,0.0,15,17,10,4,85.5
semantic,0.9,0.0,15,18,10,4,87.6
semantic,0.9,0.0,15,19,10,4,91.5
semantic,0.9,0.0,15,20,10,4,93.6
semantic,0.9,0.0,15,21,10,4,94.8
semantic,0.9,0.0,15,22,10,4,96.3
semantic,0.9,0.0,15,23,10,4,97.2
semantic,0.9,0.0,15,24,11,5,97.0
semantic,0.9,0.0,15,25,12,5,105.0
semantic,0.9,0.0,15,26,12,5,105.3
semantic,0.9,0.0,15,27,12,5,105.9
semantic,0.9,0.0,15,28,11,5,94.9
semantic,0.9,0.0,15,29,12,5,96.8
semantic,0.9,0.0,15,30,12,5,94.4
semantic,0.9,0.0,15,31,12,5,89.3
semantic,0.9,0.0,15,32,12,5,90.8
semantic,0.9,0.0,15,33,12,5,83.9
semantic,0.9,0.0,15,34,12,5,79.1
semantic,0.9,0.0,15,35,12,5,79.4
semantic,0.9,0.0,15,36,12,5,79.1
semantic,0.9,0.0,15,37,12,5,67.4
semantic,0.9,0.0,15,38,12,5,69.8
semantic,0.9,0.0,15,39,12,5,73.4
semantic,0.9,0.0,15,40,10,4,64.2
semantic,0.9,0.0,15,41,12,6,82.1
semantic,0.9,0.0,15,42,12,6,81.5
semantic,0.9,0.0,15,43,12,6,81.2
semantic,0.9,0.0,15,44,13,6,84.3
semantic,0.9,0.0,15,45,13,6,87.9
semantic,0.9,0.0,15,46,13,6,89.1
semantic,0.9,0.0,15,47,13,6,92.4
semantic,0.9,0.0,15,48,13,6,92.7
semantic,0.9,0.0,15,49,13,6,94.8
semantic,0.9,0.0,15,50,13,6,93.6
semantic,0.9,0.0,15,51,13,6,96.0
semantic,0.9,0.0,15,52,11,5,82.3
semantic,0.9,0.0,15,53,11,5,84.1
semantic,0.9,0.0,15,54,11,5,83.8
semantic,0.9,0.0,15,55,11,5,85.9
semantic,0.9,0.0,15,56,11,5,84.7
semantic,0.9,0.0,15,57,10,4,82.2
semantic,0.9,0.0,15,58,10,4,81.0
semantic,0.9,0.0,15,59,11,5,81.1
semantic,0.9,0.0,15,60,11,5,79.9
semantic,0.9,0.0,15,61,11,5,78.7
semantic,0.9,0.0,15,62,12,5,85.4
semantic,0.9,0.0,15,63,12,5,85.7
semantic,0.9,0.0,15,64,12,5,85.1
semantic,0.9,0.0,15,65,12,5,86.0
semantic,0.9,0.0,15,66,12,5,82.1
semantic,0.9,0.0,15,67,12,5,85.1
semantic,0.9,0.0,15,68,12,5,81.2
semantic,0.9,0.0,15,69,12,5,77.9
semantic,0.9,0.0,15,70,12,5,72.8
semantic,0.9,0.0,15,71,12,5,74.0
semantic,0.9,0.0,15,72,12,5,75.8
semantic,0.9,0.0,15,73,9,4,66.9
semantic,0.9,0.0,15,74,9,4,67.2
semantic,0.9,0.0,15,75,9,4,64.8
semantic,0.9,0.0,15,76,10,4,62.4
semantic,0.9,0.0,15,77,9,4,61.5
semantic,0.9,0.0,15,78,9,4,64.5
semantic,0.9,0.0,15,79,9,4,63.9
semantic,0.9,0.0,15,80,9,4,65.7
semantic,0.9,0.0,15,81,10,4,70.2
semantic,0.9,0.0,15,82,10,4,75.0
semantic,0.9,0.0,15,83,11,5,84.7
semantic,0.9,0.0,15,84,11,5,85.9
semantic,0.9,0.0,15,85,11,5,88.3
semantic,0.9,0.0,15,86,11,5,88.0
semantic,0.9,0.0,15,87,12,5,90.8
semantic,0.9,0.0,15,88,12,5,93.8
semantic,0.9,0.0,15,89,10,4,83.1
semantic,0.9,0.0,15,90,10,4,84.6
semantic,0.9,0.0,15,91,10,4,87.3
semantic,0.9,0.0,15,92,10,4,85.5
semantic,0.9,0.0,15,93,10,4,84.6
semantic,0.9,0.0,15,94,10,4,85.2
semantic,0.9,0.0,15,95,11,5,80.4
semantic,0.9,0.0,15,96,11,5,85.2
semantic,0.9,0.0,15,97,11,5,79.3
semantic,0.9,0.0,15,98,11,5,83.2
semantic,0.9,0.0,15,99,11,5,79.0
semantic,0.9,0.0,15,100,11,5,73.0
semantic,0.9,0.0,15,101,10,4,70.5
semantic,0.9,0.0,15,102,10,4,73.2
semantic,0.9,0.0,15,103,10,4,72.0
semantic,0.9,0.0,15,104,10,4,75.6
semantic,0.9,0.0,15,105,10,4,73.5
semantic,0.9,0.0,15,106,10,4,76.8
semantic,0.9,0.0,15,107,11,5,78.4
semantic,0.9,0.0,15,108,11,5,71.5
semantic,0.9,0.0,15,109,12,5,72.5
semantic,0.9,0.0,15,110,11,5,72.3
semantic,0.9,0.0,15,111,11,5,72.9
semantic,0.9,0.0,15,112,12,6,87.2
semantic,0.9,0.0,15,113,10,5,69.5
semantic,0.9,0.0,15,114,11,5,76.7
semantic,0.9,0.0,15,115,12,5,82.4
semantic,0.9,0.0,15,116,11,5,81.4
semantic,0.9,0.0,15,117,11,5,84.4
semantic,0.9,0.0,15,118,11,6,91.7
semantic,0.9,0.0,15,119,11,6,91.1
semantic,0.9,0.0,15,120,11,6,92.0
semantic,0.9,0.0,15,121,12,6,94.2
semantic,0.9,0.0,15,122,12,6,94.8
semantic,0.9,0.0,15,123,12,6,97.5
semantic,0.9,0.0,15,124,12,6,99.3
semantic,0.9,0.0,15,125,12,6,98.4
semantic,0.9,0.0,15,126,12,6,101.1
semantic,0.9,0.0,15,127,12,6,99.0
semantic,0.9,0.0,15,128,12,6,97.9
semantic,0.9,0.0,15,129,13,6,94.2
semantic,0.9,0.0,15,130,15,7,100.7
semantic,0.9,0.0,15,131,15,7,101.9
semantic,0.9,0.0,15,132,15,7,101.9
semantic,0.9,0.0,15,133,15,7,101.0
semantic,0.9,0.0,15,134,15,7,98.3
semantic,0.9,0.0,15,135,13,7,94.1
semantic,0.9,0.0,15,136,13,7,97.1
semantic,0.9,0.0,15,137,14,8,110.0
semantic,0.9,0.0,15,138,14,8,108.2
semantic,0.9,0.0,15,139,13,8,110.6
semantic,0.9,0.0,15,140,13,8,111.5
semantic,0.9,0.0,15,141,13,8,113.3
semantic,0.9,0.0,15,142,14,8,116.6
semantic,0.9,0.0,15,143,14,8,118.4
semantic,0.9,0.0,15,144,14,8,118.1
semantic,0.9,0.0,15,145,14,8,117.2
semantic,0.9,0.0,15,146,14,8,119.9
semantic,0.9,0.0,15,147,14,8,115.7
semantic,0.9,0.0,15,148,10,4,74.4
semantic,0.9,0.0,15,149,10,4,77.4
semantic,0.9,0.0,15,150,10,4,75.0
sem+soc,0.9,0.9,0,0,0,0,0.0
sem+soc,0.9,0.9,0,1,5,2,68.4
sem+soc,0.9,0.9,0,2,6,3,90.0
sem+soc,0.9,0.9,0,3,6,3,90.0
sem+soc,0.9,0.9,0,4,6,3,90.0
sem+soc,0.9,0.9,0,5,6,3,90.0
sem+soc,0.9,0.9,0,6,6,3,90.0
sem+soc,0.9,0.9,0,7,6,3,90.0
sem+soc,0.9,0.9,0,8,6,3,90.0
sem+soc,0.9,0.9,0,9,6,3,90.0
sem+soc,0.9,0.9,0,10,6,3,90.0
sem+soc,0.9,0.9,0,11,6,3,90.0
sem+soc,0.9,0.9,0,12,6,3,90.0
sem+soc,0.9,0.9,0,13,6,3,90.0
sem+soc,0.9,0.9,0,14,6,3,90.0
sem+soc,0.9,0.9,0,15,6,3,90.0
sem+soc,0.9,0.9,0,16,7,3,105.0
sem+soc,0.9,0.9,0,17,7,3,105.0
sem+soc,0.9,0.9,0,18,8,3,115.5
sem+soc,0.9,0.9,0,19,8,3,117.6
sem+soc,0.9,0.9,0,20,9,4,130.5
sem+soc,0.9,0.9,0,21,9,4,132.0
sem+soc,0.9,0.9,0,22,9,4,135.0
sem+soc,0.9,0.9,0,23,9,4,132.3
sem+soc,0.9,0.9,0,24,9,4,135.0
sem+soc,0.9,0.9,0,25,9,4,135.0
sem+soc,0.9,0.9,0,26,9,4,132.3
sem+soc,0.9,0.9,0,27,9,4,132.0
sem+soc,0.9,0.9,0,28,9,4,121.5
sem+soc,0.9,0.9,0,29,9,4,124.2
sem+soc,0.9,0.9,0,30,9,4,126.3
sem+soc,0.9,0.9,0,31,9,4,126.9
sem+soc,0.9,0.9,0,32,9,4,132.0
sem+soc,0.9,0.9,0,33,9,4,124.2
sem+soc,0.9,0.9,0,34,9,4,121.2
sem+soc,0.9,0.9,0,35,9,4,130.8
sem+soc,0.9,0.9,0,36,9,4,129.6
sem+soc,0.9,0.9,0,37,9,4,126.3
sem+soc,0.9,0.9,0,38,9,4,126.6
sem+soc,0.9,0.9,0,39,9,4,123.9
sem+soc,0.9,0.9,0,40,10,5,141.6
sem+soc,0.9,0.9,0,41,10,5,143.1
sem+soc,0.9,0.9,0,42,10,5,140.7
sem+soc,0.9,0.9,0,43,10,5,148.8
sem+soc,0.9,0.9,0,44,10,5,150.0
sem+soc,0.9,0.9,0,45,10,5,150.0
sem+soc,0.9,0.9,0,46,10,5,150.0
sem+soc,0.9,0.9,0,47,10,5,150.0
sem+soc,0.9,0.9,0,48,10,5,150.0
sem+soc,0.9,0.9,0,49,10,5,150.0
sem+soc,0.9,0.9,0,50,10,5,150.0
sem+soc,0.9,0.9,0,51,10,5,147.0
sem+soc,0.9,0.9,0,52,10,5,150.0
sem+soc,0.9,0.9,0,53,10,5,141.0
sem+soc,0.9,0.9,0,54,10,5,149.1
sem+soc,0.9,0.9,0,55,10,5,141.0
sem+soc,0.9,0.9,0,56,10,5,149.1
sem+soc,0.9,0.9,0,57,10,5,147.0
sem+soc,0.9,0.9,0,58,10,5,138.0
sem+soc,0.9,0.9,0,59,10,5,136.2
sem+soc,0.9,0.9,0,60,10,5,146.1
sem+soc,0.9,0.9,0,61,10,5,144.0
sem+soc,0.9,0.9,0,62,10,5,137.4
sem+soc,0.9,0.9,0,63,10,5,145.2
sem+soc,0.9,0.9,0,64,11,5,157.8
sem+soc,0.9,0.9,0,65,12,5,211.5
sem+soc,0.9,0.9,0,66,12,5,219.4
sem+soc,0.9,0.9,0,67,12,5,228.1
sem+soc,0.9,0.9,0,68,13,6,248.4
sem+soc,0.9,0.9,0,69,14,7,416.4
sem+soc,0.9,0.9,0,70,15,7,842.7
sem+soc,0.9,0.9,0,71,15,7,871.2
sem+soc,0.9,0.9,0,72,15,7,853.7
sem+soc,0.9,0.9,0,73,15,7,801.2
sem+soc,0.9,0.9,0,74,17,7,1611.2
sem+soc,0.9,0.9,0,75,18,7,1908.4
sem+soc,0.9,0.9,0,76,18,7,1976.3
sem+soc,0.9,0.9,0,77,18,7,1967.9
sem+soc,0.9,0.9,0,78,19,7,2420.0
sem+soc,0.9,0.9,0,79,19,7,2394.4
sem+soc,0.9,0.9,0,80,20,8,2867.9
sem+soc,0.9,0.9,0,81,20,8,2956.5
sem+soc,0.9,0.9,0,82,20,8,2891.8
sem+soc,0.9,0.9,0,83,21,8,3043.1
sem+soc,0.9,0.9,0,84,23,8,4388.2
sem+soc,0.9,0.9,0,85,23,8,4362.8
sem+soc,0.9,0.9,0,86,24,8,4676.3
sem+soc,0.9,0.9,0,87,24,8,5080.7
sem+soc,0.9,0.9,0,88,25,8,5303.8
sem+soc,0.9,0.9,0,89,25,8,5448.4
sem+soc,0.9,0.9,0,90,26,8,6157.4
sem+soc,0.9,0.9,0,91,26,8,6267.2
sem+soc,0.9,0.9,0,92,26,8,6532.7
sem+soc,0.9,0.9,0,93,27,8,7026.7
sem+soc,0.9,0.9,0,94,28,8,7374.0
sem+soc,0.9,0.9,0,95,28,8,7570.3
sem+soc,0.9,0.9,0,96,28,8,7618.5
sem+soc,0.9,0.9,0,97,28,8,7316.9
sem+soc,0.9,0.9,0,98,28,8,7085.8
sem+soc,0.9,0.9,0,99,29,8,6796.1
sem+soc,0.9,0.9,0,100,29,8,7791.1
sem+soc,0.9,0.9,0,101,29,8,7599.1
sem+soc,0.9,0.9,0,102,29,8,7921.1
sem+soc,0.9,0.9,0,103,29,8,8073.8
sem+soc,0.9,0.9,0,104,29,8,8497.8
sem+soc,0.9,0.9,0,105,29,8,8187.4
sem+soc,0.9,0.9,0,106,29,8,7945.4
sem+soc,0.9,0.9,0,107,29,8,7789.2
sem+soc,0.9,0.9,0,108,29,8,8056.4
sem+soc,0.9,0.9,0,109,29,8,7999.1
sem+soc,0.9,0.9,0,110,29,8,8193.6
sem+soc,0.9,0.9,0,111,29,8,8438.8
sem+soc,0.9,0.9,0,112,29,8,8195.1
sem+soc,0.9,0.9,0,113,30,8,8727.3
sem+soc,0.9,0.9,0,114,30,8,8567.0
sem+soc,0.9,0.9,0,115,30,8,8859.2
sem+soc,0.9,0.9,0,116,30,8,9014.4
sem+soc,0.9,0.9,0,117,30,8,8723.2
sem+soc,0.9,0.9,0,118,30,8,8513.4
sem+soc,0.9,0.9,0,119,30,8,8224.6
sem+soc,0.9,0.9,0,120,30,8,8650.7
sem+soc,0.9,0.9,0,121,30,8,8722.8
sem+soc,0.9,0.9,0,122,30,8,9069.0
sem+soc,0.9,0.9,0,123,30,8,9330.5
sem+soc,0.9,0.9,0,124,30,8,9502.7
sem+soc,0.9,0.9,0,125,30,8,9368.8
sem+soc,0.9,0.9,0,126,30,8,8988.5
sem+soc,0.9,0.9,0,127,30,8,8667.6
sem+soc,0.9,0.9,0,128,30,8,8892.4
sem+soc,0.9,0.9,0,129,31,8,9022.1
sem+soc,0.9,0.9,0,130,31,8,9097.0
sem+soc,0.9,0.9,0,131,31,8,9086.2
sem+soc,0.9,0.9,0,132,31,8,8852.2
sem+soc,0.9,0.9,0,133,31,8,8662.1
sem+soc,0.9,0.9,0,134,31,8,7938.4
sem+soc,0.9,0.9,0,135,31,8,7983.8
sem+soc,0.9,0.9,0,136,31,8,7921.8
sem+soc,0.9,0.9,0,137,31,8,8391.1
sem+soc,0.9,0.9,0,138,31,8,8999.5
sem+soc,0.9,0.9,0,139,31,8,8550.6
sem+soc,0.9,0.9,0,140,31,8,8541.2
sem+soc,0.9,0.9,0,141,31,8,8710.4
sem+soc,0.9,0.9,0,142,31,8,9131.8
sem+soc,0.9,0.9,0,143,31,8,9223.0
sem+soc,0.9,0.9,0,144,31,8,9331.0
sem+soc,0.9,0.9,0,145,31,8,9043.7
sem+soc,0.9,0.9,0,146,31,8,8567.8
sem+soc,0.9,0.9,0,147,31,8,8306.5
sem+soc,0.9,0.9,0,148,32,8,8639.6
sem+soc,0.9,0.9,0,149,32,8,8891.6
sem+soc,0.9,0.9,0,150,32,8,9127.9
sem+soc,0.9,0.9,1,0,0,0,0.0
sem+soc,0.9,0.9,1,1,3,1,41.7
sem+soc,0.9,0.9,1,2,6,2,80.4
sem+soc,0.9,0.9,1,3,6,2,90.0
sem+soc,0.9,0.9,1,4,7,3,104.7
sem+soc,0.9,0.9,1,5,7,3,105.0
sem+soc,0.9,0.9,1,6,8,3,110.7
sem+soc,0.9,0.9,1,7,8,3,120.0
sem+soc,0.9,0.9,1,8,8,3,120.0
sem+soc,0.9,0.9,1,9,8,3,120.0
sem+soc,0.9,0.9,1,10,9,4,129.3
sem+soc,0.9,0.9,1,11,9,4,135.0
sem+soc,0.9,0.9,1,12,9,4,135.0
sem+soc,0.9,0.9,1,13,9,4,135.0
sem+soc,0.9,0.9,1,14,9,4,135.0
sem+soc,0.9,0.9,1,15,9,4,135.0
sem+soc,0.9,0.9,1,16,9,4,135.0
sem+soc,0.9,0.9,1,17,9,4,132.3
sem+soc,0.9,0.9,1,18,9,4,135.0
sem+soc,0.9,0.9,1,19,9,4,135.0
sem+soc,0.9,0.9,1,20,10,4,147.9
sem+soc,0.9,0.9,1,21,10,4,150.0
sem+soc,0.9,0.9,1,22,10,4,147.0
sem+soc,0.9,0.9,1,23,10,4,149.7
sem+soc,0.9,0.9,1,24,12,5,483.0
sem+soc,0.9,0.9,1,25,12,5,528.0
sem+soc,0.9,0.9,1,26,12,5,533.7
sem+soc,0.9,0.9,1,27,12,5,550.0
sem+soc,0.9,0.9,1,28,12,5,539.0
sem+soc,0.9,0.9,1,29,13,6,601.9
sem+soc,0.9,0.9,1,30,13,6,604.7
sem+soc,0.9,0.9,1,31,14,7,788.6
sem+soc,0.9,0.9,1,32,15,7,1134.4
sem+soc,0.9,0.9,1,33,15,7,1187.6
sem+soc,0.9,0.9,1,34,15,7,1168.0
sem+soc,0.9,0.9,1,35,15,7,1079.0
sem+soc,0.9,0.9,1,36,16,7,1454.2
sem+soc,0.9,0.9,1,37,16,7,1408.2
sem+soc,0.9,0.9,1,38,16,7,1526.0
sem+soc,0.9,0.9,1,39,17,8,2252.1
sem+soc,0.9,0.9,1,40,17,8,2326.5
sem+soc,0.9,0.9,1,41,17,8,2138.5
sem+soc,0.9,0.9,1,42,17,8,2237.7
sem+soc,0.9,0.9,1,43,17,8,2379.0
sem+soc,0.9,0.9,1,44,17,8,2379.0
sem+soc,0.9,0.9,1,45,17,8,2428.2
sem+soc,0.9,0.9,1,46,17,8,2475.0
sem+soc,0.9,0.9,1,47,19,8,3067.7
sem+soc,0.9,0.9,1,48,20,8,3242.0
sem+soc,0.9,0.9,1,49,20,8,3620.0
sem+soc,0.9,0.9,1,50,20,8,3620.0
sem+soc,0.9,0.9,1,51,20,8,3620.0
sem+soc,0.9,0.9,1,52,20,8,3620.0
sem+soc,0.9,0.9,1,53,22,8,4264.6
sem+soc,0.9,0.9,1,54,23,8,5245.0
sem+soc,0.9,0.9,1,55,23,8,5035.2
sem+soc,0.9,0.9,1,56,23,8,5048.0
sem+soc,0.9,0.9,1,57,23,8,5133.0
sem+soc,0.9,0.9,1,58,23,8,5140.1
sem+soc,0.9,0.9,1,59,24,8,5612.8
sem+soc,0.9,0.9,1,60,25,8,5569.9
sem+soc,0.9,0.9,1,61,25,8,5572.6
sem+soc,0.9,0.9,1,62,25,8,5505.0
sem+soc,0.9,0.9,1,63,25,8,5582.1
sem+soc,0.9,0.9,1,64,25,8,5334.1
sem+soc,0.9,0.9,1,65,26,8,6063.8
sem+soc,0.9,0.9,1,66,26,8,6141.7
sem+soc,0.9,0.9,1,67,26,8,5964.7
sem+soc,0.9,0.9,1,68,26,8,5693.9
sem+soc,0.9,0.9,1,69,26,8,5699.5
sem+soc,0.9,0.9,1,70,26,8,5938.9
sem+soc,0.9,0.9,1,71,26,8,5918.9
sem+soc,0.9,0.9,1,72,26,8,6335.8
sem+soc,0.9,0.9,1,73,26,8,6101.2
sem+soc,0.9,0.9,1,74,26,8,6102.0
sem+soc,0.9,0.9,1,75,28,8,7434.2
sem+soc,0.9,0.9,1,76,28,8,7570.2
sem+soc,0.9,0.9,1,77,28,8,7615.2
sem+soc,0.9,0.9,1,78,28,8,7671.2
sem+soc,0.9,0.9,1,79,28,8,7716.1
sem+soc,0.9,0.9,1,80,28,8,7855.8
sem+soc,0.9,0.9,1,81,28,8,7805.9
sem+soc,0.9,0.9,1,82,28,8,7983.6
sem+soc,0.9,0.9,1,83,28,8,7968.6
sem+soc,0.9,0.9,1,84,29,8,7957.5
sem+soc,0.9,0.9,1,85,29,8,8051.3
sem+soc,0.9,0.9,1,86,29,8,8182.4
sem+soc,0.9,0.9,1,87,30,8,8310.2
sem+soc,0.9,0.9,1,88,30,8,8340.0
sem+soc,0.9,0.9,1,89,30,8,8340.0
sem+soc,0.9,0.9,1,90,30,8,8006.4
sem+soc,0.9,0.9,1,91,31,8,8078.6
sem+soc,0.9,0.9,1,92,31,8,8757.8
sem+soc,0.9,0.9,1,93,31,8,8723.4
sem+soc,0.9,0.9,1,94,31,8,8287.0
sem+soc,0.9,0.9,1,95,32,8,8464.9
sem+soc,0.9,0.9,1,96,32,8,7582.8
sem+soc,0.9,0.9,1,97,32,8,7955.3
sem+soc,0.9,0.9,1,98,32,8,8035.8
sem+soc,0.9,0.9,1,99,32,8,8309.4
sem+soc,0.9,0.9,1,100,32,8,8696.5
sem+soc,0.9,0.9,1,101,32,8,8910.8
sem+soc,0.9,0.9,1,102,32,8,9137.4
sem+soc,0.9,0.9,1,103,32,8,9106.2
sem+soc,0.9,0.9,1,104,32,8,8899.0
sem+soc,0.9,0.9,1,105,32,8,8842.2
sem+soc,0.9,0.9,1,106,32,8,8453.0
sem+soc,0.9,0.9,1,107,32,8,7962.2
sem+soc,0.9,0.9,1,108,32,8,7614.6
sem+soc,0.9,0.9,1,109,32,8,7565.0
sem+soc,0.9,0.9,1,110,32,8,7575.3
sem+soc,0.9,0.9,1,111,32,8,8112.7
sem+soc,0.9,0.9,1,112,32,8,8632.7
sem+soc,0.9,0.9,1,113,32,8,8736.9
sem+soc,0.9,0.9,1,114,32,8,8407.6
sem+soc,0.9,0.9,1,115,32,8,8624.7
sem+soc,0.9,0.9,1,116,32,8,9031.7
sem+soc,0.9,0.9,1,117,32,8,9217.6
sem+soc,0.9,0.9,1,118,32,8,9401.2
sem+soc,0.9,0.9,1,119,32,8,9457.1
sem+soc,0.9,0.9,1,120,32,8,9532.6
sem+soc,0.9,0.9,1,121,32,8,9590.0
sem+soc,0.9,0.9,1,122,32,8,9398.2
sem+soc,0.9,0.9,1,123,32,8,9208.5
sem+soc,0.9,0.9,1,124,32,8,9052.9
sem+soc,0.9,0.9,1,125,32,8,9046.5
sem+soc,0.9,0.9,1,126,32,8,9212.1
sem+soc,0.9,0.9,1,127,32,8,9360.5
sem+soc,0.9,0.9,1,128,32,8,9176.6
sem+soc,0.9,0.9,1,129,32,8,8836.2
sem+soc,0.9,0.9,1,130,32,8,8889.0
sem+soc,0.9,0.9,1,131,32,8,8459.4
sem+soc,0.9,0.9,1,132,32,8,8360.9
sem+soc,0.9,0.9,1,133,32,8,8693.2
sem+soc,0.9,0.9,1,134,32,8,8742.7
sem+soc,0.9,0.9,1,135,32,8,8650.2
sem+soc,0.9,0.9,1,136,32,8,8549.2
sem+soc,0.9,0.9,1,137,32,8,8511.1
sem+soc,0.9,0.9,1,138,32,8,8454.2
sem+soc,0.9,0.9,1,139,32,8,8457.3
sem+soc,0.9,0.9,1,140,32,8,8452.8
sem+soc,0.9,0.9,1,141,32,8,8124.5
sem+soc,0.9,0.9,1,142,32,8,7868.6
sem+soc,0.9,0.9,1,143,32,8,7983.3
sem+soc,0.9,0.9,1,144,32,8,8390.3
sem+soc,0.9,0.9,1,145,32,8,8305.7
sem+soc,0.9,0.9,1,146,32,8,8164.9
sem+soc,0.9,0.9,1,147,32,8,8508.6
sem+soc,0.9,0.9,1,148,32,8,8639.5
sem+soc,0.9,0.9,1,149,32,8,8627.2
sem+soc,0.9,0.9,1,150,32,8,8701.8
sem+soc,0.9,0.9,2,0,0,0,0.0
sem+soc,0.9,0.9,2,1,4,1,58.2
sem+soc,0.9,0.9,2,2,6,3,83.7
sem+soc,0.9,0.9,2,3,8,3,114.3
sem+soc,0.9,0.9,2,4,8,3,120.0
sem+soc,0.9,0.9,2,5,9,4,134.7
sem+soc,0.9,0.9,2,6,9,4,135.0
sem+soc,0.9,0.9,2,7,11,5,252.6
sem+soc,0.9,0.9,2,8,12,6,538.3
sem+soc,0.9,0.9,2,9,12,6,550.0
sem+soc,0.9,0.9,2,10,12,6,550.0
sem+soc,0.9,0.9,2,11,13,6,929.2
sem+soc,0.9,0.9,2,12,13,6,945.0
sem+soc,0.9,0.9,2,13,16,8,2059.6
sem+soc,0.9,0.9,2,14,16,8,2180.0
sem+soc,0.9,0.9,2,15,16,8,2180.0
sem+soc,0.9,0.9,2,16,16,8,2136.4
sem+soc,0.9,0.9,2,17,16,8,2139.4
sem+soc,0.9,0.9,2,18,18,8,2869.8
sem+soc,0.9,0.9,2,19,19,8,3480.1
sem+soc,0.9,0.9,2,20,21,8,4287.0
sem+soc,0.9,0.9,2,21,22,8,4281.1
sem+soc,0.9,0.9,2,22,22,8,4285.6
sem+soc,0.9,0.9,2,23,23,8,4340.8
sem+soc,0.9,0.9,2,24,23,8,4855.2
sem+soc,0.9,0.9,2,25,24,8,5248.5
sem+soc,0.9,0.9,2,26,24,8,5247.7
sem+soc,0.9,0.9,2,27,24,8,5295.7
sem+soc,0.9,0.9,2,28,24,8,5136.3
sem+soc,0.9,0.9,2,29,24,8,5074.6
sem+soc,0.9,0.9,2,30,24,8,4417.7
sem+soc,0.9,0.9,2,31,24,8,4503.4
sem+soc,0.9,0.9,2,32,24,8,4774.3
sem+soc,0.9,0.9,2,33,25,8,5077.2
sem+soc,0.9,0.9,2,34,25,8,5237.7
sem+soc,0.9,0.9,2,35,25,8,4925.7
sem+soc,0.9,0.9,2,36,25,8,5077.3
sem+soc,0.9,0.9,2,37,25,8,5258.1
sem+soc,0.9,0.9,2,38,25,8,5229.4
sem+soc,0.9,0.9,2,39,25,8,4863.4
sem+soc,0.9,0.9,2,40,25,8,4715.8
sem+soc,0.9,0.9,2,41,26,8,5354.2
sem+soc,0.9,0.9,2,42,26,8,6009.3
sem+soc,0.9,0.9,2,43,26,8,6183.8
sem+soc,0.9,0.9,2,44,26,8,6186.5
sem+soc,0.9,0.9,2,45,26,8,6206.5
sem+soc,0.9,0.9,2,46,26,8,6310.0
sem+soc,0.9,0.9,2,47,26,8,6183.8
sem+soc,0.9,0.9,2,48,27,8,6871.5
sem+soc,0.9,0.9,2,49,28,8,6948.5
sem+soc,0.9,0.9,2,50,28,8,7055.6
sem+soc,0.9,0.9,2,51,28,8,7170.0
sem+soc,0.9,0.9,2,52,28,8,7026.6
sem+soc,0.9,0.9,2,53,28,8,6892.6
sem+soc,0.9,0.9,2,54,28,8,6687.7
sem+soc,0.9,0.9,2,55,28,8,6620.0
sem+soc,0.9,0.9,2,56,28,8,6533.6
sem+soc,0.9,0.9,2,57,28,8,6656.1
sem+soc,0.9,0.9,2,58,28,8,6814.4
sem+soc,0.9,0.9,2,59,28,8,6748.8
sem+soc,0.9,0.9,2,60,28,8,6875.2
sem+soc,0.9,0.9,2,61,28,8,6801.3
sem+soc,0.9,0.9,2,62,28,8,6479.9
sem+soc,0.9,0.9,2,63,28,8,6243.5
sem+soc,0.9,0.9,2,64,28,8,6192.9
sem+soc,0.9,0.9,2,65,28,8,6031.7
sem+soc,0.9,0.9,2,66,28,8,6426.1
sem+soc,0.9,0.9,2,67,28,8,6363.9
sem+soc,0.9,0.9,2,68,28,8,6246.1
sem+soc,0.9,0.9,2,69,28,8,6295.5
sem+soc,0.9,0.9,2,70,28,8,5711.5
sem+soc,0.9,0.9,2,71,28,8,5822.8
sem+soc,0.9,0.9,2,72,28,8,6176.0
sem+soc,0.9,0.9,2,73,29,8,7000.4
sem+soc,0.9,0.9,2,74,29,8,7595.7
sem+soc,0.9,0.9,2,75,29,8,7646.3
sem+soc,0.9,0.9,2,76,29,8,7659.1
sem+soc,0.9,0.9,2,77,29,8,7218.7
sem+soc,0.9,0.9,2,78,29,8,7207.6
sem+soc,0.9,0.9,2,79,29,8,7063.4
sem+soc,0.9,0.9,2,80,30,8,7391.6
sem+soc,0.9,0.9,2,81,30,8,7639.1
sem+soc,0.9,0.9,2,82,30,8,7938.6
sem+soc,0.9,0.9,2,83,30,8,7986.7
sem+soc,0.9,0.9,2,84,30,8,7664.0
sem+soc,0.9,0.9,2,85,30,8,7696.4
sem+soc,0.9,0.9,2,86,30,8,7693.4
sem+soc,0.9,0.9,2,87,30,8,7898.4
sem+soc,0.9,0.9,2,88,30,8,7903.7
sem+soc,0.9,0.9,2,89,30,8,7976.4
sem+soc,0.9,0.9,2,90,30,8,8037.4
sem+soc,0.9,0.9,2,91,30,8,7807.1
sem+soc,0.9,0.9,2,92,31,8,8155.0
sem+soc,0.9,0.9,2,93,31,8,8222.2
sem+soc,0.9,0.9,2,94,31,8,8261.6
sem+soc,0.9,0.9,2,95,31,8,8577.5
sem+soc,0.9,0.9,2,96,31,8,8549.6
sem+soc,0.9,0.9,2,97,31,8,8127.5
sem+soc,0.9,0.9,2,98,31,8,7661.7
sem+soc,0.9,0.9,2,99,31,8,7155.6
sem+soc,0.9,0.9,2,100,31,8,7474.9
sem+soc,0.9,0.9,2,101,31,8,7521.5
sem+soc,0.9,0.9,2,102,31,8,7735.8
sem+soc,0.9,0.9,2,103,31,8,7422.3
sem+soc,0.9,0.9,2,104,31,8,7159.4
sem+soc,0.9,0.9,2,105,31,8,7458.7
sem+soc,0.9,0.9,2,106,32,8,8424.8
sem+soc,0.9,0.9,2,107,32,8,9098.2
sem+soc,0.9,0.9,2,108,32,8,9027.3
sem+soc,0.9,0.9,2,109,32,8,8549.7
sem+soc,0.9,0.9,2,110,32,8,8698.2
sem+soc,0.9,0.9,2,111,32,8,9009.9
sem+soc,0.9,0.9,2,112,32,8,8688.6
sem+soc,0.9,0.9,2,113,32,8,8464.1
sem+soc,0.9,0.9,2,114,32,8,8406.7
sem+soc,0.9,0.9,2,115,32,8,8462.6
sem+soc,0.9,0.9,2,116,32,8,9012.6
sem+soc,0.9,0.9,2,117,32,8,9113.2
sem+soc,0.9,0.9,2,118,32,8,8915.8
sem+soc,0.9,0.9,2,119,32,8,8861.2
sem+soc,0.9,0.9,2,120,32,8,9046.7
sem+soc,0.9,0.9,2,121,32,8,9343.6
sem+soc,0.9,0.9,2,122,32,8,9368.9
sem+soc,0.9,0.9,2,123,32,8,9408.6
sem+soc,0.9,0.9,2,124,32,8,9476.2
sem+soc,0.9,0.9,2,125,32,8,9565.5
sem+soc,0.9,0.9,2,126,32,8,9206.4
sem+soc,0.9,0.9,2,127,33,8,9222.1
sem+soc,0.9,0.9,2,128,33,8,8762.1
sem+soc,0.9,0.9,2,129,33,8,8388.2
sem+soc,0.9,0.9,2,130,35,9,9665.1
sem+soc,0.9,0.9,2,131,35,9,9295.2
sem+soc,0.9,0.9,2,132,36,9,10696.8
sem+soc,0.9,0.9,2,133,37,9,11882.7
sem+soc,0.9,0.9,2,134,37,9,12434.1
sem+soc,0.9,0.9,2,135,37,9,12327.6
sem+soc,0.9,0.9,2,136,37,9,12315.2
sem+soc,0.9,0.9,2,137,37,9,12017.4
sem+soc,0.9,0.9,2,138,37,9,10610.7
sem+soc,0.9,0.9,2,139,37,9,10494.8
sem+soc,0.9,0.9,2,140,37,9,10535.5
sem+soc,0.9,0.9,2,141,37,9,10291.6
sem+soc,0.9,0.9,2,142,37,9,11077.2
sem+soc,0.9,0.9,2,143,37,9,11368.0
sem+soc,0.9,0.9,2,144,37,9,10442.9
sem+soc,0.9,0.9,2,145,37,9,10661.7
sem+soc,0.9,0.9,2,146,37,9,11159.3
sem+soc,0.9,0.9,2,147,37,9,11117.6
sem+soc,0.9,0.9,2,148,37,9,11605.2
sem+soc,0.9,0.9,2,149,37,9,11945.1
sem+soc,0.9,0.9,2,150,37,9,12381.7
sem+soc,0.9,0.9,3,0,0,0,0.0
sem+soc,0.9,0.9,3,1,4,1,60.0
sem+soc,0.9,0.9,3,2,4,1,60.0
sem+soc,0.9,0.9,3,3,6,3,90.0
sem+soc,0.9,0.9,3,4,7,3,101.1
sem+soc,0.9,0.9,3,5,8,3,120.0
sem+soc,0.9,0.9,3,6,8,3,120.0
sem+soc,0.9,0.9,3,7,9,4,135.0
sem+soc,0.9,0.9,3,8,9,4,135.0
sem+soc,0.9,0.9,3,9,10,5,150.0
sem+soc,0.9,0.9,3,10,10,5,150.0
sem+soc,0.9,0.9,3,11,10,5,150.0
sem+soc,0.9,0.9,3,12,10,5,150.0
sem+soc,0.9,0.9,3,13,10,5,150.0
sem+soc,0.9,0.9,3,14,10,5,150.0
sem+soc,0.9,0.9,3,15,10,5,150.0
sem+soc,0.9,0.9,3,16,10,5,150.0
sem+soc,0.9,0.9,3,17,10,5,150.0
sem+soc,0.9,0.9,3,18,10,5,150.0
sem+soc,0.9,0.9,3,19,10,5,150.0
sem+soc,0.9,0.9,3,20,10,5,150.0
sem+soc,0.9,0.9,3,21,10,5,150.0
sem+soc,0.9,0.9,3,22,10,5,150.0
sem+soc,0.9,0.9,3,23,10,5,150.0
sem+soc,0.9,0.9,3,24,10,5,150.0
sem+soc,0.9,0.9,3,25,10,5,141.0
sem+soc,0.9,0.9,3,26,10,5,145.8
sem+soc,0.9,0.9,3,27,10,5,146.4
sem+soc,0.9,0.9,3,28,10,5,147.0
sem+soc,0.9,0.9,3,29,10,5,141.0
sem+soc,0.9,0.9,3,30,10,5,145.8
sem+soc,0.9,0.9,3,31,10,5,143.7
sem+soc,0.9,0.9,3,32,10,5,146.4
sem+soc,0.9,0.9,3,33,10,5,147.0
sem+soc,0.9,0.9,3,34,10,5,140.7
sem+soc,0.9,0.9,3,35,11,5,139.8
sem+soc,0.9,0.9,3,36,11,5,144.3
sem+soc,0.9,0.9,3,37,11,5,148.5
sem+soc,0.9,0.9,3,38,11,5,129.9
sem+soc,0.9,0.9,3,39,11,5,146.7
sem+soc,0.9,0.9,3,40,11,5,148.8
sem+soc,0.9,0.9,3,41,11,5,162.6
sem+soc,0.9,0.9,3,42,11,5,165.0
sem+soc,0.9,0.9,3,43,12,5,184.5
sem+soc,0.9,0.9,3,44,12,5,230.0
sem+soc,0.9,0.9,3,45,12,5,230.0
sem+soc,0.9,0.9,3,46,12,5,230.0
sem+soc,0.9,0.9,3,47,12,5,230.0
sem+soc,0.9,0.9,3,48,12,5,230.0
sem+soc,0.9,0.9,3,49,12,5,230.0
sem+soc,0.9,0.9,3,50,12,5,230.0
sem+soc,0.9,0.9,3,51,12,5,230.0
sem+soc,0.9,0.9,3,52,13,6,340.4
sem+soc,0.9,0.9,3,53,13,6,345.0
sem+soc,0.9,0.9,3,54,13,6,345.0
sem+soc,0.9,0.9,3,55,13,6,345.0
sem+soc,0.9,0.9,3,56,13,6,345.0
sem+soc,0.9,0.9,3,57,13,6,338.1
sem+soc,0.9,0.9,3,58,13,6,340.2
sem+soc,0.9,0.9,3,59,13,6,317.4
sem+soc,0.9,0.9,3,60,14,6,622.8
sem+soc,0.9,0.9,3,61,17,7,1615.2
sem+soc,0.9,0.9,3,62,17,7,1621.1
sem+soc,0.9,0.9,3,63,18,7,1910.9
sem+soc,0.9,0.9,3,64,18,7,2133.6
sem+soc,0.9,0.9,3,65,19,7,2397.9
sem+soc,0.9,0.9,3,66,20,8,2666.7
sem+soc,0.9,0.9,3,67,20,8,2938.0
sem+soc,0.9,0.9,3,68,20,8,2960.1
sem+soc,0.9,0.9,3,69,20,8,2689.3
sem+soc,0.9,0.9,3,70,22,8,2979.3
sem+soc,0.9,0.9,3,71,22,8,3487.3
sem+soc,0.9,0.9,3,72,22,8,3596.9
sem+soc,0.9,0.9,3,73,23,8,3451.6
sem+soc,0.9,0.9,3,74,23,8,3431.6
sem+soc,0.9,0.9,3,75,23,8,3521.3
sem+soc,0.9,0.9,3,76,23,8,3533.1
sem+soc,0.9,0.9,3,77,23,8,3619.2
sem+soc,0.9,0.9,3,78,23,8,3867.0
sem+soc,0.9,0.9,3,79,23,8,4016.3
sem+soc,0.9,0.9,3,80,23,8,3921.6
sem+soc,0.9,0.9,3,81,23,8,3933.7
sem+soc,0.9,0.9,3,82,23,8,3913.6
sem+soc,0.9,0.9,3,83,23,8,4005.7
sem+soc,0.9,0.9,3,84,23,8,4044.4
sem+soc,0.9,0.9,3,85,23,8,4085.0
sem+soc,0.9,0.9,3,86,23,8,4085.0
sem+soc,0.9,0.9,3,87,24,8,4689.7
sem+soc,0.9,0.9,3,88,24,8,4610.4
sem+soc,0.9,0.9,3,89,24,8,4436.9
sem+soc,0.9,0.9,3,90,25,8,5115.2
sem+soc,0.9,0.9,3,91,25,8,5189.5
sem+soc,0.9,0.9,3,92,25,8,5187.6
sem+soc,0.9,0.9,3,93,25,8,5026.8
sem+soc,0.9,0.9,3,94,26,8,5401.9
sem+soc,0.9,0.9,3,95,27,8,5992.4
sem+soc,0.9,0.9,3,96,27,8,6022.0
sem+soc,0.9,0.9,3,97,27,8,5977.0
sem+soc,0.9,0.9,3,98,27,8,5994.7
sem+soc,0.9,0.9,3,99,27,8,5726.0
sem+soc,0.9,0.9,3,100,27,8,5547.7
sem+soc,0.9,0.9,3,101,27,8,5438.9
sem+soc,0.9,0.9,3,102,27,8,5373.7
sem+soc,0.9,0.9,3,103,27,8,5572.5
sem+soc,0.9,0.9,3,104,27,8,6085.0
sem+soc,0.9,0.9,3,105,27,8,6309.8
sem+soc,0.9,0.9,3,106,27,8,6183.5
sem+soc,0.9,0.9,3,107,27,8,6229.5
sem+soc,0.9,0.9,3,108,27,8,5896.4
sem+soc,0.9,0.9,3,109,27,8,5801.1
sem+soc,0.9,0.9,3,110,27,8,5986.5
sem+soc,0.9,0.9,3,111,27,8,6093.1
sem+soc,0.9,0.9,3,112,27,8,5909.6
sem+soc,0.9,0.9,3,113,27,8,6022.2
sem+soc,0.9,0.9,3,114,27,8,6163.1
sem+soc,0.9,0.9,3,115,27,8,6431.7
sem+soc,0.9,0.9,3,116,27,8,6085.2
sem+soc,0.9,0.9,3,117,28,8,6648.1
sem+soc,0.9,0.9,3,118,28,8,6835.8
sem+soc,0.9,0.9,3,119,28,8,7121.2
sem+soc,0.9,0.9,3,120,28,8,7250.0
sem+soc,0.9,0.9,3,121,28,8,6960.0
sem+soc,0.9,0.9,3,122,28,8,6677.0
sem+soc,0.9,0.9,3,123,28,8,6362.7
sem+soc,0.9,0.9,3,124,28,8,6489.5
sem+soc,0.9,0.9,3,125,28,8,6642.1
sem+soc,0.9,0.9,3,126,28,8,6615.7
sem+soc,0.9,0.9,3,127,28,8,6566.1
sem+soc,0.9,0.9,3,128,28,8,6651.3
sem+soc,0.9,0.9,3,129,28,8,6379.9
sem+soc,0.9,0.9,3,130,28,8,6595.8
sem+soc,0.9,0.9,3,131,29,8,7263.4
sem+soc,0.9,0.9,3,132,29,8,7548.9
sem+soc,0.9,0.9,3,133,30,8,8452.6
sem+soc,0.9,0.9,3,134,30,8,7684.3
sem+soc,0.9,0.9,3,135,30,8,6997.4
sem+soc,0.9,0.9,3,136,30,8,7099.1
sem+soc,0.9,0.9,3,137,30,8,7615.8
sem+soc,0.9,0.9,3,138,30,8,7946.7
sem+soc,0.9,0.9,3,139,31,8,8358.6
sem+soc,0.9,0.9,3,140,31,8,8533.4
sem+soc,0.9,0.9,3,141,31,8,8888.6
sem+soc,0.9,0.9,3,142,31,8,9163.1
sem+soc,0.9,0.9,3,143,31,8,9168.7
sem+soc,0.9,0.9,3,144,31,8,8869.9
sem+soc,0.9,0.9,3,145,31,8,8799.7
sem+soc,0.9,0.9,3,146,31,8,8701.8
sem+soc,0.9,0.9,3,147,31,8,8809.5
sem+soc,0.9,0.9,3,148,32,8,9021.5
sem+soc,0.9,0.9,3,149,32,8,8724.2
sem+soc,0.9,0.9,3,150,32,8,8944.7
sem+soc,0.9,0.9,4,0,0,0,0.0
sem+soc,0.9,0.9,4,1,4,1,57.9
sem+soc,0.9,0.9,4,2,5,2,75.0
sem+soc,0.9,0.9,4,3,6,3,89.7
sem+soc,0.9,0.9,4,4,6,3,90.0
sem+soc,0.9,0.9,4,5,7,3,104.4
sem+soc,0.9,0.9,4,6,7,3,105.0
sem+soc,0.9,0.9,4,7,7,3,105.0
sem+soc,0.9,0.9,4,8,7,3,105.0
sem+soc,0.9,0.9,4,9,7,3,105.0
sem+soc,0.9,0.9,4,10,8,4,117.6
sem+soc,0.9,0.9,4,11,10,6,288.5
sem+soc,0.9,0.9,4,12,10,6,300.0
sem+soc,0.9,0.9,4,13,11,7,411.8
sem+soc,0.9,0.9,4,14,11,7,515.0
sem+soc,0.9,0.9,4,15,11,7,515.0
sem+soc,0.9,0.9,4,16,11,7,515.0
sem+soc,0.9,0.9,4,17,11,7,515.0
sem+soc,0.9,0.9,4,18,11,7,515.0
sem+soc,0.9,0.9,4,19,12,7,517.1
sem+soc,0.9,0.9,4,20,13,7,544.7
sem+soc,0.9,0.9,4,21,13,7,534.1
sem+soc,0.9,0.9,4,22,13,7,525.3
sem+soc,0.9,0.9,4,23,14,7,545.8
sem+soc,0.9,0.9,4,24,14,7,560.0
sem+soc,0.9,0.9,4,25,14,7,560.0
sem+soc,0.9,0.9,4,26,14,7,537.6
sem+soc,0.9,0.9,4,27,14,7,542.4
sem+soc,0.9,0.9,4,28,15,7,735.6
sem+soc,0.9,0.9,4,29,15,7,713.2
sem+soc,0.9,0.9,4,30,16,7,876.0
sem+soc,0.9,0.9,4,31,16,7,956.0
sem+soc,0.9,0.9,4,32,16,7,1033.1
sem+soc,0.9,0.9,4,33,17,7,1279.7
sem+soc,0.9,0.9,4,34,17,7,1360.7
sem+soc,0.9,0.9,4,35,17,7,1095.9
sem+soc,0.9,0.9,4,36,18,7,1194.2
sem+soc,0.9,0.9,4,37,18,7,1485.6
sem+soc,0.9,0.9,4,38,18,7,1556.8
sem+soc,0.9,0.9,4,39,18,7,1506.3
sem+soc,0.9,0.9,4,40,19,7,2110.0
sem+soc,0.9,0.9,4,41,19,7,2230.5
sem+soc,0.9,0.9,4,42,21,7,3150.7
sem+soc,0.9,0.9,4,43,21,7,3159.8
sem+soc,0.9,0.9,4,44,22,8,3429.9
sem+soc,0.9,0.9,4,45,23,8,4635.4
sem+soc,0.9,0.9,4,46,23,8,4745.0
sem+soc,0.9,0.9,4,47,23,8,4745.0
sem+soc,0.9,0.9,4,48,24,8,5250.4
sem+soc,0.9,0.9,4,49,24,8,5301.8
sem+soc,0.9,0.9,4,50,24,8,5304.5
sem+soc,0.9,0.9,4,51,24,8,5346.5
sem+soc,0.9,0.9,4,52,24,8,5410.0
sem+soc,0.9,0.9,4,53,24,8,5301.8
sem+soc,0.9,0.9,4,54,24,8,5196.3
sem+soc,0.9,0.9,4,55,24,8,5246.5
sem+soc,0.9,0.9,4,56,24,8,5139.2
sem+soc,0.9,0.9,4,57,24,8,5199.0
sem+soc,0.9,0.9,4,58,24,8,5173.0
sem+soc,0.9,0.9,4,59,24,8,5199.3
sem+soc,0.9,0.9,4,60,24,8,4935.4
sem+soc,0.9,0.9,4,61,24,8,4841.6
sem+soc,0.9,0.9,4,62,24,8,5006.9
sem+soc,0.9,0.9,4,63,24,8,5291.3
sem+soc,0.9,0.9,4,64,24,8,5301.8
sem+soc,0.9,0.9,4,65,24,8,4871.4
sem+soc,0.9,0.9,4,66,25,8,4986.7
sem+soc,0.9,0.9,4,67,25,8,4742.5
sem+soc,0.9,0.9,4,68,25,8,4963.2
sem+soc,0.9,0.9,4,69,25,8,5314.9
sem+soc,0.9,0.9,4,70,25,8,5655.1
sem+soc,0.9,0.9,4,71,25,8,5469.7
sem+soc,0.9,0.9,4,72,25,8,5264.3
sem+soc,0.9,0.9,4,73,25,8,5043.9
sem+soc,0.9,0.9,4,74,25,8,5083.4
sem+soc,0.9,0.9,4,75,25,8,5268.2
sem+soc,0.9,0.9,4,76,25,8,5601.8
sem+soc,0.9,0.9,4,77,25,8,5856.3
sem+soc,0.9,0.9,4,78,25,8,6057.7
sem+soc,0.9,0.9,4,79,25,8,6012.3
sem+soc,0.9,0.9,4,80,25,8,6018.3
sem+soc,0.9,0.9,4,81,26,8,6547.3
sem+soc,0.9,0.9,4,82,26,8,6362.0
sem+soc,0.9,0.9,4,83,26,8,6297.1
sem+soc,0.9,0.9,4,84,26,8,6331.2
sem+soc,0.9,0.9,4,85,26,8,6547.5
sem+soc,0.9,0.9,4,86,26,8,6382.8
sem+soc,0.9,0.9,4,87,26,8,6512.3
sem+soc,0.9,0.9,4,88,26,8,6468.3
sem+soc,0.9,0.9,4,89,26,8,6643.7
sem+soc,0.9,0.9,4,90,26,8,6406.5
sem+soc,0.9,0.9,4,91,26,8,6505.9
sem+soc,0.9,0.9,4,92,26,8,6654.7
sem+soc,0.9,0.9,4,93,26,8,6486.9
sem+soc,0.9,0.9,4,94,27,8,7191.3
sem+soc,0.9,0.9,4,95,27,8,7274.7
sem+soc,0.9,0.9,4,96,28,8,7952.7
sem+soc,0.9,0.9,4,97,28,8,7836.3
sem+soc,0.9,0.9,4,98,28,8,6912.7
sem+soc,0.9,0.9,4,99,28,8,6764.8
sem+soc,0.9,0.9,4,100,28,8,6929.4
sem+soc,0.9,0.9,4,101,28,8,7338.7
sem+soc,0.9,0.9,4,102,28,8,7212.9
sem+soc,0.9,0.9,4,103,28,8,7073.8
sem+soc,0.9,0.9,4,104,28,8,6791.5
sem+soc,0.9,0.9,4,105,28,8,6704.9
sem+soc,0.9,0.9,4,106,28,8,6963.4
sem+soc,0.9,0.9,4,107,28,8,7013.4
sem+soc,0.9,0.9,4,108,29,8,7840.9
sem+soc,0.9,0.9,4,109,29,8,8189.7
sem+soc,0.9,0.9,4,110,29,8,7441.7
sem+soc,0.9,0.9,4,111,29,8,7367.7
sem+soc,0.9,0.9,4,112,29,8,7813.4
sem+soc,0.9,0.9,4,113,29,8,8068.8
sem+soc,0.9,0.9,4,114,29,8,8362.6
sem+soc,0.9,0.9,4,115,29,8,8500.5
sem+soc,0.9,0.9,4,116,29,8,8338.6
sem+soc,0.9,0.9,4,117,29,8,8401.2
sem+soc,0.9,0.9,4,118,30,8,8348.5
sem+soc,0.9,0.9,4,119,30,8,8400.6
sem+soc,0.9,0.9,4,120,30,8,8278.4
sem+soc,0.9,0.9,4,121,30,8,8280.4
sem+soc,0.9,0.9,4,122,30,8,8413.3
sem+soc,0.9,0.9,4,123,30,8,8466.8
sem+soc,0.9,0.9,4,124,30,8,8412.3
sem+soc,0.9,0.9,4,125,30,8,8082.5
sem+soc,0.9,0.9,4,126,30,8,8234.1
sem+soc,0.9,0.9,4,127,30,8,7988.8
sem+soc,0.9,0.9,4,128,30,8,8232.2
sem+soc,0.9,0.9,4,129,30,8,8287.4
sem+soc,0.9,0.9,4,130,30,8,8374.0
sem+soc,0.9,0.9,4,131,30,8,8109.1
sem+soc,0.9,0.9,4,132,30,8,8068.3
sem+soc,0.9,0.9,4,133,30,8,8180.4
sem+soc,0.9,0.9,4,134,30,8,8251.5
sem+soc,0.9,0.9,4,135,30,8,7613.6
sem+soc,0.9,0.9,4,136,30,8,6694.7
sem+soc,0.9,0.9,4,137,30,8,6526.5
sem+soc,0.9,0.9,4,138,30,8,6894.5
sem+soc,0.9,0.9,4,139,30,8,7601.0
sem+soc,0.9,0.9,4,140,30,8,7849.0
sem+soc,0.9,0.9,4,141,30,8,8197.5
sem+soc,0.9,0.9,4,142,30,8,8173.9
sem+soc,0.9,0.9,4,143,31,8,8385.0
sem+soc,0.9,0.9,4,144,31,8,8685.3
sem+soc,0.9,0.9,4,145,31,8,8472.6
sem+soc,0.9,0.9,4,146,31,8,8609.5
sem+soc,0.9,0.9,4,147,31,8,8246.6
sem+soc,0.9,0.9,4,148,31,8,8465.7
sem+soc,0.9,0.9,4,149,31,8,8639.1
sem+soc,0.9,0.9,4,150,31,8,8816.9
sem+soc,0.9,0.9,5,0,0,0,0.0
sem+soc,0.9,0.9,5,1,4,1,47.7
sem+soc,0.9,0.9,5,2,4,1,60.0
sem+soc,0.9,0.9,5,3,4,1,60.0
sem+soc,0.9,0.9,5,4,4,1,60.0
sem+soc,0.9,0.9,5,5,4,1,60.0
sem+soc,0.9,0.9,5,6,4,1,60.0
sem+soc,0.9,0.9,5,7,4,1,60.0
sem+soc,0.9,0.9,5,8,6,2,84.3
sem+soc,0.9,0.9,5,9,7,3,105.0
sem+soc,0.9,0.9,5,10,8,3,120.0
sem+soc,0.9,0.9,5,11,8,3,120.0
sem+soc,0.9,0.9,5,12,9,4,134.1
sem+soc,0.9,0.9,5,13,9,4,135.0
sem+soc,0.9,0.9,5,14,10,4,141.3
sem+soc,0.9,0.9,5,15,10,4,150.0
sem+soc,0.9,0.9,5,16,10,4,150.0
sem+soc,0.9,0.9,5,17,10,4,150.0
sem+soc,0.9,0.9,5,18,10,4,150.0
sem+soc,0.9,0.9,5,19,10,4,147.0
sem+soc,0.9,0.9,5,20,11,5,478.0
sem+soc,0.9,0.9,5,21,11,5,485.0
sem+soc,0.9,0.9,5,22,12,6,862.4
sem+soc,0.9,0.9,5,23,12,6,847.8
sem+soc,0.9,0.9,5,24,13,7,1379.0
sem+soc,0.9,0.9,5,25,15,8,2126.4
sem+soc,0.9,0.9,5,26,16,8,2759.9
sem+soc,0.9,0.9,5,27,17,8,3156.3
sem+soc,0.9,0.9,5,28,17,8,3090.9
sem+soc,0.9,0.9,5,29,18,8,3269.4
sem+soc,0.9,0.9,5,30,18,8,3264.0
sem+soc,0.9,0.9,5,31,19,8,3660.6
sem+soc,0.9,0.9,5,32,19,8,3300.7
sem+soc,0.9,0.9,5,33,19,8,3042.1
sem+soc,0.9,0.9,5,34,19,8,3257.6
sem+soc,0.9,0.9,5,35,19,8,3420.7
sem+soc,0.9,0.9,5,36,19,8,3672.7
sem+soc,0.9,0.9,5,37,21,8,4078.7
sem+soc,0.9,0.9,5,38,23,8,4260.8
sem+soc,0.9,0.9,5,39,23,8,4401.8
sem+soc,0.9,0.9,5,40,23,8,4846.7
sem+soc,0.9,0.9,5,41,23,8,5471.6
sem+soc,0.9,0.9,5,42,24,8,5777.4
sem+soc,0.9,0.9,5,43,24,8,6255.0
sem+soc,0.9,0.9,5,44,24,8,6254.7
sem+soc,0.9,0.9,5,45,24,8,6382.8
sem+soc,0.9,0.9,5,46,24,8,6450.9
sem+soc,0.9,0.9,5,47,25,8,7065.0
sem+soc,0.9,0.9,5,48,25,8,7065.0
sem+soc,0.9,0.9,5,49,25,8,7065.0
sem+soc,0.9,0.9,5,50,25,8,6923.7
sem+soc,0.9,0.9,5,51,26,8,7006.8
sem+soc,0.9,0.9,5,52,26,8,7070.2
sem+soc,0.9,0.9,5,53,26,8,7206.7
sem+soc,0.9,0.9,5,54,27,8,7445.0
sem+soc,0.9,0.9,5,55,27,8,7296.1
sem+soc,0.9,0.9,5,56,27,8,7156.6
sem+soc,0.9,0.9,5,57,27,8,7074.2
sem+soc,0.9,0.9,5,58,27,8,7210.6
sem+soc,0.9,0.9,5,59,27,8,7026.0
sem+soc,0.9,0.9,5,60,27,8,6837.9
sem+soc,0.9,0.9,5,61,27,8,6671.7
sem+soc,0.9,0.9,5,62,27,8,6855.6
sem+soc,0.9,0.9,5,63,27,8,6840.1
sem+soc,0.9,0.9,5,64,28,8,6656.8
sem+soc,0.9,0.9,5,65,28,8,6884.3
sem+soc,0.9,0.9,5,66,28,8,7285.9
sem+soc,0.9,0.9,5,67,28,8,7223.8
sem+soc,0.9,0.9,5,68,28,8,6847.8
sem+soc,0.9,0.9,5,69,28,8,6689.4
sem+soc,0.9,0.9,5,70,28,8,6595.8
sem+soc,0.9,0.9,5,71,28,8,6711.8
sem+soc,0.9,0.9,5,72,28,8,6843.3
sem+soc,0.9,0.9,5,73,28,8,7381.8
sem+soc,0.9,0.9,5,74,28,8,7555.3
sem+soc,0.9,0.9,5,75,28,8,7593.6
sem+soc,0.9,0.9,5,76,28,8,7317.8
sem+soc,0.9,0.9,5,77,28,8,7347.5
sem+soc,0.9,0.9,5,78,28,8,7375.2
sem+soc,0.9,0.9,5,79,28,8,7470.6
sem+soc,0.9,0.9,5,80,28,8,7671.9
sem+soc,0.9,0.9,5,81,28,8,7480.2
sem+soc,0.9,0.9,5,82,28,8,7568.6
sem+soc,0.9,0.9,5,83,28,8,7602.6
sem+soc,0.9,0.9,5,84,29,8,8311.6
sem+soc,0.9,0.9,5,85,29,8,8423.2
sem+soc,0.9,0.9,5,86,29,8,8694.6
sem+soc,0.9,0.9,5,87,29,8,8524.8
sem+soc,0.9,0.9,5,88,29,8,8544.0
sem+soc,0.9,0.9,5,89,29,8,8482.2
sem+soc,0.9,0.9,5,90,29,8,8659.6
sem+soc,0.9,0.9,5,91,29,8,8589.4
sem+soc,0.9,0.9,5,92,29,8,8512.9
sem+soc,0.9,0.9,5,93,30,8,8226.0
sem+soc,0.9,0.9,5,94,30,8,7828.7
sem+soc,0.9,0.9,5,95,30,8,8083.3
sem+soc,0.9,0.9,5,96,30,8,8280.7
sem+soc,0.9,0.9,5,97,30,8,8622.0
sem+soc,0.9,0.9,5,98,30,8,7860.1
sem+soc,0.9,0.9,5,99,30,8,7848.5
sem+soc,0.9,0.9,5,100,30,8,7601.2
sem+soc,0.9,0.9,5,101,30,8,7212.7
sem+soc,0.9,0.9,5,102,30,8,7394.9
sem+soc,0.9,0.9,5,103,30,8,7609.6
sem+soc,0.9,0.9,5,104,30,8,7739.2
sem+soc,0.9,0.9,5,105,31,8,7765.3
sem+soc,0.9,0.9,5,106,31,8,7865.9
sem+soc,0.9,0.9,5,107,31,8,8154.7
sem+soc,0.9,0.9,5,108,31,8,8393.6
sem+soc,0.9,0.9,5,109,31,8,8631.5
sem+soc,0.9,0.9,5,110,31,8,8416.3
sem+soc,0.9,0.9,5,111,31,8,8175.7
sem+soc,0.9,0.9,5,112,31,8,7950.0
sem+soc,0.9,0.9,5,113,31,8,7855.1
sem+soc,0.9,0.9,5,114,31,8,8077.0
sem+soc,0.9,0.9,5,115,31,8,8243.6
sem+soc,0.9,0.9,5,116,31,8,8145.5
sem+soc,0.9,0.9,5,117,31,8,8355.8
sem+soc,0.9,0.9,5,118,32,8,9221.8
sem+soc,0.9,0.9,5,119,32,8,8667.0
sem+soc,0.9,0.9,5,120,32,8,8650.5
sem+soc,0.9,0.9,5,121,32,8,8623.1
sem+soc,0.9,0.9,5,122,32,8,8689.2
sem+soc,0.9,0.9,5,123,32,8,8998.1
sem+soc,0.9,0.9,5,124,32,8,9015.0
sem+soc,0.9,0.9,5,125,32,8,9096.7
sem+soc,0.9,0.9,5,126,32,8,8890.4
sem+soc,0.9,0.9,5,127,32,8,8824.8
sem+soc,0.9,0.9,5,128,32,8,9054.1
sem+soc,0.9,0.9,5,129,32,8,9367.4
sem+soc,0.9,0.9,5,130,32,8,9349.8
sem+soc,0.9,0.9,5,131,32,8,9017.6
sem+soc,0.9,0.9,5,132,32,8,8853.6
sem+soc,0.9,0.9,5,133,32,8,8850.9
sem+soc,0.9,0.9,5,134,32,8,8780.4
sem+soc,0.9,0.9,5,135,32,8,8655.1
sem+soc,0.9,0.9,5,136,32,8,8267.9
sem+soc,0.9,0.9,5,137,32,8,8229.1
sem+soc,0.9,0.9,5,138,32,8,8224.8
sem+soc,0.9,0.9,5,139,32,8,8555.8
sem+soc,0.9,0.9,5,140,32,8,8055.6
sem+soc,0.9,0.9,5,141,32,8,7833.9
sem+soc,0.9,0.9,5,142,32,8,7290.7
sem+soc,0.9,0.9,5,143,32,8,7928.1
sem+soc,0.9,0.9,5,144,32,8,8490.3
sem+soc,0.9,0.9,5,145,32,8,8950.7
sem+soc,0.9,0.9,5,146,32,8,9057.2
sem+soc,0.9,0.9,5,147,32,8,8980.0
sem+soc,0.9,0.9,5,148,32,8,9139.7
sem+soc,0.9,0.9,5,149,32,8,9109.9
sem+soc,0.9,0.9,5,150,32,8,9101.6
sem+soc,0.9,0.9,6,0,0,0,0.0
sem+soc,0.9,0.9,6,1,4,2,57.0
sem+soc,0.9,0.9,6,2,6,3,87.9
sem+soc,0.9,0.9,6,3,6,3,90.0
sem+soc,0.9,0.9,6,4,6,3,90.0
sem+soc,0.9,0.9,6,5,6,3,90.0
sem+soc,0.9,0.9,6,6,7,3,99.3
sem+soc,0.9,0.9,6,7,7,3,105.0
sem+soc,0.9,0.9,6,8,7,3,105.0
sem+soc,0.9,0.9,6,9,7,3,105.0
sem+soc,0.9,0.9,6,10,8,3,107.7
sem+soc,0.9,0.9,6,11,8,3,120.0
sem+soc,0.9,0.9,6,12,8,3,120.0
sem+soc,0.9,0.9,6,13,8,3,120.0
sem+soc,0.9,0.9,6,14,8,3,120.0
sem+soc,0.9,0.9,6,15,8,3,120.0
sem+soc,0.9,0.9,6,16,9,4,133.8
sem+soc,0.9,0.9,6,17,9,4,135.0
sem+soc,0.9,0.9,6,18,9,4,135.0
sem+soc,0.9,0.9,6,19,9,4,135.0
sem+soc,0.9,0.9,6,20,9,4,135.0
sem+soc,0.9,0.9,6,21,9,4,129.6
sem+soc,0.9,0.9,6,22,10,4,143.4
sem+soc,0.9,0.9,6,23,10,4,146.7
sem+soc,0.9,0.9,6,24,11,5,478.0
sem+soc,0.9,0.9,6,25,11,5,485.0
sem+soc,0.9,0.9,6,26,11,5,475.3
sem+soc,0.9,0.9,6,27,11,5,458.6
sem+soc,0.9,0.9,6,28,11,5,461.9
sem+soc,0.9,0.9,6,29,12,6,857.2
sem+soc,0.9,0.9,6,30,13,6,872.7
sem+soc,0.9,0.9,6,31,15,7,1358.0
sem+soc,0.9,0.9,6,32,16,7,1780.2
sem+soc,0.9,0.9,6,33,18,8,2872.3
sem+soc,0.9,0.9,6,34,18,8,2486.4
sem+soc,0.9,0.9,6,35,18,8,2525.8
sem+soc,0.9,0.9,6,36,19,8,3370.5
sem+soc,0.9,0.9,6,37,19,8,3094.0
sem+soc,0.9,0.9,6,38,20,8,3333.9
sem+soc,0.9,0.9,6,39,21,8,4301.0
sem+soc,0.9,0.9,6,40,21,8,4780.1
sem+soc,0.9,0.9,6,41,21,8,4728.9
sem+soc,0.9,0.9,6,42,21,8,4669.1
sem+soc,0.9,0.9,6,43,22,8,5569.2
sem+soc,0.9,0.9,6,44,22,8,5784.4
sem+soc,0.9,0.9,6,45,23,8,6515.0
sem+soc,0.9,0.9,6,46,24,8,6983.2
sem+soc,0.9,0.9,6,47,24,8,7039.4
sem+soc,0.9,0.9,6,48,24,8,6955.9
sem+soc,0.9,0.9,6,49,24,8,6895.5
sem+soc,0.9,0.9,6,50,24,8,6971.4
sem+soc,0.9,0.9,6,51,24,8,7114.1
sem+soc,0.9,0.9,6,52,24,8,7180.0
sem+soc,0.9,0.9,6,53,24,8,7180.0
sem+soc,0.9,0.9,6,54,24,8,6892.8
sem+soc,0.9,0.9,6,55,24,8,6912.2
sem+soc,0.9,0.9,6,56,24,8,6920.8
sem+soc,0.9,0.9,6,57,25,8,7005.6
sem+soc,0.9,0.9,6,58,26,8,7218.0
sem+soc,0.9,0.9,6,59,26,8,7299.6
sem+soc,0.9,0.9,6,60,26,8,7212.6
sem+soc,0.9,0.9,6,61,26,8,6985.4
sem+soc,0.9,0.9,6,62,26,8,6379.5
sem+soc,0.9,0.9,6,63,26,8,6457.7
sem+soc,0.9,0.9,6,64,26,8,6683.4
sem+soc,0.9,0.9,6,65,26,8,6668.7
sem+soc,0.9,0.9,6,66,26,8,6121.3
sem+soc,0.9,0.9,6,67,26,8,6349.6
sem+soc,0.9,0.9,6,68,26,8,6641.7
sem+soc,0.9,0.9,6,69,27,8,6863.6
sem+soc,0.9,0.9,6,70,27,8,7067.4
sem+soc,0.9,0.9,6,71,27,8,7151.3
sem+soc,0.9,0.9,6,72,27,8,6656.4
sem+soc,0.9,0.9,6,73,27,8,6704.0
sem+soc,0.9,0.9,6,74,28,8,6396.3
sem+soc,0.9,0.9,6,75,28,8,6768.5
sem+soc,0.9,0.9,6,76,28,8,6734.0
sem+soc,0.9,0.9,6,77,28,8,7087.7
sem+soc,0.9,0.9,6,78,28,8,7186.7
sem+soc,0.9,0.9,6,79,28,8,7312.0
sem+soc,0.9,0.9,6,80,28,8,7441.7
sem+soc,0.9,0.9,6,81,28,8,7458.3
sem+soc,0.9,0.9,6,82,28,8,7539.2
sem+soc,0.9,0.9,6,83,28,8,7437.7
sem+soc,0.9,0.9,6,84,28,8,7361.0
sem+soc,0.9,0.9,6,85,28,8,7428.8
sem+soc,0.9,0.9,6,86,28,8,7589.4
sem+soc,0.9,0.9,6,87,28,8,7690.0
sem+soc,0.9,0.9,6,88,28,8,7536.2
sem+soc,0.9,0.9,6,89,28,8,7385.4
sem+soc,0.9,0.9,6,90,28,8,6987.8
sem+soc,0.9,0.9,6,91,28,8,7145.0
sem+soc,0.9,0.9,6,92,28,8,6906.8
sem+soc,0.9,0.9,6,93,28,8,6883.4
sem+soc,0.9,0.9,6,94,28,8,7070.5
sem+soc,0.9,0.9,6,95,28,8,7459.1
sem+soc,0.9,0.9,6,96,28,8,7361.5
sem+soc,0.9,0.9,6,97,28,8,7233.7
sem+soc,0.9,0.9,6,98,28,8,7135.6
sem+soc,0.9,0.9,6,99,28,8,6944.0
sem+soc,0.9,0.9,6,100,28,8,6471.4
sem+soc,0.9,0.9,6,101,28,8,5822.4
sem+soc,0.9,0.9,6,102,29,8,6017.0
sem+soc,0.9,0.9,6,103,29,8,6785.4
sem+soc,0.9,0.9,6,104,29,8,6930.1
sem+soc,0.9,0.9,6,105,29,8,6508.6
sem+soc,0.9,0.9,6,106,29,8,6566.0
sem+soc,0.9,0.9,6,107,29,8,6692.5
sem+soc,0.9,0.9,6,108,29,8,6843.3
sem+soc,0.9,0.9,6,109,29,8,7028.1
sem+soc,0.9,0.9,6,110,29,8,6881.6
sem+soc,0.9,0.9,6,111,29,8,6777.6
sem+soc,0.9,0.9,6,112,29,8,7066.2
sem+soc,0.9,0.9,6,113,29,8,7418.0
sem+soc,0.9,0.9,6,114,29,8,7431.2
sem+soc,0.9,0.9,6,115,29,8,7568.9
sem+soc,0.9,0.9,6,116,30,8,7778.8
sem+soc,0.9,0.9,6,117,30,8,8176.7
sem+soc,0.9,0.9,6,118,30,8,8174.3
sem+soc,0.9,0.9,6,119,30,8,8348.1
sem+soc,0.9,0.9,6,120,31,8,8101.4
sem+soc,0.9,0.9,6,121,31,8,8219.7
sem+soc,0.9,0.9,6,122,31,8,8328.8
sem+soc,0.9,0.9,6,123,31,8,8443.5
sem+soc,0.9,0.9,6,124,31,8,7698.6
sem+soc,0.9,0.9,6,125,31,8,7413.3
sem+soc,0.9,0.9,6,126,31,8,7142.3
sem+soc,0.9,0.9,6,127,31,8,7554.9
sem+soc,0.9,0.9,6,128,31,8,7714.6
sem+soc,0.9,0.9,6,129,31,8,8023.2
sem+soc,0.9,0.9,6,130,31,8,8131.6
sem+soc,0.9,0.9,6,131,31,8,8232.0
sem+soc,0.9,0.9,6,132,31,8,8438.3
sem+soc,0.9,0.9,6,133,31,8,8078.8
sem+soc,0.9,0.9,6,134,31,8,7478.5
sem+soc,0.9,0.9,6,135,31,8,7604.1
sem+soc,0.9,0.9,6,136,31,8,7806.5
sem+soc,0.9,0.9,6,137,31,8,8098.8
sem+soc,0.9,0.9,6,138,31,8,8423.4
sem+soc,0.9,0.9,6,139,31,8,8253.8
sem+soc,0.9,0.9,6,140,31,8,8042.5
sem+soc,0.9,0.9,6,141,31,8,7969.3
sem+soc,0.9,0.9,6,142,31,8,7574.0
sem+soc,0.9,0.9,6,143,31,8,7694.5
sem+soc,0.9,0.9,6,144,31,8,7657.8
sem+soc,0.9,0.9,6,145,31,8,7545.1
sem+soc,0.9,0.9,6,146,31,8,7578.0
sem+soc,0.9,0.9,6,147,31,8,7739.6
sem+soc,0.9,0.9,6,148,31,8,8189.3
sem+soc,0.9,0.9,6,149,31,8,8485.9
sem+soc,0.9,0.9,6,150,31,8,8327.9
sem+soc,0.9,0.9,7,0,0,0,0.0
sem+soc,0.9,0.9,7,1,5,2,62.4
sem+soc,0.9,0.9,7,2,6,3,90.0
sem+soc,0.9,0.9,7,3,6,3,90.0
sem+soc,0.9,0.9,7,4,6,3,90.0
sem+soc,0.9,0.9,7,5,7,3,103.8
sem+soc,0.9,0.9,7,6,7,3,105.0
sem+soc,0.9,0.9,7,7,7,3,105.0
sem+soc,0.9,0.9,7,8,7,3,105.0
sem+soc,0.9,0.9,7,9,7,3,105.0
sem+soc,0.9,0.9,7,10,7,3,105.0
sem+soc,0.9,0.9,7,11,7,3,102.9
sem+soc,0.9,0.9,7,12,7,3,105.0
sem+soc,0.9,0.9,7,13,8,3,119.4
sem+soc,0.9,0.9,7,14,8,3,120.0
sem+soc,0.9,0.9,7,15,8,3,120.0
sem+soc,0.9,0.9,7,16,8,3,120.0
sem+soc,0.9,0.9,7,17,8,3,120.0
sem+soc,0.9,0.9,7,18,9,4,135.0
sem+soc,0.9,0.9,7,19,9,4,135.0
sem+soc,0.9,0.9,7,20,10,5,470.0
sem+soc,0.9,0.9,7,21,10,5,460.6
sem+soc,0.9,0.9,7,22,11,5,524.1
sem+soc,0.9,0.9,7,23,11,5,535.0
sem+soc,0.9,0.9,7,24,11,5,535.0
sem+soc,0.9,0.9,7,25,12,6,856.1
sem+soc,0.9,0.9,7,26,13,6,909.1
sem+soc,0.9,0.9,7,27,13,6,909.9
sem+soc,0.9,0.9,7,28,13,6,936.2
sem+soc,0.9,0.9,7,29,13,6,945.0
sem+soc,0.9,0.9,7,30,13,6,869.4
sem+soc,0.9,0.9,7,31,13,6,881.2
sem+soc,0.9,0.9,7,32,14,6,980.3
sem+soc,0.9,0.9,7,33,15,7,1386.9
sem+soc,0.9,0.9,7,34,15,7,1308.0
sem+soc,0.9,0.9,7,35,15,7,1126.9
sem+soc,0.9,0.9,7,36,15,7,1212.7
sem+soc,0.9,0.9,7,37,16,7,1719.0
sem+soc,0.9,0.9,7,38,18,8,2148.2
sem+soc,0.9,0.9,7,39,18,8,2940.5
sem+soc,0.9,0.9,7,40,18,8,3246.0
sem+soc,0.9,0.9,7,41,19,8,3529.4
sem+soc,0.9,0.9,7,42,19,8,3622.6
sem+soc,0.9,0.9,7,43,20,8,4155.6
sem+soc,0.9,0.9,7,44,20,8,4212.3
sem+soc,0.9,0.9,7,45,20,8,4256.2
sem+soc,0.9,0.9,7,46,21,8,4965.9
sem+soc,0.9,0.9,7,47,22,8,4990.0
sem+soc,0.9,0.9,7,48,22,8,4890.2
sem+soc,0.9,0.9,7,49,22,8,4892.6
sem+soc,0.9,0.9,7,50,22,8,4936.4
sem+soc,0.9,0.9,7,51,22,8,4990.0
sem+soc,0.9,0.9,7,52,22,8,4990.0
sem+soc,0.9,0.9,7,53,22,8,4990.0
sem+soc,0.9,0.9,7,54,23,8,5005.0
sem+soc,0.9,0.9,7,55,24,8,5500.8
sem+soc,0.9,0.9,7,56,24,8,5512.5
sem+soc,0.9,0.9,7,57,24,8,5369.7
sem+soc,0.9,0.9,7,58,24,8,5392.9
sem+soc,0.9,0.9,7,59,24,8,5147.9
sem+soc,0.9,0.9,7,60,24,8,5335.4
sem+soc,0.9,0.9,7,61,24,8,5477.0
sem+soc,0.9,0.9,7,62,24,8,5503.5
sem+soc,0.9,0.9,7,63,24,8,5366.6
sem+soc,0.9,0.9,7,64,24,8,5462.8
sem+soc,0.9,0.9,7,65,25,8,5864.4
sem+soc,0.9,0.9,7,66,25,8,5696.6
sem+soc,0.9,0.9,7,67,26,8,5699.0
sem+soc,0.9,0.9,7,68,27,8,6202.3
sem+soc,0.9,0.9,7,69,27,8,6295.2
sem+soc,0.9,0.9,7,70,27,8,6333.5
sem+soc,0.9,0.9,7,71,27,8,6282.7
sem+soc,0.9,0.9,7,72,27,8,5981.6
sem+soc,0.9,0.9,7,73,27,8,6036.0
sem+soc,0.9,0.9,7,74,27,8,6275.4
sem+soc,0.9,0.9,7,75,27,8,6351.9
sem+soc,0.9,0.9,7,76,27,8,6050.9
sem+soc,0.9,0.9,7,77,27,8,5770.9
sem+soc,0.9,0.9,7,78,27,8,5893.5
sem+soc,0.9,0.9,7,79,27,8,6380.5
sem+soc,0.9,0.9,7,80,27,8,7030.8
sem+soc,0.9,0.9,7,81,27,8,7195.0
sem+soc,0.9,0.9,7,82,27,8,6763.3
sem+soc,0.9,0.9,7,83,27,8,6628.1
sem+soc,0.9,0.9,7,84,27,8,6802.3
sem+soc,0.9,0.9,7,85,27,8,7091.8
sem+soc,0.9,0.9,7,86,27,8,7195.0
sem+soc,0.9,0.9,7,87,27,8,6907.2
sem+soc,0.9,0.9,7,88,27,8,6913.2
sem+soc,0.9,0.9,7,89,27,8,7029.3
sem+soc,0.9,0.9,7,90,27,8,7164.7
sem+soc,0.9,0.9,7,91,28,8,7880.0
sem+soc,0.9,0.9,7,92,28,8,7722.4
sem+soc,0.9,0.9,7,93,28,8,7567.8
sem+soc,0.9,0.9,7,94,29,8,7480.2
sem+soc,0.9,0.9,7,95,29,8,7639.0
sem+soc,0.9,0.9,7,96,31,9,8602.4
sem+soc,0.9,0.9,7,97,31,9,8494.5
sem+soc,0.9,0.9,7,98,32,9,8627.2
sem+soc,0.9,0.9,7,99,32,9,8529.1
sem+soc,0.9,0.9,7,100,32,9,8456.5
sem+soc,0.9,0.9,7,101,33,9,8494.8
sem+soc,0.9,0.9,7,102,34,9,8655.8
sem+soc,0.9,0.9,7,103,35,9,9463.8
sem+soc,0.9,0.9,7,104,35,9,9153.4
sem+soc,0.9,0.9,7,105,36,9,10518.0
sem+soc,0.9,0.9,7,106,36,9,10888.2
sem+soc,0.9,0.9,7,107,36,9,11459.3
sem+soc,0.9,0.9,7,108,36,9,11765.9
sem+soc,0.9,0.9,7,109,36,9,11271.1
sem+soc,0.9,0.9,7,110,36,9,11058.6
sem+soc,0.9,0.9,7,111,36,9,10975.0
sem+soc,0.9,0.9,7,112,36,9,11215.0
sem+soc,0.9,0.9,7,113,36,9,11247.3
sem+soc,0.9,0.9,7,114,37,9,11900.6
sem+soc,0.9,0.9,7,115,37,9,12084.2
sem+soc,0.9,0.9,7,116,37,9,12524.7
sem+soc,0.9,0.9,7,117,37,9,12854.2
sem+soc,0.9,0.9,7,118,37,9,13102.4
sem+soc,0.9,0.9,7,119,37,9,12439.9
sem+soc,0.9,0.9,7,120,37,9,12558.5
sem+soc,0.9,0.9,7,121,37,9,12888.7
sem+soc,0.9,0.9,7,122,37,9,13083.4
sem+soc,0.9,0.9,7,123,37,9,13433.1
sem+soc,0.9,0.9,7,124,38,9,14091.0
sem+soc,0.9,0.9,7,125,38,9,13544.2
sem+soc,0.9,0.9,7,126,38,9,13473.1
sem+soc,0.9,0.9,7,127,38,9,13461.2
sem+soc,0.9,0.9,7,128,38,9,12941.8
sem+soc,0.9,0.9,7,129,38,9,13009.9
sem+soc,0.9,0.9,7,130,38,9,13147.4
sem+soc,0.9,0.9,7,131,38,9,13268.3
sem+soc,0.9,0.9,7,132,38,9,12874.5
sem+soc,0.9,0.9,7,133,38,9,13329.3
sem+soc,0.9,0.9,7,134,38,9,13107.3
sem+soc,0.9,0.9,7,135,38,9,12357.5
sem+soc,0.9,0.9,7,136,38,9,11950.0
sem+soc,0.9,0.9,7,137,38,9,12389.6
sem+soc,0.9,0.9,7,138,38,9,12592.9
sem+soc,0.9,0.9,7,139,38,9,12282.0
sem+soc,0.9,0.9,7,140,38,9,12070.2
sem+soc,0.9,0.9,7,141,39,9,12103.8
sem+soc,0.9,0.9,7,142,39,9,11553.8
sem+soc,0.9,0.9,7,143,39,9,12386.4
sem+soc,0.9,0.9,7,144,39,9,13437.9
sem+soc,0.9,0.9,7,145,39,9,14480.5
sem+soc,0.9,0.9,7,146,39,9,15240.7
sem+soc,0.9,0.9,7,147,39,9,15556.7
sem+soc,0.9,0.9,7,148,39,9,15645.0
sem+soc,0.9,0.9,7,149,39,9,15019.2
sem+soc,0.9,0.9,7,150,39,9,14712.7
sem+soc,0.9,0.9,8,0,0,0,0.0
sem+soc,0.9,0.9,8,1,3,1,30.0
sem+soc,0.9,0.9,8,2,3,1,45.0
sem+soc,0.9,0.9,8,3,5,2,70.2
sem+soc,0.9,0.9,8,4,6,3,86.7
sem+soc,0.9,0.9,8,5,8,3,115.8
sem+soc,0.9,0.9,8,6,8,3,120.0
sem+soc,0.9,0.9,8,7,8,3,120.0
sem+soc,0.9,0.9,8,8,8,3,120.0
sem+soc,0.9,0.9,8,9,8,3,120.0
sem+soc,0.9,0.9,8,10,8,3,120.0
sem+soc,0.9,0.9,8,11,8,3,120.0
sem+soc,0.9,0.9,8,12,8,3,120.0
sem+soc,0.9,0.9,8,13,8,3,120.0
sem+soc,0.9,0.9,8,14,8,3,120.0
sem+soc,0.9,0.9,8,15,8,3,120.0
sem+soc,0.9,0.9,8,16,9,4,132.0
sem+soc,0.9,0.9,8,17,9,4,135.0
sem+soc,0.9,0.9,8,18,9,4,132.3
sem+soc,0.9,0.9,8,19,9,4,132.3
sem+soc,0.9,0.9,8,20,9,4,134.4
sem+soc,0.9,0.9,8,21,10,4,149.1
sem+soc,0.9,0.9,8,22,10,4,150.0
sem+soc,0.9,0.9,8,23,10,4,150.0
sem+soc,0.9,0.9,8,24,10,4,150.0
sem+soc,0.9,0.9,8,25,10,4,150.0
sem+soc,0.9,0.9,8,26,10,4,147.0
sem+soc,0.9,0.9,8,27,10,4,149.7
sem+soc,0.9,0.9,8,28,10,4,147.0
sem+soc,0.9,0.9,8,29,12,6,218.9
sem+soc,0.9,0.9,8,30,12,6,217.0
sem+soc,0.9,0.9,8,31,13,6,496.0
sem+soc,0.9,0.9,8,32,13,6,534.8
sem+soc,0.9,0.9,8,33,14,7,515.2
sem+soc,0.9,0.9,8,34,15,7,810.6
sem+soc,0.9,0.9,8,35,16,7,928.2
sem+soc,0.9,0.9,8,36,16,7,849.2
sem+soc,0.9,0.9,8,37,17,7,1011.2
sem+soc,0.9,0.9,8,38,17,7,1059.9
sem+soc,0.9,0.9,8,39,17,7,1034.2
sem+soc,0.9,0.9,8,40,17,7,1115.2
sem+soc,0.9,0.9,8,41,18,7,1289.5
sem+soc,0.9,0.9,8,42,18,7,1398.7
sem+soc,0.9,0.9,8,43,18,7,1469.6
sem+soc,0.9,0.9,8,44,20,7,1915.0
sem+soc,0.9,0.9,8,45,20,7,2220.0
sem+soc,0.9,0.9,8,46,21,7,2675.0
sem+soc,0.9,0.9,8,47,21,7,2675.0
sem+soc,0.9,0.9,8,48,21,7,2675.0
sem+soc,0.9,0.9,8,49,21,7,2675.0
sem+soc,0.9,0.9,8,50,21,7,2568.0
sem+soc,0.9,0.9,8,51,21,7,2520.2
sem+soc,0.9,0.9,8,52,22,8,3275.0
sem+soc,0.9,0.9,8,53,22,8,3372.5
sem+soc,0.9,0.9,8,54,22,8,3400.0
sem+soc,0.9,0.9,8,55,22,8,3332.0
sem+soc,0.9,0.9,8,56,22,8,3334.7
sem+soc,0.9,0.9,8,57,23,8,3902.0
sem+soc,0.9,0.9,8,58,23,8,3993.0
sem+soc,0.9,0.9,8,59,23,8,3962.8
sem+soc,0.9,0.9,8,60,23,8,4060.2
sem+soc,0.9,0.9,8,61,23,8,4055.8
sem+soc,0.9,0.9,8,62,24,8,4586.1
sem+soc,0.9,0.9,8,63,24,8,4697.8
sem+soc,0.9,0.9,8,64,24,8,4669.8
sem+soc,0.9,0.9,8,65,24,8,4146.3
sem+soc,0.9,0.9,8,66,25,8,4668.4
sem+soc,0.9,0.9,8,67,25,8,5112.5
sem+soc,0.9,0.9,8,68,25,8,4985.0
sem+soc,0.9,0.9,8,69,25,8,4760.1
sem+soc,0.9,0.9,8,70,25,8,4220.3
sem+soc,0.9,0.9,8,71,25,8,4706.7
sem+soc,0.9,0.9,8,72,25,8,4695.8
sem+soc,0.9,0.9,8,73,25,8,4643.7
sem+soc,0.9,0.9,8,74,25,8,4618.0
sem+soc,0.9,0.9,8,75,25,8,4927.3
sem+soc,0.9,0.9,8,76,25,8,4981.3
sem+soc,0.9,0.9,8,77,25,8,5112.4
sem+soc,0.9,0.9,8,78,25,8,4912.8
sem+soc,0.9,0.9,8,79,25,8,5176.9
sem+soc,0.9,0.9,8,80,25,8,5310.9
sem+soc,0.9,0.9,8,81,25,8,5515.0
sem+soc,0.9,0.9,8,82,25,8,5404.7
sem+soc,0.9,0.9,8,83,25,8,5296.8
sem+soc,0.9,0.9,8,84,25,8,5333.6
sem+soc,0.9,0.9,8,85,25,8,5449.3
sem+soc,0.9,0.9,8,86,25,8,5404.7
sem+soc,0.9,0.9,8,87,25,8,5407.1
sem+soc,0.9,0.9,8,88,25,8,5223.5
sem+soc,0.9,0.9,8,89,25,8,5190.8
sem+soc,0.9,0.9,8,90,25,8,5206.6
sem+soc,0.9,0.9,8,91,25,8,5171.5
sem+soc,0.9,0.9,8,92,25,8,5041.5
sem+soc,0.9,0.9,8,93,26,8,5671.6
sem+soc,0.9,0.9,8,94,26,8,5951.3
sem+soc,0.9,0.9,8,95,26,8,6006.8
sem+soc,0.9,0.9,8,96,26,8,5698.5
sem+soc,0.9,0.9,8,97,26,8,5606.4
sem+soc,0.9,0.9,8,98,26,8,5609.7
sem+soc,0.9,0.9,8,99,26,8,5602.2
sem+soc,0.9,0.9,8,100,26,8,5559.4
sem+soc,0.9,0.9,8,101,26,8,5546.6
sem+soc,0.9,0.9,8,102,26,8,5617.9
sem+soc,0.9,0.9,8,103,26,8,5552.5
sem+soc,0.9,0.9,8,104,26,8,5791.7
sem+soc,0.9,0.9,8,105,26,8,5640.2
sem+soc,0.9,0.9,8,106,26,8,5579.1
sem+soc,0.9,0.9,8,107,26,8,5467.1
sem+soc,0.9,0.9,8,108,26,8,5520.1
sem+soc,0.9,0.9,8,109,27,8,6036.2
sem+soc,0.9,0.9,8,110,27,8,5766.9
sem+soc,0.9,0.9,8,111,27,8,5882.5
sem+soc,0.9,0.9,8,112,27,8,6044.6
sem+soc,0.9,0.9,8,113,27,8,6266.3
sem+soc,0.9,0.9,8,114,27,8,6211.4
sem+soc,0.9,0.9,8,115,27,8,6240.7
sem+soc,0.9,0.9,8,116,27,8,6287.0
sem+soc,0.9,0.9,8,117,27,8,6496.1
sem+soc,0.9,0.9,8,118,27,8,6647.5
sem+soc,0.9,0.9,8,119,27,8,6470.7
sem+soc,0.9,0.9,8,120,27,8,6480.6
sem+soc,0.9,0.9,8,121,28,8,7199.8
sem+soc,0.9,0.9,8,122,28,8,7324.2
sem+soc,0.9,0.9,8,123,28,8,7380.0
sem+soc,0.9,0.9,8,124,28,8,7232.4
sem+soc,0.9,0.9,8,125,28,8,6939.3
sem+soc,0.9,0.9,8,126,28,8,6848.0
sem+soc,0.9,0.9,8,127,28,8,6996.3
sem+soc,0.9,0.9,8,128,28,8,7063.2
sem+soc,0.9,0.9,8,129,28,8,6756.7
sem+soc,0.9,0.9,8,130,28,8,6381.3
sem+soc,0.9,0.9,8,131,28,8,6462.2
sem+soc,0.9,0.9,8,132,29,8,6379.6
sem+soc,0.9,0.9,8,133,29,8,6553.4
sem+soc,0.9,0.9,8,134,29,8,6711.4
sem+soc,0.9,0.9,8,135,29,8,7168.0
sem+soc,0.9,0.9,8,136,29,8,7410.0
sem+soc,0.9,0.9,8,137,29,8,7549.7
sem+soc,0.9,0.9,8,138,29,8,7418.3
sem+soc,0.9,0.9,8,139,29,8,7372.8
sem+soc,0.9,0.9,8,140,29,8,7462.1
sem+soc,0.9,0.9,8,141,29,8,7486.2
sem+soc,0.9,0.9,8,142,29,8,7208.9
sem+soc,0.9,0.9,8,143,29,8,7120.2
sem+soc,0.9,0.9,8,144,29,8,7121.7
sem+soc,0.9,0.9,8,145,29,8,7337.7
sem+soc,0.9,0.9,8,146,29,8,7369.2
sem+soc,0.9,0.9,8,147,29,8,7300.3
sem+soc,0.9,0.9,8,148,29,8,7398.1
sem+soc,0.9,0.9,8,149,29,8,7714.5
sem+soc,0.9,0.9,8,150,29,8,8039.1
sem+soc,0.9,0.9,9,0,0,0,0.0
sem+soc,0.9,0.9,9,1,6,3,71.4
sem+soc,0.9,0.9,9,2,6,3,90.0
sem+soc,0.9,0.9,9,3,8,3,115.2
sem+soc,0.9,0.9,9,4,8,3,120.0
sem+soc,0.9,0.9,9,5,9,4,135.0
sem+soc,0.9,0.9,9,6,9,4,135.0
sem+soc,0.9,0.9,9,7,9,4,135.0
sem+soc,0.9,0.9,9,8,9,4,135.0
sem+soc,0.9,0.9,9,9,9,4,135.0
sem+soc,0.9,0.9,9,10,9,4,135.0
sem+soc,0.9,0.9,9,11,9,4,135.0
sem+soc,0.9,0.9,9,12,9,4,135.0
sem+soc,0.9,0.9,9,13,9,4,135.0
sem+soc,0.9,0.9,9,14,9,4,135.0
sem+soc,0.9,0.9,9,15,9,4,135.0
sem+soc,0.9,0.9,9,16,9,4,135.0
sem+soc,0.9,0.9,9,17,9,4,135.0
sem+soc,0.9,0.9,9,18,9,4,135.0
sem+soc,0.9,0.9,9,19,9,4,132.3
sem+soc,0.9,0.9,9,20,9,4,132.3
sem+soc,0.9,0.9,9,21,9,4,132.3
sem+soc,0.9,0.9,9,22,10,5,141.0
sem+soc,0.9,0.9,9,23,10,5,148.5
sem+soc,0.9,0.9,9,24,10,5,147.0
sem+soc,0.9,0.9,9,25,10,5,143.7
sem+soc,0.9,0.9,9,26,10,5,140.4
sem+soc,0.9,0.9,9,27,10,5,145.8
sem+soc,0.9,0.9,9,28,10,5,144.0
sem+soc,0.9,0.9,9,29,10,5,149.1
sem+soc,0.9,0.9,9,30,10,5,150.0
sem+soc,0.9,0.9,9,31,10,5,138.0
sem+soc,0.9,0.9,9,32,10,5,142.2
sem+soc,0.9,0.9,9,33,10,5,136.8
sem+soc,0.9,0.9,9,34,10,5,139.8
sem+soc,0.9,0.9,9,35,10,5,136.8
sem+soc,0.9,0.9,9,36,10,5,128.4
sem+soc,0.9,0.9,9,37,10,5,141.3
sem+soc,0.9,0.9,9,38,10,5,139.5
sem+soc,0.9,0.9,9,39,10,5,147.0
sem+soc,0.9,0.9,9,40,10,5,147.0
sem+soc,0.9,0.9,9,41,10,5,144.0
sem+soc,0.9,0.9,9,42,10,5,147.0
sem+soc,0.9,0.9,9,43,10,5,150.0
sem+soc,0.9,0.9,9,44,10,5,147.0
sem+soc,0.9,0.9,9,45,10,5,148.8
sem+soc,0.9,0.9,9,46,10,5,150.0
sem+soc,0.9,0.9,9,47,10,5,150.0
sem+soc,0.9,0.9,9,48,10,5,150.0
sem+soc,0.9,0.9,9,49,10,5,150.0
sem+soc,0.9,0.9,9,50,10,5,144.0
sem+soc,0.9,0.9,9,51,10,5,148.8
sem+soc,0.9,0.9,9,52,10,5,150.0
sem+soc,0.9,0.9,9,53,10,5,150.0
sem+soc,0.9,0.9,9,54,10,5,150.0
sem+soc,0.9,0.9,9,55,10,5,150.0
sem+soc,0.9,0.9,9,56,10,5,147.0
sem+soc,0.9,0.9,9,57,10,5,144.0
sem+soc,0.9,0.9,9,58,10,5,141.0
sem+soc,0.9,0.9,9,59,10,5,140.4
sem+soc,0.9,0.9,9,60,10,5,145.8
sem+soc,0.9,0.9,9,61,10,5,143.4
sem+soc,0.9,0.9,9,62,10,5,143.1
sem+soc,0.9,0.9,9,63,10,5,144.0
sem+soc,0.9,0.9,9,64,10,5,146.4
sem+soc,0.9,0.9,9,65,10,5,131.7
sem+soc,0.9,0.9,9,66,10,5,147.6
sem+soc,0.9,0.9,9,67,10,5,150.0
sem+soc,0.9,0.9,9,68,10,5,150.0
sem+soc,0.9,0.9,9,69,10,5,141.0
sem+soc,0.9,0.9,9,70,10,5,147.0
sem+soc,0.9,0.9,9,71,10,5,134.7
sem+soc,0.9,0.9,9,72,10,5,136.2
sem+soc,0.9,0.9,9,73,10,5,138.9
sem+soc,0.9,0.9,9,74,10,5,140.1
sem+soc,0.9,0.9,9,75,10,5,143.1
sem+soc,0.9,0.9,9,76,10,5,149.7
sem+soc,0.9,0.9,9,77,10,5,141.0
sem+soc,0.9,0.9,9,78,10,5,149.4
sem+soc,0.9,0.9,9,79,10,5,150.0
sem+soc,0.9,0.9,9,80,10,5,147.0
sem+soc,0.9,0.9,9,81,11,5,161.4
sem+soc,0.9,0.9,9,82,12,5,204.7
sem+soc,0.9,0.9,9,83,12,5,225.4
sem+soc,0.9,0.9,9,84,12,5,228.4
sem+soc,0.9,0.9,9,85,12,5,220.8
sem+soc,0.9,0.9,9,86,12,5,222.6
sem+soc,0.9,0.9,9,87,12,5,223.2
sem+soc,0.9,0.9,9,88,12,5,227.8
sem+soc,0.9,0.9,9,89,12,5,230.0
sem+soc,0.9,0.9,9,90,12,5,207.0
sem+soc,0.9,0.9,9,91,12,5,212.4
sem+soc,0.9,0.9,9,92,13,6,236.0
sem+soc,0.9,0.9,9,93,14,7,257.0
sem+soc,0.9,0.9,9,94,14,7,254.8
sem+soc,0.9,0.9,9,95,14,7,247.4
sem+soc,0.9,0.9,9,96,14,7,254.7
sem+soc,0.9,0.9,9,97,14,7,254.8
sem+soc,0.9,0.9,9,98,15,7,292.4
sem+soc,0.9,0.9,9,99,15,7,355.5
sem+soc,0.9,0.9,9,100,15,7,352.7
sem+soc,0.9,0.9,9,101,16,7,546.8
sem+soc,0.9,0.9,9,102,16,7,581.2
sem+soc,0.9,0.9,9,103,16,7,566.4
sem+soc,0.9,0.9,9,104,16,7,535.2
sem+soc,0.9,0.9,9,105,16,7,499.8
sem+soc,0.9,0.9,9,106,16,7,532.7
sem+soc,0.9,0.9,9,107,17,7,865.5
sem+soc,0.9,0.9,9,108,19,7,1103.2
sem+soc,0.9,0.9,9,109,19,7,1196.0
sem+soc,0.9,0.9,9,110,19,7,1181.3
sem+soc,0.9,0.9,9,111,19,7,1174.7
sem+soc,0.9,0.9,9,112,19,7,1211.0
sem+soc,0.9,0.9,9,113,19,7,1263.6
sem+soc,0.9,0.9,9,114,20,7,1606.8
sem+soc,0.9,0.9,9,115,20,7,1554.1
sem+soc,0.9,0.9,9,116,20,7,1640.3
sem+soc,0.9,0.9,9,117,21,7,2126.2
sem+soc,0.9,0.9,9,118,22,8,2822.4
sem+soc,0.9,0.9,9,119,22,8,2831.5
sem+soc,0.9,0.9,9,120,23,8,3285.6
sem+soc,0.9,0.9,9,121,24,8,4076.8
sem+soc,0.9,0.9,9,122,24,8,4079.8
sem+soc,0.9,0.9,9,123,24,8,4057.4
sem+soc,0.9,0.9,9,124,24,8,3830.9
sem+soc,0.9,0.9,9,125,24,8,3805.1
sem+soc,0.9,0.9,9,126,24,8,3761.8
sem+soc,0.9,0.9,9,127,24,8,3794.9
sem+soc,0.9,0.9,9,128,24,8,3850.0
sem+soc,0.9,0.9,9,129,25,8,4315.4
sem+soc,0.9,0.9,9,130,25,8,4584.2
sem+soc,0.9,0.9,9,131,25,8,4306.0
sem+soc,0.9,0.9,9,132,25,8,4376.5
sem+soc,0.9,0.9,9,133,25,8,4296.7
sem+soc,0.9,0.9,9,134,25,8,4377.2
sem+soc,0.9,0.9,9,135,25,8,4350.9
sem+soc,0.9,0.9,9,136,25,8,4286.6
sem+soc,0.9,0.9,9,137,25,8,4235.8
sem+soc,0.9,0.9,9,138,26,8,4910.8
sem+soc,0.9,0.9,9,139,26,8,4659.0
sem+soc,0.9,0.9,9,140,26,8,4727.5
sem+soc,0.9,0.9,9,141,26,8,4658.4
sem+soc,0.9,0.9,9,142,26,8,4508.7
sem+soc,0.9,0.9,9,143,26,8,4568.6
sem+soc,0.9,0.9,9,144,26,8,4872.4
sem+soc,0.9,0.9,9,145,27,8,5901.1
sem+soc,0.9,0.9,9,146,27,8,6001.1
sem+soc,0.9,0.9,9,147,27,8,5824.0
sem+soc,0.9,0.9,9,148,27,8,5634.6
sem+soc,0.9,0.9,9,149,27,8,5591.9
sem+soc,0.9,0.9,9,150,27,8,5691.9
sem+soc,0.9,0.9,10,0,0,0,0.0
sem+soc,0.9,0.9,10,1,4,1,59.4
sem+soc,0.9,0.9,10,2,4,1,60.0
sem+soc,0.9,0.9,10,3,4,1,60.0
sem+soc,0.9,0.9,10,4,4,1,60.0
sem+soc,0.9,0.9,10,5,4,1,60.0
sem+soc,0.9,0.9,10,6,5,2,60.3
sem+soc,0.9,0.9,10,7,5,2,75.0
sem+soc,0.9,0.9,10,8,5,2,75.0
sem+soc,0.9,0.9,10,9,7,3,105.0
sem+soc,0.9,0.9,10,10,8,3,120.0
sem+soc,0.9,0.9,10,11,10,5,195.3
sem+soc,0.9,0.9,10,12,10,5,460.6
sem+soc,0.9,0.9,10,13,11,5,504.6
sem+soc,0.9,0.9,10,14,12,6,541.7
sem+soc,0.9,0.9,10,15,13,7,561.4
sem+soc,0.9,0.9,10,16,13,7,553.7
sem+soc,0.9,0.9,10,17,13,7,556.1
sem+soc,0.9,0.9,10,18,13,7,565.0
sem+soc,0.9,0.9,10,19,14,7,668.5
sem+soc,0.9,0.9,10,20,15,7,877.1
sem+soc,0.9,0.9,10,21,15,7,879.8
sem+soc,0.9,0.9,10,22,15,7,859.2
sem+soc,0.9,0.9,10,23,15,7,846.7
sem+soc,0.9,0.9,10,24,15,7,881.1
sem+soc,0.9,0.9,10,25,15,7,877.1
sem+soc,0.9,0.9,10,26,15,7,851.7
sem+soc,0.9,0.9,10,27,15,7,835.2
sem+soc,0.9,0.9,10,28,15,7,864.6
sem+soc,0.9,0.9,10,29,15,7,877.1
sem+soc,0.9,0.9,10,30,15,7,773.7
sem+soc,0.9,0.9,10,31,16,7,835.2
sem+soc,0.9,0.9,10,32,17,7,900.9
sem+soc,0.9,0.9,10,33,18,7,999.9
sem+soc,0.9,0.9,10,34,18,7,1330.0
sem+soc,0.9,0.9,10,35,18,7,1319.3
sem+soc,0.9,0.9,10,36,18,7,1389.9
sem+soc,0.9,0.9,10,37,18,7,1351.8
sem+soc,0.9,0.9,10,38,18,7,1313.0
sem+soc,0.9,0.9,10,39,18,7,1364.5
sem+soc,0.9,0.9,10,40,18,7,1328.4
sem+soc,0.9,0.9,10,41,18,7,1272.3
sem+soc,0.9,0.9,10,42,19,7,1500.6
sem+soc,0.9,0.9,10,43,19,7,1614.8
sem+soc,0.9,0.9,10,44,19,7,1678.3
sem+soc,0.9,0.9,10,45,19,7,1695.0
sem+soc,0.9,0.9,10,46,19,7,1695.0
sem+soc,0.9,0.9,10,47,19,7,1695.0
sem+soc,0.9,0.9,10,48,19,7,1695.0
sem+soc,0.9,0.9,10,49,19,7,1695.0
sem+soc,0.9,0.9,10,50,20,7,2220.0
sem+soc,0.9,0.9,10,51,20,7,2175.6
sem+soc,0.9,0.9,10,52,20,7,2000.4
sem+soc,0.9,0.9,10,53,20,7,1997.4
sem+soc,0.9,0.9,10,54,21,7,2497.7
sem+soc,0.9,0.9,10,55,21,7,2567.4
sem+soc,0.9,0.9,10,56,21,7,2611.4
sem+soc,0.9,0.9,10,57,21,7,2647.5
sem+soc,0.9,0.9,10,58,23,8,3719.7
sem+soc,0.9,0.9,10,59,23,8,3842.3
sem+soc,0.9,0.9,10,60,23,8,3890.1
sem+soc,0.9,0.9,10,61,24,8,4004.3
sem+soc,0.9,0.9,10,62,25,8,4595.9
sem+soc,0.9,0.9,10,63,25,8,5049.0
sem+soc,0.9,0.9,10,64,25,8,5193.2
sem+soc,0.9,0.9,10,65,25,8,5072.9
sem+soc,0.9,0.9,10,66,25,8,5061.4
sem+soc,0.9,0.9,10,67,25,8,4939.9
sem+soc,0.9,0.9,10,68,25,8,5014.4
sem+soc,0.9,0.9,10,69,25,8,4844.0
sem+soc,0.9,0.9,10,70,25,8,5002.9
sem+soc,0.9,0.9,10,71,25,8,5165.0
sem+soc,0.9,0.9,10,72,25,8,4878.9
sem+soc,0.9,0.9,10,73,25,8,5011.4
sem+soc,0.9,0.9,10,74,26,8,5741.7
sem+soc,0.9,0.9,10,75,26,8,5560.2
sem+soc,0.9,0.9,10,76,27,8,5364.9
sem+soc,0.9,0.9,10,77,27,8,5699.0
sem+soc,0.9,0.9,10,78,27,8,5874.1
sem+soc,0.9,0.9,10,79,27,8,5838.1
sem+soc,0.9,0.9,10,80,27,8,5733.6
sem+soc,0.9,0.9,10,81,27,8,5806.6
sem+soc,0.9,0.9,10,82,27,8,5902.1
sem+soc,0.9,0.9,10,83,27,8,5965.3
sem+soc,0.9,0.9,10,84,27,8,6102.4
sem+soc,0.9,0.9,10,85,27,8,5832.7
sem+soc,0.9,0.9,10,86,27,8,5593.2
sem+soc,0.9,0.9,10,87,29,9,6521.4
sem+soc,0.9,0.9,10,88,29,9,7307.2
sem+soc,0.9,0.9,10,89,29,9,7428.8
sem+soc,0.9,0.9,10,90,29,9,7590.5
sem+soc,0.9,0.9,10,91,29,9,7450.6
sem+soc,0.9,0.9,10,92,30,9,8075.0
sem+soc,0.9,0.9,10,93,30,9,7665.8
sem+soc,0.9,0.9,10,94,30,9,7775.7
sem+soc,0.9,0.9,10,95,30,9,8216.2
sem+soc,0.9,0.9,10,96,30,9,8613.5
sem+soc,0.9,0.9,10,97,30,9,8515.4
sem+soc,0.9,0.9,10,98,30,9,8671.3
sem+soc,0.9,0.9,10,99,30,9,8213.5
sem+soc,0.9,0.9,10,100,31,9,8021.2
sem+soc,0.9,0.9,10,101,31,9,8066.6
sem+soc,0.9,0.9,10,102,33,9,9217.0
sem+soc,0.9,0.9,10,103,33,9,9432.4
sem+soc,0.9,0.9,10,104,33,9,9666.7
sem+soc,0.9,0.9,10,105,33,9,9717.1
sem+soc,0.9,0.9,10,106,33,9,10105.2
sem+soc,0.9,0.9,10,107,33,9,10099.5
sem+soc,0.9,0.9,10,108,33,9,9779.0
sem+soc,0.9,0.9,10,109,33,9,9708.9
sem+soc,0.9,0.9,10,110,33,9,9745.6
sem+soc,0.9,0.9,10,111,33,9,9925.7
sem+soc,0.9,0.9,10,112,33,9,10100.1
sem+soc,0.9,0.9,10,113,33,9,9818.3
sem+soc,0.9,0.9,10,114,33,9,9621.2
sem+soc,0.9,0.9,10,115,33,9,9971.0
sem+soc,0.9,0.9,10,116,33,9,10034.5
sem+soc,0.9,0.9,10,117,33,9,10115.5
sem+soc,0.9,0.9,10,118,33,9,10131.1
sem+soc,0.9,0.9,10,119,33,9,9800.7
sem+soc,0.9,0.9,10,120,34,9,10167.5
sem+soc,0.9,0.9,10,121,34,9,10054.7
sem+soc,0.9,0.9,10,122,34,9,10139.8
sem+soc,0.9,0.9,10,123,34,9,9390.8
sem+soc,0.9,0.9,10,124,34,9,9476.3
sem+soc,0.9,0.9,10,125,34,9,9750.7
sem+soc,0.9,0.9,10,126,34,9,10444.9
sem+soc,0.9,0.9,10,127,34,9,10267.8
sem+soc,0.9,0.9,10,128,34,9,9767.1
sem+soc,0.9,0.9,10,129,34,9,9849.6
sem+soc,0.9,0.9,10,130,34,9,9477.0
sem+soc,0.9,0.9,10,131,34,9,9862.4
sem+soc,0.9,0.9,10,132,34,9,10366.9
sem+soc,0.9,0.9,10,133,34,9,10633.3
sem+soc,0.9,0.9,10,134,34,9,11054.7
sem+soc,0.9,0.9,10,135,34,9,10449.0
sem+soc,0.9,0.9,10,136,34,9,10299.8
sem+soc,0.9,0.9,10,137,35,9,11054.3
sem+soc,0.9,0.9,10,138,35,9,10604.7
sem+soc,0.9,0.9,10,139,35,9,10650.0
sem+soc,0.9,0.9,10,140,35,9,11023.2
sem+soc,0.9,0.9,10,141,35,9,11657.1
sem+soc,0.9,0.9,10,142,35,9,11177.8
sem+soc,0.9,0.9,10,143,35,9,11163.4
sem+soc,0.9,0.9,10,144,36,9,10843.2
sem+soc,0.9,0.9,10,145,36,9,11080.3
sem+soc,0.9,0.9,10,146,37,9,11418.1
sem+soc,0.9,0.9,10,147,37,9,11643.8
sem+soc,0.9,0.9,10,148,37,9,11956.2
sem+soc,0.9,0.9,10,149,37,9,11600.0
sem+soc,0.9,0.9,10,150,38,9,12298.5
sem+soc,0.9,0.9,11,0,0,0,0.0
sem+soc,0.9,0.9,11,1,3,1,43.8
sem+soc,0.9,0.9,11,2,4,1,60.0
sem+soc,0.9,0.9,11,3,7,3,93.6
sem+soc,0.9,0.9,11,4,7,3,105.0
sem+soc,0.9,0.9,11,5,7,3,105.0
sem+soc,0.9,0.9,11,6,8,3,107.1
sem+soc,0.9,0.9,11,7,8,3,120.0
sem+soc,0.9,0.9,11,8,8,3,120.0
sem+soc,0.9,0.9,11,9,8,3,120.0
sem+soc,0.9,0.9,11,10,8,3,120.0
sem+soc,0.9,0.9,11,11,8,3,120.0
sem+soc,0.9,0.9,11,12,8,3,120.0
sem+soc,0.9,0.9,11,13,8,3,120.0
sem+soc,0.9,0.9,11,14,8,3,120.0
sem+soc,0.9,0.9,11,15,8,3,120.0
sem+soc,0.9,0.9,11,16,8,3,120.0
sem+soc,0.9,0.9,11,17,8,3,117.6
sem+soc,0.9,0.9,11,18,9,4,135.0
sem+soc,0.9,0.9,11,19,9,4,135.0
sem+soc,0.9,0.9,11,20,9,4,132.3
sem+soc,0.9,0.9,11,21,9,4,135.0
sem+soc,0.9,0.9,11,22,9,4,132.3
sem+soc,0.9,0.9,11,23,9,4,135.0
sem+soc,0.9,0.9,11,24,10,4,150.0
sem+soc,0.9,0.9,11,25,10,4,150.0
sem+soc,0.9,0.9,11,26,10,4,138.0
sem+soc,0.9,0.9,11,27,11,5,456.1
sem+soc,0.9,0.9,11,28,11,5,485.0
sem+soc,0.9,0.9,11,29,12,6,862.4
sem+soc,0.9,0.9,11,30,12,6,847.8
sem+soc,0.9,0.9,11,31,12,6,794.7
sem+soc,0.9,0.9,11,32,13,7,973.7
sem+soc,0.9,0.9,11,33,13,7,1191.7
sem+soc,0.9,0.9,11,34,13,7,1248.2
sem+soc,0.9,0.9,11,35,14,8,1717.0
sem+soc,0.9,0.9,11,36,14,8,1607.4
sem+soc,0.9,0.9,11,37,15,8,2021.6
sem+soc,0.9,0.9,11,38,16,8,2354.5
sem+soc,0.9,0.9,11,39,17,8,3028.5
sem+soc,0.9,0.9,11,40,18,8,3643.5
sem+soc,0.9,0.9,11,41,18,8,3737.5
sem+soc,0.9,0.9,11,42,18,8,3843.1
sem+soc,0.9,0.9,11,43,18,8,4036.5
sem+soc,0.9,0.9,11,44,19,8,4151.6
sem+soc,0.9,0.9,11,45,19,8,4685.0
sem+soc,0.9,0.9,11,46,20,8,4606.0
sem+soc,0.9,0.9,11,47,20,8,4514.1
sem+soc,0.9,0.9,11,48,20,8,4533.6
sem+soc,0.9,0.9,11,49,20,8,4660.3
sem+soc,0.9,0.9,11,50,21,8,4815.0
sem+soc,0.9,0.9,11,51,21,8,4718.7
sem+soc,0.9,0.9,11,52,22,8,4953.7
sem+soc,0.9,0.9,11,53,23,8,5827.5
sem+soc,0.9,0.9,11,54,24,8,5598.6
sem+soc,0.9,0.9,11,55,24,8,5538.3
sem+soc,0.9,0.9,11,56,24,8,5101.5
sem+soc,0.9,0.9,11,57,24,8,5346.3
sem+soc,0.9,0.9,11,58,24,8,5552.2
sem+soc,0.9,0.9,11,59,24,8,5652.1
sem+soc,0.9,0.9,11,60,24,8,5587.3
sem+soc,0.9,0.9,11,61,24,8,5410.5
sem+soc,0.9,0.9,11,62,24,8,5490.8
sem+soc,0.9,0.9,11,63,24,8,5720.2
sem+soc,0.9,0.9,11,64,24,8,5728.3
sem+soc,0.9,0.9,11,65,24,8,5655.8
sem+soc,0.9,0.9,11,66,24,8,5354.7
sem+soc,0.9,0.9,11,67,25,8,6020.2
sem+soc,0.9,0.9,11,68,25,8,6011.1
sem+soc,0.9,0.9,11,69,25,8,6154.1
sem+soc,0.9,0.9,11,70,25,8,5905.1
sem+soc,0.9,0.9,11,71,25,8,5863.3
sem+soc,0.9,0.9,11,72,25,8,6126.2
sem+soc,0.9,0.9,11,73,25,8,6280.4
sem+soc,0.9,0.9,11,74,25,8,6196.8
sem+soc,0.9,0.9,11,75,26,8,6483.8
sem+soc,0.9,0.9,11,76,26,8,6624.4
sem+soc,0.9,0.9,11,77,26,8,6515.0
sem+soc,0.9,0.9,11,78,27,8,7073.4
sem+soc,0.9,0.9,11,79,27,8,7242.0
sem+soc,0.9,0.9,11,80,27,8,7072.3
sem+soc,0.9,0.9,11,81,27,8,7207.1
sem+soc,0.9,0.9,11,82,27,8,6868.4
sem+soc,0.9,0.9,11,83,27,8,7019.9
sem+soc,0.9,0.9,11,84,27,8,7242.5
sem+soc,0.9,0.9,11,85,27,8,7376.1
sem+soc,0.9,0.9,11,86,27,8,7485.3
sem+soc,0.9,0.9,11,87,27,8,7386.3
sem+soc,0.9,0.9,11,88,27,8,7179.6
sem+soc,0.9,0.9,11,89,27,8,7234.3
sem+soc,0.9,0.9,11,90,27,8,7292.8
sem+soc,0.9,0.9,11,91,27,8,6998.1
sem+soc,0.9,0.9,11,92,28,8,7836.6
sem+soc,0.9,0.9,11,93,28,8,7660.8
sem+soc,0.9,0.9,11,94,28,8,7980.9
sem+soc,0.9,0.9,11,95,28,8,7652.9
sem+soc,0.9,0.9,11,96,28,8,7933.3
sem+soc,0.9,0.9,11,97,28,8,7992.7
sem+soc,0.9,0.9,11,98,28,8,7762.8
sem+soc,0.9,0.9,11,99,28,8,7394.8
sem+soc,0.9,0.9,11,100,28,8,7319.0
sem+soc,0.9,0.9,11,101,28,8,7466.3
sem+soc,0.9,0.9,11,102,29,8,7514.2
sem+soc,0.9,0.9,11,103,29,8,7602.1
sem+soc,0.9,0.9,11,104,32,9,8844.0
sem+soc,0.9,0.9,11,105,32,9,8968.1
sem+soc,0.9,0.9,11,106,32,9,9469.4
sem+soc,0.9,0.9,11,107,32,9,9538.0
sem+soc,0.9,0.9,11,108,32,9,9052.3
sem+soc,0.9,0.9,11,109,32,9,8921.7
sem+soc,0.9,0.9,11,110,32,9,9366.5
sem+soc,0.9,0.9,11,111,32,9,9431.2
sem+soc,0.9,0.9,11,112,32,9,9656.1
sem+soc,0.9,0.9,11,113,32,9,9962.1
sem+soc,0.9,0.9,11,114,32,9,9988.3
sem+soc,0.9,0.9,11,115,33,9,10038.9
sem+soc,0.9,0.9,11,116,33,9,9599.1
sem+soc,0.9,0.9,11,117,34,9,10168.6
sem+soc,0.9,0.9,11,118,34,9,10466.7
sem+soc,0.9,0.9,11,119,34,9,10559.8
sem+soc,0.9,0.9,11,120,34,9,10893.6
sem+soc,0.9,0.9,11,121,34,9,11038.1
sem+soc,0.9,0.9,11,122,34,9,10729.7
sem+soc,0.9,0.9,11,123,34,9,10836.9
sem+soc,0.9,0.9,11,124,35,9,11137.8
sem+soc,0.9,0.9,11,125,35,9,11675.1
sem+soc,0.9,0.9,11,126,35,9,12145.5
sem+soc,0.9,0.9,11,127,35,9,11956.6
sem+soc,0.9,0.9,11,128,35,9,12247.9
sem+soc,0.9,0.9,11,129,35,9,12450.3
sem+soc,0.9,0.9,11,130,35,9,12695.0
sem+soc,0.9,0.9,11,131,36,9,13034.0
sem+soc,0.9,0.9,11,132,36,9,12770.7
sem+soc,0.9,0.9,11,133,36,9,12559.1
sem+soc,0.9,0.9,11,134,36,9,12447.3
sem+soc,0.9,0.9,11,135,36,9,11672.5
sem+soc,0.9,0.9,11,136,36,9,10854.0
sem+soc,0.9,0.9,11,137,36,9,10899.3
sem+soc,0.9,0.9,11,138,36,9,10493.9
sem+soc,0.9,0.9,11,139,36,9,11189.4
sem+soc,0.9,0.9,11,140,36,9,12027.5
sem+soc,0.9,0.9,11,141,36,9,12072.8
sem+soc,0.9,0.9,11,142,36,9,11757.5
sem+soc,0.9,0.9,11,143,36,9,12098.3
sem+soc,0.9,0.9,11,144,36,9,11714.9
sem+soc,0.9,0.9,11,145,36,9,11347.4
sem+soc,0.9,0.9,11,146,36,9,11620.2
sem+soc,0.9,0.9,11,147,36,9,11602.5
sem+soc,0.9,0.9,11,148,36,9,11911.1
sem+soc,0.9,0.9,11,149,36,9,12180.8
sem+soc,0.9,0.9,11,150,36,9,12584.9
sem+soc,0.9,0.9,12,0,0,0,0.0
sem+soc,0.9,0.9,12,1,4,1,55.8
sem+soc,0.9,0.9,12,2,6,3,87.6
sem+soc,0.9,0.9,12,3,7,3,105.0
sem+soc,0.9,0.9,12,4,8,3,113.7
sem+soc,0.9,0.9,12,5,8,3,120.0
sem+soc,0.9,0.9,12,6,8,3,120.0
sem+soc,0.9,0.9,12,7,8,3,120.0
sem+soc,0.9,0.9,12,8,8,3,120.0
sem+soc,0.9,0.9,12,9,8,3,117.6
sem+soc,0.9,0.9,12,10,8,3,120.0
sem+soc,0.9,0.9,12,11,8,3,120.0
sem+soc,0.9,0.9,12,12,9,4,131.1
sem+soc,0.9,0.9,12,13,10,4,150.0
sem+soc,0.9,0.9,12,14,10,4,150.0
sem+soc,0.9,0.9,12,15,13,6,322.5
sem+soc,0.9,0.9,12,16,13,6,345.0
sem+soc,0.9,0.9,12,17,15,7,694.1
sem+soc,0.9,0.9,12,18,16,7,1066.3
sem+soc,0.9,0.9,12,19,16,7,1090.0
sem+soc,0.9,0.9,12,20,16,7,1090.0
sem+soc,0.9,0.9,12,21,16,7,1090.0
sem+soc,0.9,0.9,12,22,19,7,1969.0
sem+soc,0.9,0.9,12,23,19,7,2035.0
sem+soc,0.9,0.9,12,24,19,7,1994.3
sem+soc,0.9,0.9,12,25,20,7,2203.1
sem+soc,0.9,0.9,12,26,20,7,2201.1
sem+soc,0.9,0.9,12,27,20,7,2118.0
sem+soc,0.9,0.9,12,28,20,7,2133.5
sem+soc,0.9,0.9,12,29,20,7,2065.8
sem+soc,0.9,0.9,12,30,22,9,2286.5
sem+soc,0.9,0.9,12,31,22,9,2196.4
sem+soc,0.9,0.9,12,32,22,9,2057.7
sem+soc,0.9,0.9,12,33,22,9,1825.5
sem+soc,0.9,0.9,12,34,22,9,1951.3
sem+soc,0.9,0.9,12,35,22,9,2186.1
sem+soc,0.9,0.9,12,36,22,9,2112.0
sem+soc,0.9,0.9,12,37,22,9,2076.0
sem+soc,0.9,0.9,12,38,22,9,2171.1
sem+soc,0.9,0.9,12,39,22,9,2290.6
sem+soc,0.9,0.9,12,40,22,9,2270.4
sem+soc,0.9,0.9,12,41,22,9,2251.9
sem+soc,0.9,0.9,12,42,23,9,2657.0
sem+soc,0.9,0.9,12,43,23,9,2820.3
sem+soc,0.9,0.9,12,44,24,9,3412.7
sem+soc,0.9,0.9,12,45,24,9,3667.6
sem+soc,0.9,0.9,12,46,25,9,3979.8
sem+soc,0.9,0.9,12,47,25,9,4205.0
sem+soc,0.9,0.9,12,48,25,9,4120.9
sem+soc,0.9,0.9,12,49,25,9,4123.6
sem+soc,0.9,0.9,12,50,25,9,4174.1
sem+soc,0.9,0.9,12,51,25,9,4205.0
sem+soc,0.9,0.9,12,52,25,9,4205.0
sem+soc,0.9,0.9,12,53,25,9,4120.9
sem+soc,0.9,0.9,12,54,25,9,4123.6
sem+soc,0.9,0.9,12,55,25,9,4081.2
sem+soc,0.9,0.9,12,56,25,9,3955.4
sem+soc,0.9,0.9,12,57,25,9,4025.6
sem+soc,0.9,0.9,12,58,25,9,4129.5
sem+soc,0.9,0.9,12,59,25,9,4115.4
sem+soc,0.9,0.9,12,60,25,9,4123.3
sem+soc,0.9,0.9,12,61,25,9,4006.1
sem+soc,0.9,0.9,12,62,25,9,3957.8
sem+soc,0.9,0.9,12,63,25,9,3597.8
sem+soc,0.9,0.9,12,64,25,9,3753.4
sem+soc,0.9,0.9,12,65,25,9,3887.4
sem+soc,0.9,0.9,12,66,25,9,3872.6
sem+soc,0.9,0.9,12,67,25,9,3742.7
sem+soc,0.9,0.9,12,68,25,9,3649.2
sem+soc,0.9,0.9,12,69,25,9,3615.2
sem+soc,0.9,0.9,12,70,25,9,3591.4
sem+soc,0.9,0.9,12,71,27,9,4544.0
sem+soc,0.9,0.9,12,72,27,9,4631.9
sem+soc,0.9,0.9,12,73,27,9,4635.5
sem+soc,0.9,0.9,12,74,29,9,5866.1
sem+soc,0.9,0.9,12,75,29,9,5929.1
sem+soc,0.9,0.9,12,76,29,9,5933.9
sem+soc,0.9,0.9,12,77,29,9,5898.9
sem+soc,0.9,0.9,12,78,30,9,6830.0
sem+soc,0.9,0.9,12,79,30,9,7026.2
sem+soc,0.9,0.9,12,80,30,9,7289.7
sem+soc,0.9,0.9,12,81,30,9,7487.5
sem+soc,0.9,0.9,12,82,30,9,7437.8
sem+soc,0.9,0.9,12,83,30,9,7578.6
sem+soc,0.9,0.9,12,84,30,9,7317.3
sem+soc,0.9,0.9,12,85,30,9,7417.6
sem+soc,0.9,0.9,12,86,30,9,7532.3
sem+soc,0.9,0.9,12,87,30,9,7563.4
sem+soc,0.9,0.9,12,88,31,9,8130.4
sem+soc,0.9,0.9,12,89,31,9,8012.6
sem+soc,0.9,0.9,12,90,32,9,8510.1
sem+soc,0.9,0.9,12,91,32,9,8450.2
sem+soc,0.9,0.9,12,92,32,9,8236.0
sem+soc,0.9,0.9,12,93,32,9,8424.6
sem+soc,0.9,0.9,12,94,32,9,8680.8
sem+soc,0.9,0.9,12,95,32,9,8908.5
sem+soc,0.9,0.9,12,96,32,9,8990.0
sem+soc,0.9,0.9,12,97,32,9,8990.0
sem+soc,0.9,0.9,12,98,32,9,8810.2
sem+soc,0.9,0.9,12,99,32,9,7557.3
sem+soc,0.9,0.9,12,100,33,9,8063.7
sem+soc,0.9,0.9,12,101,34,9,7916.8
sem+soc,0.9,0.9,12,102,34,9,8031.6
sem+soc,0.9,0.9,12,103,34,9,8655.9
sem+soc,0.9,0.9,12,104,34,9,8973.4
sem+soc,0.9,0.9,12,105,34,9,9498.2
sem+soc,0.9,0.9,12,106,34,9,9781.9
sem+soc,0.9,0.9,12,107,34,9,9939.6
sem+soc,0.9,0.9,12,108,34,9,9815.0
sem+soc,0.9,0.9,12,109,34,9,9611.1
sem+soc,0.9,0.9,12,110,34,9,8628.4
sem+soc,0.9,0.9,12,111,34,9,8726.4
sem+soc,0.9,0.9,12,112,34,9,8712.1
sem+soc,0.9,0.9,12,113,34,9,9153.2
sem+soc,0.9,0.9,12,114,34,9,9815.1
sem+soc,0.9,0.9,12,115,34,9,10004.6
sem+soc,0.9,0.9,12,116,34,9,10374.4
sem+soc,0.9,0.9,12,117,35,9,11181.3
sem+soc,0.9,0.9,12,118,35,9,11100.3
sem+soc,0.9,0.9,12,119,35,9,11189.4
sem+soc,0.9,0.9,12,120,35,9,10756.2
sem+soc,0.9,0.9,12,121,35,9,10593.9
sem+soc,0.9,0.9,12,122,35,9,10798.8
sem+soc,0.9,0.9,12,123,35,9,10572.0
sem+soc,0.9,0.9,12,124,35,9,10639.0
sem+soc,0.9,0.9,12,125,36,9,11802.5
sem+soc,0.9,0.9,12,126,36,9,11542.3
sem+soc,0.9,0.9,12,127,36,9,11601.2
sem+soc,0.9,0.9,12,128,36,9,11767.9
sem+soc,0.9,0.9,12,129,36,9,11697.6
sem+soc,0.9,0.9,12,130,36,9,11788.5
sem+soc,0.9,0.9,12,131,36,9,11742.4
sem+soc,0.9,0.9,12,132,36,9,11898.3
sem+soc,0.9,0.9,12,133,36,9,11450.3
sem+soc,0.9,0.9,12,134,36,9,11628.6
sem+soc,0.9,0.9,12,135,36,9,11423.2
sem+soc,0.9,0.9,12,136,36,9,11144.2
sem+soc,0.9,0.9,12,137,36,9,10047.0
sem+soc,0.9,0.9,12,138,36,9,9633.2
sem+soc,0.9,0.9,12,139,37,9,10223.3
sem+soc,0.9,0.9,12,140,37,9,10412.0
sem+soc,0.9,0.9,12,141,37,9,10852.3
sem+soc,0.9,0.9,12,142,37,9,11228.2
sem+soc,0.9,0.9,12,143,38,9,12343.3
sem+soc,0.9,0.9,12,144,38,9,13037.3
sem+soc,0.9,0.9,12,145,38,9,13007.6
sem+soc,0.9,0.9,12,146,38,9,12632.3
sem+soc,0.9,0.9,12,147,38,9,12518.8
sem+soc,0.9,0.9,12,148,38,9,12656.6
sem+soc,0.9,0.9,12,149,38,9,13270.8
sem+soc,0.9,0.9,12,150,38,9,13913.2
sem+soc,0.9,0.9,13,0,0,0,0.0
sem+soc,0.9,0.9,13,1,3,1,42.9
sem+soc,0.9,0.9,13,2,5,2,60.3
sem+soc,0.9,0.9,13,3,7,4,93.9
sem+soc,0.9,0.9,13,4,7,4,105.0
sem+soc,0.9,0.9,13,5,8,4,120.0
sem+soc,0.9,0.9,13,6,8,4,120.0
sem+soc,0.9,0.9,13,7,8,4,120.0
sem+soc,0.9,0.9,13,8,12,7,811.3
sem+soc,0.9,0.9,13,9,13,7,1126.5
sem+soc,0.9,0.9,13,10,13,7,1245.0
sem+soc,0.9,0.9,13,11,14,7,1301.1
sem+soc,0.9,0.9,13,12,14,7,1410.0
sem+soc,0.9,0.9,13,13,15,7,1425.0
sem+soc,0.9,0.9,13,14,15,7,1425.0
sem+soc,0.9,0.9,13,15,16,7,1435.8
sem+soc,0.9,0.9,13,16,16,7,1440.0
sem+soc,0.9,0.9,13,17,16,7,1411.2
sem+soc,0.9,0.9,13,18,16,7,1415.2
sem+soc,0.9,0.9,13,19,16,7,1440.0
sem+soc,0.9,0.9,13,20,17,7,1453.2
sem+soc,0.9,0.9,13,21,18,7,1969.8
sem+soc,0.9,0.9,13,22,18,7,1971.9
sem+soc,0.9,0.9,13,23,19,7,1964.9
sem+soc,0.9,0.9,13,24,19,7,1986.9
sem+soc,0.9,0.9,13,25,19,7,2021.4
sem+soc,0.9,0.9,13,26,19,7,2025.0
sem+soc,0.9,0.9,13,27,19,7,1944.0
sem+soc,0.9,0.9,13,28,19,7,1746.6
sem+soc,0.9,0.9,13,29,19,7,1744.0
sem+soc,0.9,0.9,13,30,19,7,1727.6
sem+soc,0.9,0.9,13,31,20,7,2158.1
sem+soc,0.9,0.9,13,32,21,7,2484.3
sem+soc,0.9,0.9,13,33,22,8,3047.8
sem+soc,0.9,0.9,13,34,22,8,2777.8
sem+soc,0.9,0.9,13,35,22,8,2766.5
sem+soc,0.9,0.9,13,36,22,8,2562.2
sem+soc,0.9,0.9,13,37,22,8,2491.3
sem+soc,0.9,0.9,13,38,22,8,2764.4
sem+soc,0.9,0.9,13,39,22,8,3180.4
sem+soc,0.9,0.9,13,40,22,8,3326.7
sem+soc,0.9,0.9,13,41,22,8,3158.3
sem+soc,0.9,0.9,13,42,22,8,3151.0
sem+soc,0.9,0.9,13,43,22,8,3303.9
sem+soc,0.9,0.9,13,44,22,8,3404.4
sem+soc,0.9,0.9,13,45,22,8,3430.0
sem+soc,0.9,0.9,13,46,23,8,3671.3
sem+soc,0.9,0.9,13,47,23,8,4065.0
sem+soc,0.9,0.9,13,48,23,8,3983.7
sem+soc,0.9,0.9,13,49,24,8,4575.0
sem+soc,0.9,0.9,13,50,24,8,4617.8
sem+soc,0.9,0.9,13,51,24,8,4650.0
sem+soc,0.9,0.9,13,52,25,8,5257.7
sem+soc,0.9,0.9,13,53,25,8,5260.1
sem+soc,0.9,0.9,13,54,25,8,5187.6
sem+soc,0.9,0.9,13,55,25,8,5153.4
sem+soc,0.9,0.9,13,56,25,8,5126.0
sem+soc,0.9,0.9,13,57,25,8,5082.9
sem+soc,0.9,0.9,13,58,25,8,5003.8
sem+soc,0.9,0.9,13,59,25,8,5009.2
sem+soc,0.9,0.9,13,60,25,8,4960.8
sem+soc,0.9,0.9,13,61,25,8,4877.9
sem+soc,0.9,0.9,13,62,25,8,4807.0
sem+soc,0.9,0.9,13,63,25,8,4713.4
sem+soc,0.9,0.9,13,64,25,8,4944.8
sem+soc,0.9,0.9,13,65,25,8,4808.2
sem+soc,0.9,0.9,13,66,25,8,4840.0
sem+soc,0.9,0.9,13,67,25,8,4598.5
sem+soc,0.9,0.9,13,68,25,8,4437.8
sem+soc,0.9,0.9,13,69,26,8,4463.1
sem+soc,0.9,0.9,13,70,26,8,4841.4
sem+soc,0.9,0.9,13,71,26,8,5343.5
sem+soc,0.9,0.9,13,72,26,8,5399.8
sem+soc,0.9,0.9,13,73,26,8,5161.3
sem+soc,0.9,0.9,13,74,26,8,5384.6
sem+soc,0.9,0.9,13,75,26,8,5485.4
sem+soc,0.9,0.9,13,76,26,8,5688.9
sem+soc,0.9,0.9,13,77,26,8,5547.1
sem+soc,0.9,0.9,13,78,26,8,5749.7
sem+soc,0.9,0.9,13,79,26,8,5894.1
sem+soc,0.9,0.9,13,80,26,8,5896.7
sem+soc,0.9,0.9,13,81,26,8,5790.6
sem+soc,0.9,0.9,13,82,27,8,6595.1
sem+soc,0.9,0.9,13,83,27,8,6746.2
sem+soc,0.9,0.9,13,84,27,8,6708.1
sem+soc,0.9,0.9,13,85,27,8,6436.7
sem+soc,0.9,0.9,13,86,27,8,6511.6
sem+soc,0.9,0.9,13,87,27,8,6504.7
sem+soc,0.9,0.9,13,88,27,8,6683.8
sem+soc,0.9,0.9,13,89,27,8,6652.3
sem+soc,0.9,0.9,13,90,27,8,6574.2
sem+soc,0.9,0.9,13,91,27,8,6334.0
sem+soc,0.9,0.9,13,92,27,8,6229.2
sem+soc,0.9,0.9,13,93,27,8,6188.0
sem+soc,0.9,0.9,13,94,27,8,5783.3
sem+soc,0.9,0.9,13,95,27,8,5972.3
sem+soc,0.9,0.9,13,96,27,8,6080.2
sem+soc,0.9,0.9,13,97,27,8,6131.0
sem+soc,0.9,0.9,13,98,27,8,6122.9
sem+soc,0.9,0.9,13,99,27,8,6303.0
sem+soc,0.9,0.9,13,100,27,8,6336.1
sem+soc,0.9,0.9,13,101,27,8,6379.4
sem+soc,0.9,0.9,13,102,27,8,6326.1
sem+soc,0.9,0.9,13,103,27,8,5918.9
sem+soc,0.9,0.9,13,104,27,8,5595.7
sem+soc,0.9,0.9,13,105,27,8,5796.5
sem+soc,0.9,0.9,13,106,27,8,6150.8
sem+soc,0.9,0.9,13,107,27,8,6587.3
sem+soc,0.9,0.9,13,108,27,8,6783.8
sem+soc,0.9,0.9,13,109,27,8,6571.2
sem+soc,0.9,0.9,13,110,27,8,6172.6
sem+soc,0.9,0.9,13,111,27,8,6123.6
sem+soc,0.9,0.9,13,112,27,8,5946.1
sem+soc,0.9,0.9,13,113,27,8,6166.7
sem+soc,0.9,0.9,13,114,27,8,6274.8
sem+soc,0.9,0.9,13,115,27,8,6463.0
sem+soc,0.9,0.9,13,116,27,8,6470.3
sem+soc,0.9,0.9,13,117,27,8,6325.5
sem+soc,0.9,0.9,13,118,27,8,6492.1
sem+soc,0.9,0.9,13,119,27,8,6361.9
sem+soc,0.9,0.9,13,120,27,8,6550.6
sem+soc,0.9,0.9,13,121,27,8,6228.0
sem+soc,0.9,0.9,13,122,27,8,6442.4
sem+soc,0.9,0.9,13,123,28,8,6584.5
sem+soc,0.9,0.9,13,124,28,8,6679.6
sem+soc,0.9,0.9,13,125,28,8,6451.1
sem+soc,0.9,0.9,13,126,28,8,6198.9
sem+soc,0.9,0.9,13,127,28,8,6354.5
sem+soc,0.9,0.9,13,128,28,8,6325.3
sem+soc,0.9,0.9,13,129,28,8,6384.6
sem+soc,0.9,0.9,13,130,28,8,6117.8
sem+soc,0.9,0.9,13,131,28,8,6183.5
sem+soc,0.9,0.9,13,132,28,8,6162.4
sem+soc,0.9,0.9,13,133,28,8,5891.9
sem+soc,0.9,0.9,13,134,28,8,5962.5
sem+soc,0.9,0.9,13,135,28,8,6034.5
sem+soc,0.9,0.9,13,136,28,8,6305.1
sem+soc,0.9,0.9,13,137,28,8,6236.0
sem+soc,0.9,0.9,13,138,28,8,6298.5
sem+soc,0.9,0.9,13,139,28,8,5941.0
sem+soc,0.9,0.9,13,140,28,8,6061.5
sem+soc,0.9,0.9,13,141,28,8,6309.4
sem+soc,0.9,0.9,13,142,28,8,6329.1
sem+soc,0.9,0.9,13,143,28,8,6015.7
sem+soc,0.9,0.9,13,144,28,8,6210.1
sem+soc,0.9,0.9,13,145,28,8,6567.8
sem+soc,0.9,0.9,13,146,28,8,6722.8
sem+soc,0.9,0.9,13,147,28,8,6725.8
sem+soc,0.9,0.9,13,148,28,8,6477.8
sem+soc,0.9,0.9,13,149,28,8,6454.5
sem+soc,0.9,0.9,13,150,28,8,6396.1
sem+soc,0.9,0.9,14,0,0,0,0.0
sem+soc,0.9,0.9,14,1,4,1,53.7
sem+soc,0.9,0.9,14,2,4,1,60.0
sem+soc,0.9,0.9,14,3,5,2,63.0
sem+soc,0.9,0.9,14,4,5,2,75.0
sem+soc,0.9,0.9,14,5,5,2,75.0
sem+soc,0.9,0.9,14,6,5,2,75.0
sem+soc,0.9,0.9,14,7,6,3,90.0
sem+soc,0.9,0.9,14,8,8,3,120.0
sem+soc,0.9,0.9,14,9,8,3,120.0
sem+soc,0.9,0.9,14,10,9,4,134.1
sem+soc,0.9,0.9,14,11,9,4,135.0
sem+soc,0.9,0.9,14,12,10,4,150.0
sem+soc,0.9,0.9,14,13,10,4,150.0
sem+soc,0.9,0.9,14,14,11,5,215.0
sem+soc,0.9,0.9,14,15,13,6,331.2
sem+soc,0.9,0.9,14,16,14,7,570.0
sem+soc,0.9,0.9,14,17,14,7,570.0
sem+soc,0.9,0.9,14,18,14,7,558.6
sem+soc,0.9,0.9,14,19,14,7,560.7
sem+soc,0.9,0.9,14,20,14,7,570.0
sem+soc,0.9,0.9,14,21,15,7,715.2
sem+soc,0.9,0.9,14,22,16,7,1070.0
sem+soc,0.9,0.9,14,23,16,7,1070.0
sem+soc,0.9,0.9,14,24,16,7,1070.0
sem+soc,0.9,0.9,14,25,17,7,1390.6
sem+soc,0.9,0.9,14,26,18,7,1364.4
sem+soc,0.9,0.9,14,27,18,7,1367.0
sem+soc,0.9,0.9,14,28,18,7,1337.1
sem+soc,0.9,0.9,14,29,19,7,1755.0
sem+soc,0.9,0.9,14,30,19,7,1915.8
sem+soc,0.9,0.9,14,31,19,7,1953.8
sem+soc,0.9,0.9,14,32,19,7,1857.0
sem+soc,0.9,0.9,14,33,19,7,1738.2
sem+soc,0.9,0.9,14,34,19,7,1714.8
sem+soc,0.9,0.9,14,35,19,7,1758.4
sem+soc,0.9,0.9,14,36,21,8,2598.4
sem+soc,0.9,0.9,14,37,22,8,3125.5
sem+soc,0.9,0.9,14,38,22,8,2967.9
sem+soc,0.9,0.9,14,39,22,8,3008.4
sem+soc,0.9,0.9,14,40,22,8,3011.2
sem+soc,0.9,0.9,14,41,22,8,3150.4
sem+soc,0.9,0.9,14,42,23,8,3938.8
sem+soc,0.9,0.9,14,43,23,8,4216.7
sem+soc,0.9,0.9,14,44,23,8,4339.2
sem+soc,0.9,0.9,14,45,23,8,4385.6
sem+soc,0.9,0.9,14,46,23,8,4336.5
sem+soc,0.9,0.9,14,47,23,8,4338.9
sem+soc,0.9,0.9,14,48,23,8,4358.3
sem+soc,0.9,0.9,14,49,23,8,4425.0
sem+soc,0.9,0.9,14,50,23,8,4248.0
sem+soc,0.9,0.9,14,51,23,8,4254.1
sem+soc,0.9,0.9,14,52,23,8,4339.6
sem+soc,0.9,0.9,14,53,23,8,4425.0
sem+soc,0.9,0.9,14,54,23,8,4425.0
sem+soc,0.9,0.9,14,55,23,8,4336.5
sem+soc,0.9,0.9,14,56,23,8,4168.9
sem+soc,0.9,0.9,14,57,23,8,4217.8
sem+soc,0.9,0.9,14,58,24,8,4690.0
sem+soc,0.9,0.9,14,59,25,8,5195.7
sem+soc,0.9,0.9,14,60,25,8,5168.8
sem+soc,0.9,0.9,14,61,26,8,5907.4
sem+soc,0.9,0.9,14,62,26,8,5804.9
sem+soc,0.9,0.9,14,63,26,8,5078.3
sem+soc,0.9,0.9,14,64,27,8,5740.2
sem+soc,0.9,0.9,14,65,27,8,5930.2
sem+soc,0.9,0.9,14,66,28,8,6201.6
sem+soc,0.9,0.9,14,67,28,8,6682.3
sem+soc,0.9,0.9,14,68,28,8,6525.8
sem+soc,0.9,0.9,14,69,28,8,6905.5
sem+soc,0.9,0.9,14,70,28,8,6968.9
sem+soc,0.9,0.9,14,71,28,8,7149.1
sem+soc,0.9,0.9,14,72,28,8,6641.4
sem+soc,0.9,0.9,14,73,28,8,6254.9
sem+soc,0.9,0.9,14,74,28,8,6524.4
sem+soc,0.9,0.9,14,75,28,8,6534.4
sem+soc,0.9,0.9,14,76,28,8,6558.2
sem+soc,0.9,0.9,14,77,28,8,6525.9
sem+soc,0.9,0.9,14,78,28,8,6480.3
sem+soc,0.9,0.9,14,79,29,8,7496.7
sem+soc,0.9,0.9,14,80,29,8,7905.9
sem+soc,0.9,0.9,14,81,29,8,8193.4
sem+soc,0.9,0.9,14,82,29,8,8265.0
sem+soc,0.9,0.9,14,83,30,8,8280.0
sem+soc,0.9,0.9,14,84,30,8,8114.4
sem+soc,0.9,0.9,14,85,30,8,7785.9
sem+soc,0.9,0.9,14,86,30,8,7844.0
sem+soc,0.9,0.9,14,87,30,8,7955.9
sem+soc,0.9,0.9,14,88,30,8,8182.1
sem+soc,0.9,0.9,14,89,30,8,8114.4
sem+soc,0.9,0.9,14,90,30,8,8117.1
sem+soc,0.9,0.9,14,91,30,8,7843.2
sem+soc,0.9,0.9,14,92,30,8,7575.1
sem+soc,0.9,0.9,14,93,31,8,7775.7
sem+soc,0.9,0.9,14,94,31,8,7861.1
sem+soc,0.9,0.9,14,95,31,8,7969.2
sem+soc,0.9,0.9,14,96,31,8,8160.2
sem+soc,0.9,0.9,14,97,31,8,8518.0
sem+soc,0.9,0.9,14,98,31,8,8333.5
sem+soc,0.9,0.9,14,99,31,8,7553.7
sem+soc,0.9,0.9,14,100,31,8,7701.9
sem+soc,0.9,0.9,14,101,31,8,7728.9
sem+soc,0.9,0.9,14,102,31,8,7804.8
sem+soc,0.9,0.9,14,103,31,8,7330.1
sem+soc,0.9,0.9,14,104,31,8,7462.3
sem+soc,0.9,0.9,14,105,31,8,7114.5
sem+soc,0.9,0.9,14,106,31,8,7492.0
sem+soc,0.9,0.9,14,107,31,8,7415.2
sem+soc,0.9,0.9,14,108,31,8,7818.4
sem+soc,0.9,0.9,14,109,31,8,7894.5
sem+soc,0.9,0.9,14,110,31,8,7348.7
sem+soc,0.9,0.9,14,111,31,8,7693.1
sem+soc,0.9,0.9,14,112,31,8,8229.2
sem+soc,0.9,0.9,14,113,31,8,8501.6
sem+soc,0.9,0.9,14,114,31,8,8513.1
sem+soc,0.9,0.9,14,115,31,8,8579.1
sem+soc,0.9,0.9,14,116,31,8,8645.7
sem+soc,0.9,0.9,14,117,32,8,9036.0
sem+soc,0.9,0.9,14,118,32,8,9210.4
sem+soc,0.9,0.9,14,119,32,8,9249.2
sem+soc,0.9,0.9,14,120,32,8,9197.2
sem+soc,0.9,0.9,14,121,32,8,9141.9
sem+soc,0.9,0.9,14,122,32,8,9230.5
sem+soc,0.9,0.9,14,123,32,8,9161.3
sem+soc,0.9,0.9,14,124,32,8,8924.4
sem+soc,0.9,0.9,14,125,32,8,9090.5
sem+soc,0.9,0.9,14,126,32,8,9129.1
sem+soc,0.9,0.9,14,127,32,8,8947.0
sem+soc,0.9,0.9,14,128,32,8,9045.4
sem+soc,0.9,0.9,14,129,32,8,9043.3
sem+soc,0.9,0.9,14,130,32,8,9268.7
sem+soc,0.9,0.9,14,131,32,8,8702.7
sem+soc,0.9,0.9,14,132,32,8,8580.7
sem+soc,0.9,0.9,14,133,32,8,8400.1
sem+soc,0.9,0.9,14,134,32,8,8654.2
sem+soc,0.9,0.9,14,135,32,8,8458.1
sem+soc,0.9,0.9,14,136,32,8,8235.9
sem+soc,0.9,0.9,14,137,32,8,7906.2
sem+soc,0.9,0.9,14,138,32,8,8011.0
sem+soc,0.9,0.9,14,139,32,8,8313.3
sem+soc,0.9,0.9,14,140,32,8,8242.8
sem+soc,0.9,0.9,14,141,32,8,8428.4
sem+soc,0.9,0.9,14,142,32,8,7876.9
sem+soc,0.9,0.9,14,143,32,8,7884.6
sem+soc,0.9,0.9,14,144,32,8,7922.7
sem+soc,0.9,0.9,14,145,32,8,8444.4
sem+soc,0.9,0.9,14,146,32,8,8803.3
sem+soc,0.9,0.9,14,147,32,8,8953.0
sem+soc,0.9,0.9,14,148,32,8,8980.9
sem+soc,0.9,0.9,14,149,32,8,9217.7
sem+soc,0.9,0.9,14,150,32,8,9393.6
sem+soc,0.9,0.9,15,0,0,0,0.0
sem+soc,0.9,0.9,15,1,3,1,45.0
sem+soc,0.9,0.9,15,2,3,1,45.0
sem+soc,0.9,0.9,15,3,7,3,99.9
sem+soc,0.9,0.9,15,4,8,3,106.5
sem+soc,0.9,0.9,15,5,8,3,120.0
sem+soc,0.9,0.9,15,6,8,3,120.0
sem+soc,0.9,0.9,15,7,8,3,120.0
sem+soc,0.9,0.9,15,8,8,3,120.0
sem+soc,0.9,0.9,15,9,9,4,135.0
sem+soc,0.9,0.9,15,10,9,4,135.0
sem+soc,0.9,0.9,15,11,10,4,150.0
sem+soc,0.9,0.9,15,12,10,4,147.0
sem+soc,0.9,0.9,15,13,10,4,150.0
sem+soc,0.9,0.9,15,14,11,5,215.0
sem+soc,0.9,0.9,15,15,12,5,550.0
sem+soc,0.9,0.9,15,16,13,6,665.0
sem+soc,0.9,0.9,15,17,13,6,665.0
sem+soc,0.9,0.9,15,18,13,6,665.0
sem+soc,0.9,0.9,15,19,14,7,867.5
sem+soc,0.9,0.9,15,20,14,7,890.0
sem+soc,0.9,0.9,15,21,15,7,891.5
sem+soc,0.9,0.9,15,22,15,7,868.8
sem+soc,0.9,0.9,15,23,15,7,873.9
sem+soc,0.9,0.9,15,24,16,7,1113.0
sem+soc,0.9,0.9,15,25,16,7,1097.6
sem+soc,0.9,0.9,15,26,16,7,1100.3
sem+soc,0.9,0.9,15,27,16,7,1097.6
sem+soc,0.9,0.9,15,28,16,7,1063.2
sem+soc,0.9,0.9,15,29,16,7,1065.9
sem+soc,0.9,0.9,15,30,17,7,1177.4
sem+soc,0.9,0.9,15,31,17,7,1216.0
sem+soc,0.9,0.9,15,32,17,7,1153.2
sem+soc,0.9,0.9,15,33,17,7,1066.9
sem+soc,0.9,0.9,15,34,17,7,1163.1
sem+soc,0.9,0.9,15,35,18,7,1495.5
sem+soc,0.9,0.9,15,36,18,7,1332.5
sem+soc,0.9,0.9,15,37,18,7,1212.2
sem+soc,0.9,0.9,15,38,18,7,1395.8
sem+soc,0.9,0.9,15,39,18,7,1535.6
sem+soc,0.9,0.9,15,40,18,7,1467.5
sem+soc,0.9,0.9,15,41,18,7,1558.3
sem+soc,0.9,0.9,15,42,18,7,1612.8
sem+soc,0.9,0.9,15,43,19,7,1598.4
sem+soc,0.9,0.9,15,44,20,7,2052.5
sem+soc,0.9,0.9,15,45,21,7,2600.7
sem+soc,0.9,0.9,15,46,21,7,2654.8
sem+soc,0.9,0.9,15,47,21,7,2621.5
sem+soc,0.9,0.9,15,48,22,8,3089.7
sem+soc,0.9,0.9,15,49,22,8,3323.4
sem+soc,0.9,0.9,15,50,22,8,3360.0
sem+soc,0.9,0.9,15,51,23,8,4120.5
sem+soc,0.9,0.9,15,52,23,8,4205.0
sem+soc,0.9,0.9,15,53,23,8,4205.0
sem+soc,0.9,0.9,15,54,23,8,4205.0
sem+soc,0.9,0.9,15,55,24,8,4694.2
sem+soc,0.9,0.9,15,56,24,8,4409.2
sem+soc,0.9,0.9,15,57,25,8,4265.7
sem+soc,0.9,0.9,15,58,25,8,4400.3
sem+soc,0.9,0.9,15,59,26,8,4915.7
sem+soc,0.9,0.9,15,60,26,8,5233.4
sem+soc,0.9,0.9,15,61,26,8,5303.8
sem+soc,0.9,0.9,15,62,26,8,5148.4
sem+soc,0.9,0.9,15,63,26,8,5093.3
sem+soc,0.9,0.9,15,64,26,8,5181.2
sem+soc,0.9,0.9,15,65,27,9,6422.3
sem+soc,0.9,0.9,15,66,27,9,6330.9
sem+soc,0.9,0.9,15,67,29,9,6747.4
sem+soc,0.9,0.9,15,68,29,9,6242.2
sem+soc,0.9,0.9,15,69,29,9,5803.6
sem+soc,0.9,0.9,15,70,29,9,6340.6
sem+soc,0.9,0.9,15,71,29,9,6405.2
sem+soc,0.9,0.9,15,72,29,9,6299.1
sem+soc,0.9,0.9,15,73,29,9,6412.0
sem+soc,0.9,0.9,15,74,29,9,6550.8
sem+soc,0.9,0.9,15,75,29,9,6869.3
sem+soc,0.9,0.9,15,76,29,9,7140.1
sem+soc,0.9,0.9,15,77,29,9,6927.9
sem+soc,0.9,0.9,15,78,30,9,7698.5
sem+soc,0.9,0.9,15,79,30,9,7813.1
sem+soc,0.9,0.9,15,80,30,9,8177.1
sem+soc,0.9,0.9,15,81,30,9,8382.4
sem+soc,0.9,0.9,15,82,30,9,8295.6
sem+soc,0.9,0.9,15,83,30,9,8021.2
sem+soc,0.9,0.9,15,84,31,9,8702.2
sem+soc,0.9,0.9,15,85,31,9,8855.3
sem+soc,0.9,0.9,15,86,32,9,9486.5
sem+soc,0.9,0.9,15,87,33,9,9691.5
sem+soc,0.9,0.9,15,88,34,9,10579.8
sem+soc,0.9,0.9,15,89,34,9,10800.0
sem+soc,0.9,0.9,15,90,34,9,10446.2
sem+soc,0.9,0.9,15,91,34,9,10607.6
sem+soc,0.9,0.9,15,92,34,9,10764.6
sem+soc,0.9,0.9,15,93,34,9,10778.6
sem+soc,0.9,0.9,15,94,34,9,10708.0
sem+soc,0.9,0.9,15,95,34,9,10076.7
sem+soc,0.9,0.9,15,96,34,9,9537.1
sem+soc,0.9,0.9,15,97,34,9,9622.1
sem+soc,0.9,0.9,15,98,34,9,9945.3
sem+soc,0.9,0.9,15,99,34,9,10269.2
sem+soc,0.9,0.9,15,100,34,9,9797.8
sem+soc,0.9,0.9,15,101,34,9,9439.4
sem+soc,0.9,0.9,15,102,35,9,9705.7
sem+soc,0.9,0.9,15,103,35,9,10236.6
sem+soc,0.9,0.9,15,104,36,9,10261.1
sem+soc,0.9,0.9,15,105,36,9,10799.3
sem+soc,0.9,0.9,15,106,37,9,11321.2
sem+soc,0.9,0.9,15,107,37,9,11723.8
sem+soc,0.9,0.9,15,108,37,9,12016.5
sem+soc,0.9,0.9,15,109,37,9,12551.0
sem+soc,0.9,0.9,15,110,37,9,12731.3
sem+soc,0.9,0.9,15,111,37,9,12486.0
sem+soc,0.9,0.9,15,112,37,9,12648.1
sem+soc,0.9,0.9,15,113,37,9,12854.8
sem+soc,0.9,0.9,15,114,37,9,13386.0
sem+soc,0.9,0.9,15,115,37,9,13624.9
sem+soc,0.9,0.9,15,116,37,9,13841.1
sem+soc,0.9,0.9,15,117,38,9,14129.1
sem+soc,0.9,0.9,15,118,38,9,14126.4
sem+soc,0.9,0.9,15,119,39,9,15174.4
sem+soc,0.9,0.9,15,120,39,9,15316.8
sem+soc,0.9,0.9,15,121,40,9,15895.5
sem+soc,0.9,0.9,15,122,41,9,15469.5
sem+soc,0.9,0.9,15,123,41,9,15027.8
sem+soc,0.9,0.9,15,124,41,9,15469.0
sem+soc,0.9,0.9,15,125,41,9,15650.3
sem+soc,0.9,0.9,15,126,41,9,15901.0
sem+soc,0.9,0.9,15,127,41,9,15767.7
sem+soc,0.9,0.9,15,128,41,9,15673.3
sem+soc,0.9,0.9,15,129,41,9,15656.1
sem+soc,0.9,0.9,15,130,41,9,15421.7
sem+soc,0.9,0.9,15,131,41,9,15545.6
sem+soc,0.9,0.9,15,132,41,9,14944.6
sem+soc,0.9,0.9,15,133,41,9,14602.1
sem+soc,0.9,0.9,15,134,41,9,14466.1
sem+soc,0.9,0.9,15,135,41,9,14828.7
sem+soc,0.9,0.9,15,136,41,9,14603.7
sem+soc,0.9,0.9,15,137,41,9,14996.3
sem+soc,0.9,0.9,15,138,41,9,15229.0
sem+soc,0.9,0.9,15,139,41,9,14147.7
sem+soc,0.9,0.9,15,140,41,9,14090.2
sem+soc,0.9,0.9,15,141,41,9,14529.1
sem+soc,0.9,0.9,15,142,41,9,14599.9
sem+soc,0.9,0.9,15,143,41,9,15088.3
sem+soc,0.9,0.9,15,144,41,9,15199.2
sem+soc,0.9,0.9,15,145,41,9,15084.0
sem+soc,0.9,0.9,15,146,41,9,14842.1
sem+soc,0.9,0.9,15,147,41,9,15385.1
sem+soc,0.9,0.9,15,148,41,9,15592.4
sem+soc,0.9,0.9,15,149,41,9,16250.7
sem+soc,0.9,0.9,15,150,41,9,16720.3
